                                      1 ;--------------------------------------------------------
                                      2 ; File Created by SDCC : free open source ISO C Compiler 
                                      3 ; Version 4.2.2 #13407 (MINGW32)
                                      4 ;--------------------------------------------------------
                                      5 	.module ds18b20_port
                                      6 	.optsdcc -mmcs51 --model-large
                                      7 	
                                      8 ;--------------------------------------------------------
                                      9 ; Public variables in this module
                                     10 ;--------------------------------------------------------
                                     11 	.globl _delayMicroseconds
                                     12 	.globl _delay
                                     13 	.globl _digitalRead
                                     14 	.globl _digitalWrite
                                     15 	.globl _pinMode
                                     16 	.globl _UIF_BUS_RST
                                     17 	.globl _UIF_DETECT
                                     18 	.globl _UIF_TRANSFER
                                     19 	.globl _UIF_SUSPEND
                                     20 	.globl _UIF_HST_SOF
                                     21 	.globl _UIF_FIFO_OV
                                     22 	.globl _U_SIE_FREE
                                     23 	.globl _U_TOG_OK
                                     24 	.globl _U_IS_NAK
                                     25 	.globl _S0_R_FIFO0
                                     26 	.globl _S0_R_FIFO1
                                     27 	.globl _S0_T_FIFO
                                     28 	.globl _S0_FREE
                                     29 	.globl _S0_IF_BYTE
                                     30 	.globl _S0_IF_FIRST
                                     31 	.globl _S0_IF_OV
                                     32 	.globl _S0_FST_ACT
                                     33 	.globl _CP_RL2
                                     34 	.globl _C_T2
                                     35 	.globl _TR2
                                     36 	.globl _EXEN2
                                     37 	.globl _TCLK
                                     38 	.globl _RCLK
                                     39 	.globl _EXF2
                                     40 	.globl _CAP1F
                                     41 	.globl _TF2
                                     42 	.globl _RI
                                     43 	.globl _TI
                                     44 	.globl _RB8
                                     45 	.globl _TB8
                                     46 	.globl _REN
                                     47 	.globl _SM2
                                     48 	.globl _SM1
                                     49 	.globl _SM0
                                     50 	.globl _IT0
                                     51 	.globl _IE0
                                     52 	.globl _IT1
                                     53 	.globl _IE1
                                     54 	.globl _TR0
                                     55 	.globl _TF0
                                     56 	.globl _TR1
                                     57 	.globl _TF1
                                     58 	.globl _P4_OUT_0
                                     59 	.globl _P4_OUT_1
                                     60 	.globl _P4_OUT_2
                                     61 	.globl _P4_OUT_3
                                     62 	.globl _P4_OUT_4
                                     63 	.globl _P4_OUT_5
                                     64 	.globl _P4_OUT_6
                                     65 	.globl _P4_OUT_7
                                     66 	.globl _RXD1_
                                     67 	.globl _LED2
                                     68 	.globl _CAP3_
                                     69 	.globl _PWM3_
                                     70 	.globl _PWM1_
                                     71 	.globl _TXD1_
                                     72 	.globl _TNOW_
                                     73 	.globl _LED3
                                     74 	.globl _PWM2_
                                     75 	.globl _SCS_
                                     76 	.globl _SCK_
                                     77 	.globl _P3_0
                                     78 	.globl _P3_1
                                     79 	.globl _P3_2
                                     80 	.globl _P3_3
                                     81 	.globl _P3_4
                                     82 	.globl _P3_5
                                     83 	.globl _P3_6
                                     84 	.globl _P3_7
                                     85 	.globl _RXD
                                     86 	.globl _TXD
                                     87 	.globl _INT0
                                     88 	.globl _LED0
                                     89 	.globl _INT1
                                     90 	.globl _LED1
                                     91 	.globl _T0
                                     92 	.globl _XCS0
                                     93 	.globl _LEDC
                                     94 	.globl _T1
                                     95 	.globl _DA6
                                     96 	.globl _WR
                                     97 	.globl _RD
                                     98 	.globl _P2_0
                                     99 	.globl _P2_1
                                    100 	.globl _P2_2
                                    101 	.globl _P2_3
                                    102 	.globl _P2_4
                                    103 	.globl _P2_5
                                    104 	.globl _P2_6
                                    105 	.globl _P2_7
                                    106 	.globl _MOSI1
                                    107 	.globl _MISO1
                                    108 	.globl _SCK1
                                    109 	.globl _PWM1
                                    110 	.globl _CAP2_
                                    111 	.globl _T2EX_
                                    112 	.globl _PWM2
                                    113 	.globl _TNOW
                                    114 	.globl _RXD1
                                    115 	.globl _DA7
                                    116 	.globl _TXD1
                                    117 	.globl _P1_0
                                    118 	.globl _P1_1
                                    119 	.globl _P1_2
                                    120 	.globl _P1_3
                                    121 	.globl _P1_4
                                    122 	.globl _P1_5
                                    123 	.globl _P1_6
                                    124 	.globl _P1_7
                                    125 	.globl _CAP1
                                    126 	.globl _T2
                                    127 	.globl _CAP2
                                    128 	.globl _T2EX
                                    129 	.globl _CAP3
                                    130 	.globl _PWM3
                                    131 	.globl _SCS
                                    132 	.globl _MOSI
                                    133 	.globl _MISO
                                    134 	.globl _SCK
                                    135 	.globl _AIN0
                                    136 	.globl _AIN1
                                    137 	.globl _AIN2
                                    138 	.globl _AIN3
                                    139 	.globl _AIN4
                                    140 	.globl _AIN5
                                    141 	.globl _AIN6
                                    142 	.globl _AIN7
                                    143 	.globl _P0_0
                                    144 	.globl _P0_1
                                    145 	.globl _P0_2
                                    146 	.globl _P0_3
                                    147 	.globl _P0_4
                                    148 	.globl _P0_5
                                    149 	.globl _P0_6
                                    150 	.globl _P0_7
                                    151 	.globl _UDTR
                                    152 	.globl _URTS
                                    153 	.globl _RXD_
                                    154 	.globl _TXD_
                                    155 	.globl _UCTS
                                    156 	.globl _UDSR
                                    157 	.globl _URI
                                    158 	.globl _UDCD
                                    159 	.globl _IE_SPI0
                                    160 	.globl _IE_TMR3
                                    161 	.globl _IE_USB
                                    162 	.globl _IE_ADC
                                    163 	.globl _IE_UART1
                                    164 	.globl _IE_PWM1
                                    165 	.globl _IE_GPIO
                                    166 	.globl _IE_WDOG
                                    167 	.globl _PX0
                                    168 	.globl _PT0
                                    169 	.globl _PX1
                                    170 	.globl _PT1
                                    171 	.globl _PS
                                    172 	.globl _PT2
                                    173 	.globl _PL_FLAG
                                    174 	.globl _PH_FLAG
                                    175 	.globl _EX0
                                    176 	.globl _ET0
                                    177 	.globl _EX1
                                    178 	.globl _ET1
                                    179 	.globl _ES
                                    180 	.globl _ET2
                                    181 	.globl _E_DIS
                                    182 	.globl _EA
                                    183 	.globl _P
                                    184 	.globl _F1
                                    185 	.globl _OV
                                    186 	.globl _RS0
                                    187 	.globl _RS1
                                    188 	.globl _F0
                                    189 	.globl _AC
                                    190 	.globl _CY
                                    191 	.globl _USB_DMA_AH
                                    192 	.globl _USB_DMA_AL
                                    193 	.globl _USB_DMA
                                    194 	.globl _UHUB1_CTRL
                                    195 	.globl _UDEV_CTRL
                                    196 	.globl _USB_DEV_AD
                                    197 	.globl _USB_CTRL
                                    198 	.globl _USB_INT_EN
                                    199 	.globl _UEP4_T_LEN
                                    200 	.globl _UEP4_CTRL
                                    201 	.globl _UEP0_T_LEN
                                    202 	.globl _UEP0_CTRL
                                    203 	.globl _USB_HUB_ST
                                    204 	.globl _USB_MIS_ST
                                    205 	.globl _USB_INT_ST
                                    206 	.globl _USB_INT_FG
                                    207 	.globl _UEP3_T_LEN
                                    208 	.globl _UEP3_CTRL
                                    209 	.globl _UEP2_T_LEN
                                    210 	.globl _UEP2_CTRL
                                    211 	.globl _UEP1_T_LEN
                                    212 	.globl _UEP1_CTRL
                                    213 	.globl _USB_RX_LEN
                                    214 	.globl _ADC_EX_SW
                                    215 	.globl _ADC_SETUP
                                    216 	.globl _ADC_FIFO_H
                                    217 	.globl _ADC_FIFO_L
                                    218 	.globl _ADC_FIFO
                                    219 	.globl _ADC_CHANN
                                    220 	.globl _ADC_CTRL
                                    221 	.globl _ADC_STAT
                                    222 	.globl _ADC_CK_SE
                                    223 	.globl _ADC_DMA_CN
                                    224 	.globl _ADC_DMA_AH
                                    225 	.globl _ADC_DMA_AL
                                    226 	.globl _ADC_DMA
                                    227 	.globl _SER1_ADDR
                                    228 	.globl _SER1_MSR
                                    229 	.globl _SER1_LSR
                                    230 	.globl _SER1_MCR
                                    231 	.globl _SER1_LCR
                                    232 	.globl _SER1_IIR
                                    233 	.globl _SER1_IER
                                    234 	.globl _SER1_FIFO
                                    235 	.globl _SPI1_CK_SE
                                    236 	.globl _SPI1_CTRL
                                    237 	.globl _SPI1_DATA
                                    238 	.globl _SPI1_STAT
                                    239 	.globl _SPI0_SETUP
                                    240 	.globl _SPI0_CK_SE
                                    241 	.globl _SPI0_CTRL
                                    242 	.globl _SPI0_DATA
                                    243 	.globl _SPI0_STAT
                                    244 	.globl _PWM_CYCLE
                                    245 	.globl _PWM_CK_SE
                                    246 	.globl _PWM_CTRL
                                    247 	.globl _PWM_DATA
                                    248 	.globl _PWM_DATA2
                                    249 	.globl _T3_FIFO_H
                                    250 	.globl _T3_FIFO_L
                                    251 	.globl _T3_FIFO
                                    252 	.globl _T3_DMA_AH
                                    253 	.globl _T3_DMA_AL
                                    254 	.globl _T3_DMA
                                    255 	.globl _T3_DMA_CN
                                    256 	.globl _T3_CTRL
                                    257 	.globl _T3_STAT
                                    258 	.globl _T3_END_H
                                    259 	.globl _T3_END_L
                                    260 	.globl _T3_END
                                    261 	.globl _T3_COUNT_H
                                    262 	.globl _T3_COUNT_L
                                    263 	.globl _T3_COUNT
                                    264 	.globl _T3_SETUP
                                    265 	.globl _TH2
                                    266 	.globl _TL2
                                    267 	.globl _T2COUNT
                                    268 	.globl _RCAP2H
                                    269 	.globl _RCAP2L
                                    270 	.globl _RCAP2
                                    271 	.globl _T2MOD
                                    272 	.globl _T2CON
                                    273 	.globl _SBUF
                                    274 	.globl _SCON
                                    275 	.globl _TH1
                                    276 	.globl _TH0
                                    277 	.globl _TL1
                                    278 	.globl _TL0
                                    279 	.globl _TMOD
                                    280 	.globl _TCON
                                    281 	.globl _XBUS_SPEED
                                    282 	.globl _XBUS_AUX
                                    283 	.globl _PIN_FUNC
                                    284 	.globl _PORT_CFG
                                    285 	.globl _P5_IN
                                    286 	.globl _P4_PU
                                    287 	.globl _P4_DIR
                                    288 	.globl _P4_IN
                                    289 	.globl _P4_OUT
                                    290 	.globl _P3_PU
                                    291 	.globl _P3_DIR
                                    292 	.globl _P3
                                    293 	.globl _P2_PU
                                    294 	.globl _P2_DIR
                                    295 	.globl _P2
                                    296 	.globl _P1_PU
                                    297 	.globl _P1_DIR
                                    298 	.globl _P1_IE
                                    299 	.globl _P1
                                    300 	.globl _P0_PU
                                    301 	.globl _P0_DIR
                                    302 	.globl _P0
                                    303 	.globl _ROM_CTRL
                                    304 	.globl _ROM_DATA_H
                                    305 	.globl _ROM_DATA_L
                                    306 	.globl _ROM_DATA
                                    307 	.globl _ROM_ADDR_H
                                    308 	.globl _ROM_ADDR_L
                                    309 	.globl _ROM_ADDR
                                    310 	.globl _GPIO_IE
                                    311 	.globl _IP_EX
                                    312 	.globl _IE_EX
                                    313 	.globl _IP
                                    314 	.globl _IE
                                    315 	.globl _WDOG_COUNT
                                    316 	.globl _RESET_KEEP
                                    317 	.globl _WAKE_CTRL
                                    318 	.globl _SLEEP_CTRL
                                    319 	.globl _CLOCK_CFG
                                    320 	.globl _PLL_CFG
                                    321 	.globl _PCON
                                    322 	.globl _GLOBAL_CFG
                                    323 	.globl _SAFE_MOD
                                    324 	.globl _DPH
                                    325 	.globl _DPL
                                    326 	.globl _SP
                                    327 	.globl _B
                                    328 	.globl _ACC
                                    329 	.globl _PSW
                                    330 	.globl _DS18B20_setAlarmTemperature_PARM_3
                                    331 	.globl _DS18B20_setAlarmTemperature_PARM_2
                                    332 	.globl _DS18B20_setResolution_PARM_2
                                    333 	.globl _DS18B20_init_PARM_2
                                    334 	.globl _LED_DMA_XL
                                    335 	.globl _LED_DMA_XH
                                    336 	.globl _LED_DMA_CN
                                    337 	.globl _LED_DMA_AL
                                    338 	.globl _LED_DMA_AH
                                    339 	.globl _LED_CK_SE
                                    340 	.globl _LED_DATA
                                    341 	.globl _LED_CTRL
                                    342 	.globl _LED_STAT
                                    343 	.globl _UEP3_DMA_L
                                    344 	.globl _UEP3_DMA_H
                                    345 	.globl _UEP2_DMA_L
                                    346 	.globl _UEP2_DMA_H
                                    347 	.globl _UEP1_DMA_L
                                    348 	.globl _UEP1_DMA_H
                                    349 	.globl _UEP0_DMA_L
                                    350 	.globl _UEP0_DMA_H
                                    351 	.globl _UEP2_3_MOD
                                    352 	.globl _UEP4_1_MOD
                                    353 	.globl _pLED_DMA_XL
                                    354 	.globl _pLED_DMA_XH
                                    355 	.globl _pLED_DMA_CN
                                    356 	.globl _pLED_DMA_AL
                                    357 	.globl _pLED_DMA_AH
                                    358 	.globl _pLED_CK_SE
                                    359 	.globl _pLED_DATA
                                    360 	.globl _pLED_CTRL
                                    361 	.globl _pLED_STAT
                                    362 	.globl _pUEP3_DMA_L
                                    363 	.globl _pUEP3_DMA_H
                                    364 	.globl _pUEP2_DMA_L
                                    365 	.globl _pUEP2_DMA_H
                                    366 	.globl _pUEP1_DMA_L
                                    367 	.globl _pUEP1_DMA_H
                                    368 	.globl _pUEP0_DMA_L
                                    369 	.globl _pUEP0_DMA_H
                                    370 	.globl _pUEP2_3_MOD
                                    371 	.globl _pUEP4_1_MOD
                                    372 	.globl _DS18B20_init
                                    373 	.globl _DS18B20_begin
                                    374 	.globl _DS18B20_readTemperature
                                    375 	.globl _DS18B20_readTemperatureFast
                                    376 	.globl _DS18B20_setResolution
                                    377 	.globl _DS18B20_setAlarmTemperature
                                    378 ;--------------------------------------------------------
                                    379 ; special function registers
                                    380 ;--------------------------------------------------------
                                    381 	.area RSEG    (ABS,DATA)
      000000                        382 	.org 0x0000
                           0000D0   383 _PSW	=	0x00d0
                           0000E0   384 _ACC	=	0x00e0
                           0000F0   385 _B	=	0x00f0
                           000081   386 _SP	=	0x0081
                           000082   387 _DPL	=	0x0082
                           000083   388 _DPH	=	0x0083
                           0000A1   389 _SAFE_MOD	=	0x00a1
                           0000B1   390 _GLOBAL_CFG	=	0x00b1
                           000087   391 _PCON	=	0x0087
                           0000B2   392 _PLL_CFG	=	0x00b2
                           0000B3   393 _CLOCK_CFG	=	0x00b3
                           0000EA   394 _SLEEP_CTRL	=	0x00ea
                           0000EB   395 _WAKE_CTRL	=	0x00eb
                           0000FE   396 _RESET_KEEP	=	0x00fe
                           0000FF   397 _WDOG_COUNT	=	0x00ff
                           0000A8   398 _IE	=	0x00a8
                           0000B8   399 _IP	=	0x00b8
                           0000E8   400 _IE_EX	=	0x00e8
                           0000E9   401 _IP_EX	=	0x00e9
                           0000CF   402 _GPIO_IE	=	0x00cf
                           008584   403 _ROM_ADDR	=	0x8584
                           000084   404 _ROM_ADDR_L	=	0x0084
                           000085   405 _ROM_ADDR_H	=	0x0085
                           008F8E   406 _ROM_DATA	=	0x8f8e
                           00008E   407 _ROM_DATA_L	=	0x008e
                           00008F   408 _ROM_DATA_H	=	0x008f
                           000086   409 _ROM_CTRL	=	0x0086
                           000080   410 _P0	=	0x0080
                           0000C4   411 _P0_DIR	=	0x00c4
                           0000C5   412 _P0_PU	=	0x00c5
                           000090   413 _P1	=	0x0090
                           0000B9   414 _P1_IE	=	0x00b9
                           0000BA   415 _P1_DIR	=	0x00ba
                           0000BB   416 _P1_PU	=	0x00bb
                           0000A0   417 _P2	=	0x00a0
                           0000BC   418 _P2_DIR	=	0x00bc
                           0000BD   419 _P2_PU	=	0x00bd
                           0000B0   420 _P3	=	0x00b0
                           0000BE   421 _P3_DIR	=	0x00be
                           0000BF   422 _P3_PU	=	0x00bf
                           0000C0   423 _P4_OUT	=	0x00c0
                           0000C1   424 _P4_IN	=	0x00c1
                           0000C2   425 _P4_DIR	=	0x00c2
                           0000C3   426 _P4_PU	=	0x00c3
                           0000C7   427 _P5_IN	=	0x00c7
                           0000C6   428 _PORT_CFG	=	0x00c6
                           0000CE   429 _PIN_FUNC	=	0x00ce
                           0000A2   430 _XBUS_AUX	=	0x00a2
                           0000FD   431 _XBUS_SPEED	=	0x00fd
                           000088   432 _TCON	=	0x0088
                           000089   433 _TMOD	=	0x0089
                           00008A   434 _TL0	=	0x008a
                           00008B   435 _TL1	=	0x008b
                           00008C   436 _TH0	=	0x008c
                           00008D   437 _TH1	=	0x008d
                           000098   438 _SCON	=	0x0098
                           000099   439 _SBUF	=	0x0099
                           0000C8   440 _T2CON	=	0x00c8
                           0000C9   441 _T2MOD	=	0x00c9
                           00CBCA   442 _RCAP2	=	0xcbca
                           0000CA   443 _RCAP2L	=	0x00ca
                           0000CB   444 _RCAP2H	=	0x00cb
                           00CDCC   445 _T2COUNT	=	0xcdcc
                           0000CC   446 _TL2	=	0x00cc
                           0000CD   447 _TH2	=	0x00cd
                           0000A3   448 _T3_SETUP	=	0x00a3
                           00A5A4   449 _T3_COUNT	=	0xa5a4
                           0000A4   450 _T3_COUNT_L	=	0x00a4
                           0000A5   451 _T3_COUNT_H	=	0x00a5
                           00A7A6   452 _T3_END	=	0xa7a6
                           0000A6   453 _T3_END_L	=	0x00a6
                           0000A7   454 _T3_END_H	=	0x00a7
                           0000A9   455 _T3_STAT	=	0x00a9
                           0000AA   456 _T3_CTRL	=	0x00aa
                           0000AB   457 _T3_DMA_CN	=	0x00ab
                           00ADAC   458 _T3_DMA	=	0xadac
                           0000AC   459 _T3_DMA_AL	=	0x00ac
                           0000AD   460 _T3_DMA_AH	=	0x00ad
                           00AFAE   461 _T3_FIFO	=	0xafae
                           0000AE   462 _T3_FIFO_L	=	0x00ae
                           0000AF   463 _T3_FIFO_H	=	0x00af
                           00009B   464 _PWM_DATA2	=	0x009b
                           00009C   465 _PWM_DATA	=	0x009c
                           00009D   466 _PWM_CTRL	=	0x009d
                           00009E   467 _PWM_CK_SE	=	0x009e
                           00009F   468 _PWM_CYCLE	=	0x009f
                           0000F8   469 _SPI0_STAT	=	0x00f8
                           0000F9   470 _SPI0_DATA	=	0x00f9
                           0000FA   471 _SPI0_CTRL	=	0x00fa
                           0000FB   472 _SPI0_CK_SE	=	0x00fb
                           0000FC   473 _SPI0_SETUP	=	0x00fc
                           0000B4   474 _SPI1_STAT	=	0x00b4
                           0000B5   475 _SPI1_DATA	=	0x00b5
                           0000B6   476 _SPI1_CTRL	=	0x00b6
                           0000B7   477 _SPI1_CK_SE	=	0x00b7
                           00009A   478 _SER1_FIFO	=	0x009a
                           000091   479 _SER1_IER	=	0x0091
                           000092   480 _SER1_IIR	=	0x0092
                           000093   481 _SER1_LCR	=	0x0093
                           000094   482 _SER1_MCR	=	0x0094
                           000095   483 _SER1_LSR	=	0x0095
                           000096   484 _SER1_MSR	=	0x0096
                           000097   485 _SER1_ADDR	=	0x0097
                           00EDEC   486 _ADC_DMA	=	0xedec
                           0000EC   487 _ADC_DMA_AL	=	0x00ec
                           0000ED   488 _ADC_DMA_AH	=	0x00ed
                           0000EE   489 _ADC_DMA_CN	=	0x00ee
                           0000EF   490 _ADC_CK_SE	=	0x00ef
                           0000F1   491 _ADC_STAT	=	0x00f1
                           0000F2   492 _ADC_CTRL	=	0x00f2
                           0000F3   493 _ADC_CHANN	=	0x00f3
                           00F5F4   494 _ADC_FIFO	=	0xf5f4
                           0000F4   495 _ADC_FIFO_L	=	0x00f4
                           0000F5   496 _ADC_FIFO_H	=	0x00f5
                           0000F6   497 _ADC_SETUP	=	0x00f6
                           0000F7   498 _ADC_EX_SW	=	0x00f7
                           0000D1   499 _USB_RX_LEN	=	0x00d1
                           0000D2   500 _UEP1_CTRL	=	0x00d2
                           0000D3   501 _UEP1_T_LEN	=	0x00d3
                           0000D4   502 _UEP2_CTRL	=	0x00d4
                           0000D5   503 _UEP2_T_LEN	=	0x00d5
                           0000D6   504 _UEP3_CTRL	=	0x00d6
                           0000D7   505 _UEP3_T_LEN	=	0x00d7
                           0000D8   506 _USB_INT_FG	=	0x00d8
                           0000D9   507 _USB_INT_ST	=	0x00d9
                           0000DA   508 _USB_MIS_ST	=	0x00da
                           0000DB   509 _USB_HUB_ST	=	0x00db
                           0000DC   510 _UEP0_CTRL	=	0x00dc
                           0000DD   511 _UEP0_T_LEN	=	0x00dd
                           0000DE   512 _UEP4_CTRL	=	0x00de
                           0000DF   513 _UEP4_T_LEN	=	0x00df
                           0000E1   514 _USB_INT_EN	=	0x00e1
                           0000E2   515 _USB_CTRL	=	0x00e2
                           0000E3   516 _USB_DEV_AD	=	0x00e3
                           0000E4   517 _UDEV_CTRL	=	0x00e4
                           0000E5   518 _UHUB1_CTRL	=	0x00e5
                           00E7E6   519 _USB_DMA	=	0xe7e6
                           0000E6   520 _USB_DMA_AL	=	0x00e6
                           0000E7   521 _USB_DMA_AH	=	0x00e7
                                    522 ;--------------------------------------------------------
                                    523 ; special function bits
                                    524 ;--------------------------------------------------------
                                    525 	.area RSEG    (ABS,DATA)
      000000                        526 	.org 0x0000
                           0000D7   527 _CY	=	0x00d7
                           0000D6   528 _AC	=	0x00d6
                           0000D5   529 _F0	=	0x00d5
                           0000D4   530 _RS1	=	0x00d4
                           0000D3   531 _RS0	=	0x00d3
                           0000D2   532 _OV	=	0x00d2
                           0000D1   533 _F1	=	0x00d1
                           0000D0   534 _P	=	0x00d0
                           0000AF   535 _EA	=	0x00af
                           0000AE   536 _E_DIS	=	0x00ae
                           0000AD   537 _ET2	=	0x00ad
                           0000AC   538 _ES	=	0x00ac
                           0000AB   539 _ET1	=	0x00ab
                           0000AA   540 _EX1	=	0x00aa
                           0000A9   541 _ET0	=	0x00a9
                           0000A8   542 _EX0	=	0x00a8
                           0000BF   543 _PH_FLAG	=	0x00bf
                           0000BE   544 _PL_FLAG	=	0x00be
                           0000BD   545 _PT2	=	0x00bd
                           0000BC   546 _PS	=	0x00bc
                           0000BB   547 _PT1	=	0x00bb
                           0000BA   548 _PX1	=	0x00ba
                           0000B9   549 _PT0	=	0x00b9
                           0000B8   550 _PX0	=	0x00b8
                           0000EF   551 _IE_WDOG	=	0x00ef
                           0000EE   552 _IE_GPIO	=	0x00ee
                           0000ED   553 _IE_PWM1	=	0x00ed
                           0000EC   554 _IE_UART1	=	0x00ec
                           0000EB   555 _IE_ADC	=	0x00eb
                           0000EA   556 _IE_USB	=	0x00ea
                           0000E9   557 _IE_TMR3	=	0x00e9
                           0000E8   558 _IE_SPI0	=	0x00e8
                           000087   559 _UDCD	=	0x0087
                           000086   560 _URI	=	0x0086
                           000085   561 _UDSR	=	0x0085
                           000084   562 _UCTS	=	0x0084
                           000083   563 _TXD_	=	0x0083
                           000082   564 _RXD_	=	0x0082
                           000081   565 _URTS	=	0x0081
                           000080   566 _UDTR	=	0x0080
                           000087   567 _P0_7	=	0x0087
                           000086   568 _P0_6	=	0x0086
                           000085   569 _P0_5	=	0x0085
                           000084   570 _P0_4	=	0x0084
                           000083   571 _P0_3	=	0x0083
                           000082   572 _P0_2	=	0x0082
                           000081   573 _P0_1	=	0x0081
                           000080   574 _P0_0	=	0x0080
                           000097   575 _AIN7	=	0x0097
                           000096   576 _AIN6	=	0x0096
                           000095   577 _AIN5	=	0x0095
                           000094   578 _AIN4	=	0x0094
                           000093   579 _AIN3	=	0x0093
                           000092   580 _AIN2	=	0x0092
                           000091   581 _AIN1	=	0x0091
                           000090   582 _AIN0	=	0x0090
                           000097   583 _SCK	=	0x0097
                           000096   584 _MISO	=	0x0096
                           000095   585 _MOSI	=	0x0095
                           000094   586 _SCS	=	0x0094
                           000092   587 _PWM3	=	0x0092
                           000092   588 _CAP3	=	0x0092
                           000091   589 _T2EX	=	0x0091
                           000091   590 _CAP2	=	0x0091
                           000090   591 _T2	=	0x0090
                           000090   592 _CAP1	=	0x0090
                           000097   593 _P1_7	=	0x0097
                           000096   594 _P1_6	=	0x0096
                           000095   595 _P1_5	=	0x0095
                           000094   596 _P1_4	=	0x0094
                           000093   597 _P1_3	=	0x0093
                           000092   598 _P1_2	=	0x0092
                           000091   599 _P1_1	=	0x0091
                           000090   600 _P1_0	=	0x0090
                           0000A7   601 _TXD1	=	0x00a7
                           0000A7   602 _DA7	=	0x00a7
                           0000A6   603 _RXD1	=	0x00a6
                           0000A5   604 _TNOW	=	0x00a5
                           0000A5   605 _PWM2	=	0x00a5
                           0000A5   606 _T2EX_	=	0x00a5
                           0000A5   607 _CAP2_	=	0x00a5
                           0000A4   608 _PWM1	=	0x00a4
                           0000A3   609 _SCK1	=	0x00a3
                           0000A2   610 _MISO1	=	0x00a2
                           0000A1   611 _MOSI1	=	0x00a1
                           0000A7   612 _P2_7	=	0x00a7
                           0000A6   613 _P2_6	=	0x00a6
                           0000A5   614 _P2_5	=	0x00a5
                           0000A4   615 _P2_4	=	0x00a4
                           0000A3   616 _P2_3	=	0x00a3
                           0000A2   617 _P2_2	=	0x00a2
                           0000A1   618 _P2_1	=	0x00a1
                           0000A0   619 _P2_0	=	0x00a0
                           0000B7   620 _RD	=	0x00b7
                           0000B6   621 _WR	=	0x00b6
                           0000B5   622 _DA6	=	0x00b5
                           0000B5   623 _T1	=	0x00b5
                           0000B4   624 _LEDC	=	0x00b4
                           0000B4   625 _XCS0	=	0x00b4
                           0000B4   626 _T0	=	0x00b4
                           0000B3   627 _LED1	=	0x00b3
                           0000B3   628 _INT1	=	0x00b3
                           0000B2   629 _LED0	=	0x00b2
                           0000B2   630 _INT0	=	0x00b2
                           0000B1   631 _TXD	=	0x00b1
                           0000B0   632 _RXD	=	0x00b0
                           0000B7   633 _P3_7	=	0x00b7
                           0000B6   634 _P3_6	=	0x00b6
                           0000B5   635 _P3_5	=	0x00b5
                           0000B4   636 _P3_4	=	0x00b4
                           0000B3   637 _P3_3	=	0x00b3
                           0000B2   638 _P3_2	=	0x00b2
                           0000B1   639 _P3_1	=	0x00b1
                           0000B0   640 _P3_0	=	0x00b0
                           0000C7   641 _SCK_	=	0x00c7
                           0000C6   642 _SCS_	=	0x00c6
                           0000C5   643 _PWM2_	=	0x00c5
                           0000C4   644 _LED3	=	0x00c4
                           0000C4   645 _TNOW_	=	0x00c4
                           0000C4   646 _TXD1_	=	0x00c4
                           0000C3   647 _PWM1_	=	0x00c3
                           0000C2   648 _PWM3_	=	0x00c2
                           0000C2   649 _CAP3_	=	0x00c2
                           0000C0   650 _LED2	=	0x00c0
                           0000C0   651 _RXD1_	=	0x00c0
                           0000C7   652 _P4_OUT_7	=	0x00c7
                           0000C6   653 _P4_OUT_6	=	0x00c6
                           0000C5   654 _P4_OUT_5	=	0x00c5
                           0000C4   655 _P4_OUT_4	=	0x00c4
                           0000C3   656 _P4_OUT_3	=	0x00c3
                           0000C2   657 _P4_OUT_2	=	0x00c2
                           0000C1   658 _P4_OUT_1	=	0x00c1
                           0000C0   659 _P4_OUT_0	=	0x00c0
                           00008F   660 _TF1	=	0x008f
                           00008E   661 _TR1	=	0x008e
                           00008D   662 _TF0	=	0x008d
                           00008C   663 _TR0	=	0x008c
                           00008B   664 _IE1	=	0x008b
                           00008A   665 _IT1	=	0x008a
                           000089   666 _IE0	=	0x0089
                           000088   667 _IT0	=	0x0088
                           00009F   668 _SM0	=	0x009f
                           00009E   669 _SM1	=	0x009e
                           00009D   670 _SM2	=	0x009d
                           00009C   671 _REN	=	0x009c
                           00009B   672 _TB8	=	0x009b
                           00009A   673 _RB8	=	0x009a
                           000099   674 _TI	=	0x0099
                           000098   675 _RI	=	0x0098
                           0000CF   676 _TF2	=	0x00cf
                           0000CF   677 _CAP1F	=	0x00cf
                           0000CE   678 _EXF2	=	0x00ce
                           0000CD   679 _RCLK	=	0x00cd
                           0000CC   680 _TCLK	=	0x00cc
                           0000CB   681 _EXEN2	=	0x00cb
                           0000CA   682 _TR2	=	0x00ca
                           0000C9   683 _C_T2	=	0x00c9
                           0000C8   684 _CP_RL2	=	0x00c8
                           0000FF   685 _S0_FST_ACT	=	0x00ff
                           0000FE   686 _S0_IF_OV	=	0x00fe
                           0000FD   687 _S0_IF_FIRST	=	0x00fd
                           0000FC   688 _S0_IF_BYTE	=	0x00fc
                           0000FB   689 _S0_FREE	=	0x00fb
                           0000FA   690 _S0_T_FIFO	=	0x00fa
                           0000F9   691 _S0_R_FIFO1	=	0x00f9
                           0000F8   692 _S0_R_FIFO0	=	0x00f8
                           0000DF   693 _U_IS_NAK	=	0x00df
                           0000DE   694 _U_TOG_OK	=	0x00de
                           0000DD   695 _U_SIE_FREE	=	0x00dd
                           0000DC   696 _UIF_FIFO_OV	=	0x00dc
                           0000DB   697 _UIF_HST_SOF	=	0x00db
                           0000DA   698 _UIF_SUSPEND	=	0x00da
                           0000D9   699 _UIF_TRANSFER	=	0x00d9
                           0000D8   700 _UIF_DETECT	=	0x00d8
                           0000D8   701 _UIF_BUS_RST	=	0x00d8
                                    702 ;--------------------------------------------------------
                                    703 ; overlayable register banks
                                    704 ;--------------------------------------------------------
                                    705 	.area REG_BANK_0	(REL,OVR,DATA)
      000000                        706 	.ds 8
                                    707 ;--------------------------------------------------------
                                    708 ; internal ram data
                                    709 ;--------------------------------------------------------
                                    710 	.area DSEG    (DATA)
                                    711 ;--------------------------------------------------------
                                    712 ; overlayable items in internal ram
                                    713 ;--------------------------------------------------------
                                    714 ;--------------------------------------------------------
                                    715 ; indirectly addressable internal ram data
                                    716 ;--------------------------------------------------------
                                    717 	.area ISEG    (DATA)
                                    718 ;--------------------------------------------------------
                                    719 ; absolute internal ram data
                                    720 ;--------------------------------------------------------
                                    721 	.area IABS    (ABS,DATA)
                                    722 	.area IABS    (ABS,DATA)
                                    723 ;--------------------------------------------------------
                                    724 ; bit data
                                    725 ;--------------------------------------------------------
                                    726 	.area BSEG    (BIT)
                                    727 ;--------------------------------------------------------
                                    728 ; paged external ram data
                                    729 ;--------------------------------------------------------
                                    730 	.area PSEG    (PAG,XDATA)
                           002546   731 _pUEP4_1_MOD	=	0x2546
                           002547   732 _pUEP2_3_MOD	=	0x2547
                           002548   733 _pUEP0_DMA_H	=	0x2548
                           002549   734 _pUEP0_DMA_L	=	0x2549
                           00254A   735 _pUEP1_DMA_H	=	0x254a
                           00254B   736 _pUEP1_DMA_L	=	0x254b
                           00254C   737 _pUEP2_DMA_H	=	0x254c
                           00254D   738 _pUEP2_DMA_L	=	0x254d
                           00254E   739 _pUEP3_DMA_H	=	0x254e
                           00254F   740 _pUEP3_DMA_L	=	0x254f
                           002980   741 _pLED_STAT	=	0x2980
                           002981   742 _pLED_CTRL	=	0x2981
                           002982   743 _pLED_DATA	=	0x2982
                           002983   744 _pLED_CK_SE	=	0x2983
                           002984   745 _pLED_DMA_AH	=	0x2984
                           002985   746 _pLED_DMA_AL	=	0x2985
                           002986   747 _pLED_DMA_CN	=	0x2986
                           002988   748 _pLED_DMA_XH	=	0x2988
                           002989   749 _pLED_DMA_XL	=	0x2989
                                    750 ;--------------------------------------------------------
                                    751 ; uninitialized external ram data
                                    752 ;--------------------------------------------------------
                                    753 	.area XSEG    (XDATA)
                           002446   754 _UEP4_1_MOD	=	0x2446
                           002447   755 _UEP2_3_MOD	=	0x2447
                           002448   756 _UEP0_DMA_H	=	0x2448
                           002449   757 _UEP0_DMA_L	=	0x2449
                           00244A   758 _UEP1_DMA_H	=	0x244a
                           00244B   759 _UEP1_DMA_L	=	0x244b
                           00244C   760 _UEP2_DMA_H	=	0x244c
                           00244D   761 _UEP2_DMA_L	=	0x244d
                           00244E   762 _UEP3_DMA_H	=	0x244e
                           00244F   763 _UEP3_DMA_L	=	0x244f
                           002880   764 _LED_STAT	=	0x2880
                           002881   765 _LED_CTRL	=	0x2881
                           002882   766 _LED_DATA	=	0x2882
                           002883   767 _LED_CK_SE	=	0x2883
                           002884   768 _LED_DMA_AH	=	0x2884
                           002885   769 _LED_DMA_AL	=	0x2885
                           002886   770 _LED_DMA_CN	=	0x2886
                           002888   771 _LED_DMA_XH	=	0x2888
                           002889   772 _LED_DMA_XL	=	0x2889
      000000                        773 _ds18b20_pinOutput_dev_65536_175:
      000000                        774 	.ds 3
      000003                        775 _ds18b20_pinInput_dev_65536_177:
      000003                        776 	.ds 3
      000006                        777 _ds18b20_pinHigh_dev_65536_179:
      000006                        778 	.ds 3
      000009                        779 _ds18b20_pinLow_dev_65536_181:
      000009                        780 	.ds 3
      00000C                        781 _ds18b20_pinRead_dev_65536_183:
      00000C                        782 	.ds 3
      00000F                        783 _ds18b20_delayUs_us_65536_185:
      00000F                        784 	.ds 2
      000011                        785 _ds18b20_reset_dev_65536_187:
      000011                        786 	.ds 3
      000014                        787 _ds18b20_writeByte_PARM_2:
      000014                        788 	.ds 1
      000015                        789 _ds18b20_writeByte_dev_65536_189:
      000015                        790 	.ds 3
      000018                        791 _ds18b20_readByte_dev_65536_195:
      000018                        792 	.ds 3
      00001B                        793 _ds18b20_readByte_byte_65536_196:
      00001B                        794 	.ds 1
      00001C                        795 _ds18b20_readScratchpad_PARM_2:
      00001C                        796 	.ds 3
      00001F                        797 _ds18b20_readScratchpad_dev_65536_200:
      00001F                        798 	.ds 3
      000022                        799 _DS18B20_init_PARM_2:
      000022                        800 	.ds 1
      000023                        801 _DS18B20_init_dev_65536_205:
      000023                        802 	.ds 3
      000026                        803 _DS18B20_begin_dev_65536_207:
      000026                        804 	.ds 3
      000029                        805 _DS18B20_readTemperature_dev_65536_209:
      000029                        806 	.ds 3
      00002C                        807 _DS18B20_readTemperatureFast_dev_65536_213:
      00002C                        808 	.ds 3
      00002F                        809 _DS18B20_readTemperatureFast_scratchpad_65536_214:
      00002F                        810 	.ds 9
      000038                        811 _DS18B20_readTemperatureFast_wait_time_65536_214:
      000038                        812 	.ds 4
      00003C                        813 _DS18B20_setResolution_PARM_2:
      00003C                        814 	.ds 1
      00003D                        815 _DS18B20_setResolution_dev_65536_219:
      00003D                        816 	.ds 3
      000040                        817 _DS18B20_setResolution_scratchpad_65536_220:
      000040                        818 	.ds 9
      000049                        819 _DS18B20_setAlarmTemperature_PARM_2:
      000049                        820 	.ds 1
      00004A                        821 _DS18B20_setAlarmTemperature_PARM_3:
      00004A                        822 	.ds 1
      00004B                        823 _DS18B20_setAlarmTemperature_dev_65536_222:
      00004B                        824 	.ds 3
      00004E                        825 _DS18B20_setAlarmTemperature_scratchpad_65536_223:
      00004E                        826 	.ds 9
                                    827 ;--------------------------------------------------------
                                    828 ; absolute external ram data
                                    829 ;--------------------------------------------------------
                                    830 	.area XABS    (ABS,XDATA)
                                    831 ;--------------------------------------------------------
                                    832 ; initialized external ram data
                                    833 ;--------------------------------------------------------
                                    834 	.area XISEG   (XDATA)
                                    835 	.area HOME    (CODE)
                                    836 	.area GSINIT0 (CODE)
                                    837 	.area GSINIT1 (CODE)
                                    838 	.area GSINIT2 (CODE)
                                    839 	.area GSINIT3 (CODE)
                                    840 	.area GSINIT4 (CODE)
                                    841 	.area GSINIT5 (CODE)
                                    842 	.area GSINIT  (CODE)
                                    843 	.area GSFINAL (CODE)
                                    844 	.area CSEG    (CODE)
                                    845 ;--------------------------------------------------------
                                    846 ; global & static initialisations
                                    847 ;--------------------------------------------------------
                                    848 	.area HOME    (CODE)
                                    849 	.area GSINIT  (CODE)
                                    850 	.area GSFINAL (CODE)
                                    851 	.area GSINIT  (CODE)
                                    852 ;--------------------------------------------------------
                                    853 ; Home
                                    854 ;--------------------------------------------------------
                                    855 	.area HOME    (CODE)
                                    856 	.area HOME    (CODE)
                                    857 ;--------------------------------------------------------
                                    858 ; code
                                    859 ;--------------------------------------------------------
                                    860 	.area CSEG    (CODE)
                                    861 ;------------------------------------------------------------
                                    862 ;Allocation info for local variables in function 'ds18b20_pinOutput'
                                    863 ;------------------------------------------------------------
                                    864 ;dev                       Allocated with name '_ds18b20_pinOutput_dev_65536_175'
                                    865 ;------------------------------------------------------------
                                    866 ;	C:\Users\tonyp\Downloads\ch552-turbo-fan-ctrl\lib\DS18B20\DS18B20.c:8: static void ds18b20_pinOutput(DS18B20* dev) {
                                    867 ;	-----------------------------------------
                                    868 ;	 function ds18b20_pinOutput
                                    869 ;	-----------------------------------------
      000000                        870 _ds18b20_pinOutput:
                           000007   871 	ar7 = 0x07
                           000006   872 	ar6 = 0x06
                           000005   873 	ar5 = 0x05
                           000004   874 	ar4 = 0x04
                           000003   875 	ar3 = 0x03
                           000002   876 	ar2 = 0x02
                           000001   877 	ar1 = 0x01
                           000000   878 	ar0 = 0x00
      000000 AF F0            [24]  879 	mov	r7,b
      000002 AE 83            [24]  880 	mov	r6,dph
      000004 E5 82            [12]  881 	mov	a,dpl
      000006 90r00r00         [24]  882 	mov	dptr,#_ds18b20_pinOutput_dev_65536_175
      000009 F0               [24]  883 	movx	@dptr,a
      00000A EE               [12]  884 	mov	a,r6
      00000B A3               [24]  885 	inc	dptr
      00000C F0               [24]  886 	movx	@dptr,a
      00000D EF               [12]  887 	mov	a,r7
      00000E A3               [24]  888 	inc	dptr
      00000F F0               [24]  889 	movx	@dptr,a
                                    890 ;	C:\Users\tonyp\Downloads\ch552-turbo-fan-ctrl\lib\DS18B20\DS18B20.c:9: pinMode(dev->pin, OUTPUT);
      000010 90r00r00         [24]  891 	mov	dptr,#_ds18b20_pinOutput_dev_65536_175
      000013 E0               [24]  892 	movx	a,@dptr
      000014 FD               [12]  893 	mov	r5,a
      000015 A3               [24]  894 	inc	dptr
      000016 E0               [24]  895 	movx	a,@dptr
      000017 FE               [12]  896 	mov	r6,a
      000018 A3               [24]  897 	inc	dptr
      000019 E0               [24]  898 	movx	a,@dptr
      00001A FF               [12]  899 	mov	r7,a
      00001B 8D 82            [24]  900 	mov	dpl,r5
      00001D 8E 83            [24]  901 	mov	dph,r6
      00001F 8F F0            [24]  902 	mov	b,r7
      000021 12r00r00         [24]  903 	lcall	__gptrget
      000024 FD               [12]  904 	mov	r5,a
      000025 90r00r00         [24]  905 	mov	dptr,#_pinMode_PARM_2
      000028 74 01            [12]  906 	mov	a,#0x01
      00002A F0               [24]  907 	movx	@dptr,a
      00002B 8D 82            [24]  908 	mov	dpl,r5
                                    909 ;	C:\Users\tonyp\Downloads\ch552-turbo-fan-ctrl\lib\DS18B20\DS18B20.c:10: }
      00002D 02r00r00         [24]  910 	ljmp	_pinMode
                                    911 ;------------------------------------------------------------
                                    912 ;Allocation info for local variables in function 'ds18b20_pinInput'
                                    913 ;------------------------------------------------------------
                                    914 ;dev                       Allocated with name '_ds18b20_pinInput_dev_65536_177'
                                    915 ;------------------------------------------------------------
                                    916 ;	C:\Users\tonyp\Downloads\ch552-turbo-fan-ctrl\lib\DS18B20\DS18B20.c:12: static void ds18b20_pinInput(DS18B20* dev) {
                                    917 ;	-----------------------------------------
                                    918 ;	 function ds18b20_pinInput
                                    919 ;	-----------------------------------------
      000030                        920 _ds18b20_pinInput:
      000030 AF F0            [24]  921 	mov	r7,b
      000032 AE 83            [24]  922 	mov	r6,dph
      000034 E5 82            [12]  923 	mov	a,dpl
      000036 90r00r03         [24]  924 	mov	dptr,#_ds18b20_pinInput_dev_65536_177
      000039 F0               [24]  925 	movx	@dptr,a
      00003A EE               [12]  926 	mov	a,r6
      00003B A3               [24]  927 	inc	dptr
      00003C F0               [24]  928 	movx	@dptr,a
      00003D EF               [12]  929 	mov	a,r7
      00003E A3               [24]  930 	inc	dptr
      00003F F0               [24]  931 	movx	@dptr,a
                                    932 ;	C:\Users\tonyp\Downloads\ch552-turbo-fan-ctrl\lib\DS18B20\DS18B20.c:13: pinMode(dev->pin, INPUT);
      000040 90r00r03         [24]  933 	mov	dptr,#_ds18b20_pinInput_dev_65536_177
      000043 E0               [24]  934 	movx	a,@dptr
      000044 FD               [12]  935 	mov	r5,a
      000045 A3               [24]  936 	inc	dptr
      000046 E0               [24]  937 	movx	a,@dptr
      000047 FE               [12]  938 	mov	r6,a
      000048 A3               [24]  939 	inc	dptr
      000049 E0               [24]  940 	movx	a,@dptr
      00004A FF               [12]  941 	mov	r7,a
      00004B 8D 82            [24]  942 	mov	dpl,r5
      00004D 8E 83            [24]  943 	mov	dph,r6
      00004F 8F F0            [24]  944 	mov	b,r7
      000051 12r00r00         [24]  945 	lcall	__gptrget
      000054 FD               [12]  946 	mov	r5,a
      000055 90r00r00         [24]  947 	mov	dptr,#_pinMode_PARM_2
      000058 E4               [12]  948 	clr	a
      000059 F0               [24]  949 	movx	@dptr,a
      00005A 8D 82            [24]  950 	mov	dpl,r5
                                    951 ;	C:\Users\tonyp\Downloads\ch552-turbo-fan-ctrl\lib\DS18B20\DS18B20.c:14: }
      00005C 02r00r00         [24]  952 	ljmp	_pinMode
                                    953 ;------------------------------------------------------------
                                    954 ;Allocation info for local variables in function 'ds18b20_pinHigh'
                                    955 ;------------------------------------------------------------
                                    956 ;dev                       Allocated with name '_ds18b20_pinHigh_dev_65536_179'
                                    957 ;------------------------------------------------------------
                                    958 ;	C:\Users\tonyp\Downloads\ch552-turbo-fan-ctrl\lib\DS18B20\DS18B20.c:16: static void ds18b20_pinHigh(DS18B20* dev) {
                                    959 ;	-----------------------------------------
                                    960 ;	 function ds18b20_pinHigh
                                    961 ;	-----------------------------------------
      00005F                        962 _ds18b20_pinHigh:
      00005F AF F0            [24]  963 	mov	r7,b
      000061 AE 83            [24]  964 	mov	r6,dph
      000063 E5 82            [12]  965 	mov	a,dpl
      000065 90r00r06         [24]  966 	mov	dptr,#_ds18b20_pinHigh_dev_65536_179
      000068 F0               [24]  967 	movx	@dptr,a
      000069 EE               [12]  968 	mov	a,r6
      00006A A3               [24]  969 	inc	dptr
      00006B F0               [24]  970 	movx	@dptr,a
      00006C EF               [12]  971 	mov	a,r7
      00006D A3               [24]  972 	inc	dptr
      00006E F0               [24]  973 	movx	@dptr,a
                                    974 ;	C:\Users\tonyp\Downloads\ch552-turbo-fan-ctrl\lib\DS18B20\DS18B20.c:17: digitalWrite(dev->pin, HIGH);
      00006F 90r00r06         [24]  975 	mov	dptr,#_ds18b20_pinHigh_dev_65536_179
      000072 E0               [24]  976 	movx	a,@dptr
      000073 FD               [12]  977 	mov	r5,a
      000074 A3               [24]  978 	inc	dptr
      000075 E0               [24]  979 	movx	a,@dptr
      000076 FE               [12]  980 	mov	r6,a
      000077 A3               [24]  981 	inc	dptr
      000078 E0               [24]  982 	movx	a,@dptr
      000079 FF               [12]  983 	mov	r7,a
      00007A 8D 82            [24]  984 	mov	dpl,r5
      00007C 8E 83            [24]  985 	mov	dph,r6
      00007E 8F F0            [24]  986 	mov	b,r7
      000080 12r00r00         [24]  987 	lcall	__gptrget
      000083 FD               [12]  988 	mov	r5,a
      000084 90r00r00         [24]  989 	mov	dptr,#_digitalWrite_PARM_2
      000087 74 01            [12]  990 	mov	a,#0x01
      000089 F0               [24]  991 	movx	@dptr,a
      00008A 8D 82            [24]  992 	mov	dpl,r5
                                    993 ;	C:\Users\tonyp\Downloads\ch552-turbo-fan-ctrl\lib\DS18B20\DS18B20.c:18: }
      00008C 02r00r00         [24]  994 	ljmp	_digitalWrite
                                    995 ;------------------------------------------------------------
                                    996 ;Allocation info for local variables in function 'ds18b20_pinLow'
                                    997 ;------------------------------------------------------------
                                    998 ;dev                       Allocated with name '_ds18b20_pinLow_dev_65536_181'
                                    999 ;------------------------------------------------------------
                                   1000 ;	C:\Users\tonyp\Downloads\ch552-turbo-fan-ctrl\lib\DS18B20\DS18B20.c:20: static void ds18b20_pinLow(DS18B20* dev) {
                                   1001 ;	-----------------------------------------
                                   1002 ;	 function ds18b20_pinLow
                                   1003 ;	-----------------------------------------
      00008F                       1004 _ds18b20_pinLow:
      00008F AF F0            [24] 1005 	mov	r7,b
      000091 AE 83            [24] 1006 	mov	r6,dph
      000093 E5 82            [12] 1007 	mov	a,dpl
      000095 90r00r09         [24] 1008 	mov	dptr,#_ds18b20_pinLow_dev_65536_181
      000098 F0               [24] 1009 	movx	@dptr,a
      000099 EE               [12] 1010 	mov	a,r6
      00009A A3               [24] 1011 	inc	dptr
      00009B F0               [24] 1012 	movx	@dptr,a
      00009C EF               [12] 1013 	mov	a,r7
      00009D A3               [24] 1014 	inc	dptr
      00009E F0               [24] 1015 	movx	@dptr,a
                                   1016 ;	C:\Users\tonyp\Downloads\ch552-turbo-fan-ctrl\lib\DS18B20\DS18B20.c:21: digitalWrite(dev->pin, LOW);
      00009F 90r00r09         [24] 1017 	mov	dptr,#_ds18b20_pinLow_dev_65536_181
      0000A2 E0               [24] 1018 	movx	a,@dptr
      0000A3 FD               [12] 1019 	mov	r5,a
      0000A4 A3               [24] 1020 	inc	dptr
      0000A5 E0               [24] 1021 	movx	a,@dptr
      0000A6 FE               [12] 1022 	mov	r6,a
      0000A7 A3               [24] 1023 	inc	dptr
      0000A8 E0               [24] 1024 	movx	a,@dptr
      0000A9 FF               [12] 1025 	mov	r7,a
      0000AA 8D 82            [24] 1026 	mov	dpl,r5
      0000AC 8E 83            [24] 1027 	mov	dph,r6
      0000AE 8F F0            [24] 1028 	mov	b,r7
      0000B0 12r00r00         [24] 1029 	lcall	__gptrget
      0000B3 FD               [12] 1030 	mov	r5,a
      0000B4 90r00r00         [24] 1031 	mov	dptr,#_digitalWrite_PARM_2
      0000B7 E4               [12] 1032 	clr	a
      0000B8 F0               [24] 1033 	movx	@dptr,a
      0000B9 8D 82            [24] 1034 	mov	dpl,r5
                                   1035 ;	C:\Users\tonyp\Downloads\ch552-turbo-fan-ctrl\lib\DS18B20\DS18B20.c:22: }
      0000BB 02r00r00         [24] 1036 	ljmp	_digitalWrite
                                   1037 ;------------------------------------------------------------
                                   1038 ;Allocation info for local variables in function 'ds18b20_pinRead'
                                   1039 ;------------------------------------------------------------
                                   1040 ;dev                       Allocated with name '_ds18b20_pinRead_dev_65536_183'
                                   1041 ;------------------------------------------------------------
                                   1042 ;	C:\Users\tonyp\Downloads\ch552-turbo-fan-ctrl\lib\DS18B20\DS18B20.c:24: static uint8_t ds18b20_pinRead(DS18B20* dev) {
                                   1043 ;	-----------------------------------------
                                   1044 ;	 function ds18b20_pinRead
                                   1045 ;	-----------------------------------------
      0000BE                       1046 _ds18b20_pinRead:
      0000BE AF F0            [24] 1047 	mov	r7,b
      0000C0 AE 83            [24] 1048 	mov	r6,dph
      0000C2 E5 82            [12] 1049 	mov	a,dpl
      0000C4 90r00r0C         [24] 1050 	mov	dptr,#_ds18b20_pinRead_dev_65536_183
      0000C7 F0               [24] 1051 	movx	@dptr,a
      0000C8 EE               [12] 1052 	mov	a,r6
      0000C9 A3               [24] 1053 	inc	dptr
      0000CA F0               [24] 1054 	movx	@dptr,a
      0000CB EF               [12] 1055 	mov	a,r7
      0000CC A3               [24] 1056 	inc	dptr
      0000CD F0               [24] 1057 	movx	@dptr,a
                                   1058 ;	C:\Users\tonyp\Downloads\ch552-turbo-fan-ctrl\lib\DS18B20\DS18B20.c:25: return digitalRead(dev->pin);
      0000CE 90r00r0C         [24] 1059 	mov	dptr,#_ds18b20_pinRead_dev_65536_183
      0000D1 E0               [24] 1060 	movx	a,@dptr
      0000D2 FD               [12] 1061 	mov	r5,a
      0000D3 A3               [24] 1062 	inc	dptr
      0000D4 E0               [24] 1063 	movx	a,@dptr
      0000D5 FE               [12] 1064 	mov	r6,a
      0000D6 A3               [24] 1065 	inc	dptr
      0000D7 E0               [24] 1066 	movx	a,@dptr
      0000D8 FF               [12] 1067 	mov	r7,a
      0000D9 8D 82            [24] 1068 	mov	dpl,r5
      0000DB 8E 83            [24] 1069 	mov	dph,r6
      0000DD 8F F0            [24] 1070 	mov	b,r7
      0000DF 12r00r00         [24] 1071 	lcall	__gptrget
      0000E2 F5 82            [12] 1072 	mov	dpl,a
                                   1073 ;	C:\Users\tonyp\Downloads\ch552-turbo-fan-ctrl\lib\DS18B20\DS18B20.c:26: }
      0000E4 02r00r00         [24] 1074 	ljmp	_digitalRead
                                   1075 ;------------------------------------------------------------
                                   1076 ;Allocation info for local variables in function 'ds18b20_delayUs'
                                   1077 ;------------------------------------------------------------
                                   1078 ;us                        Allocated with name '_ds18b20_delayUs_us_65536_185'
                                   1079 ;------------------------------------------------------------
                                   1080 ;	C:\Users\tonyp\Downloads\ch552-turbo-fan-ctrl\lib\DS18B20\DS18B20.c:28: static void ds18b20_delayUs(uint16_t us) {
                                   1081 ;	-----------------------------------------
                                   1082 ;	 function ds18b20_delayUs
                                   1083 ;	-----------------------------------------
      0000E7                       1084 _ds18b20_delayUs:
      0000E7 AF 83            [24] 1085 	mov	r7,dph
      0000E9 E5 82            [12] 1086 	mov	a,dpl
      0000EB 90r00r0F         [24] 1087 	mov	dptr,#_ds18b20_delayUs_us_65536_185
      0000EE F0               [24] 1088 	movx	@dptr,a
      0000EF EF               [12] 1089 	mov	a,r7
      0000F0 A3               [24] 1090 	inc	dptr
      0000F1 F0               [24] 1091 	movx	@dptr,a
                                   1092 ;	C:\Users\tonyp\Downloads\ch552-turbo-fan-ctrl\lib\DS18B20\DS18B20.c:29: delayMicroseconds(us);
      0000F2 90r00r0F         [24] 1093 	mov	dptr,#_ds18b20_delayUs_us_65536_185
      0000F5 E0               [24] 1094 	movx	a,@dptr
      0000F6 FE               [12] 1095 	mov	r6,a
      0000F7 A3               [24] 1096 	inc	dptr
      0000F8 E0               [24] 1097 	movx	a,@dptr
      0000F9 FF               [12] 1098 	mov	r7,a
      0000FA 8E 82            [24] 1099 	mov	dpl,r6
      0000FC 8F 83            [24] 1100 	mov	dph,r7
                                   1101 ;	C:\Users\tonyp\Downloads\ch552-turbo-fan-ctrl\lib\DS18B20\DS18B20.c:30: }
      0000FE 02r00r00         [24] 1102 	ljmp	_delayMicroseconds
                                   1103 ;------------------------------------------------------------
                                   1104 ;Allocation info for local variables in function 'ds18b20_reset'
                                   1105 ;------------------------------------------------------------
                                   1106 ;dev                       Allocated with name '_ds18b20_reset_dev_65536_187'
                                   1107 ;response                  Allocated with name '_ds18b20_reset_response_65536_188'
                                   1108 ;------------------------------------------------------------
                                   1109 ;	C:\Users\tonyp\Downloads\ch552-turbo-fan-ctrl\lib\DS18B20\DS18B20.c:32: static uint8_t ds18b20_reset(DS18B20* dev) {
                                   1110 ;	-----------------------------------------
                                   1111 ;	 function ds18b20_reset
                                   1112 ;	-----------------------------------------
      000101                       1113 _ds18b20_reset:
      000101 AF F0            [24] 1114 	mov	r7,b
      000103 AE 83            [24] 1115 	mov	r6,dph
      000105 E5 82            [12] 1116 	mov	a,dpl
      000107 90r00r11         [24] 1117 	mov	dptr,#_ds18b20_reset_dev_65536_187
      00010A F0               [24] 1118 	movx	@dptr,a
      00010B EE               [12] 1119 	mov	a,r6
      00010C A3               [24] 1120 	inc	dptr
      00010D F0               [24] 1121 	movx	@dptr,a
      00010E EF               [12] 1122 	mov	a,r7
      00010F A3               [24] 1123 	inc	dptr
      000110 F0               [24] 1124 	movx	@dptr,a
                                   1125 ;	C:\Users\tonyp\Downloads\ch552-turbo-fan-ctrl\lib\DS18B20\DS18B20.c:35: ds18b20_pinOutput(dev);
      000111 90r00r11         [24] 1126 	mov	dptr,#_ds18b20_reset_dev_65536_187
      000114 E0               [24] 1127 	movx	a,@dptr
      000115 FD               [12] 1128 	mov	r5,a
      000116 A3               [24] 1129 	inc	dptr
      000117 E0               [24] 1130 	movx	a,@dptr
      000118 FE               [12] 1131 	mov	r6,a
      000119 A3               [24] 1132 	inc	dptr
      00011A E0               [24] 1133 	movx	a,@dptr
      00011B FF               [12] 1134 	mov	r7,a
      00011C 8D 82            [24] 1135 	mov	dpl,r5
      00011E 8E 83            [24] 1136 	mov	dph,r6
      000120 8F F0            [24] 1137 	mov	b,r7
      000122 12r00r00         [24] 1138 	lcall	_ds18b20_pinOutput
                                   1139 ;	C:\Users\tonyp\Downloads\ch552-turbo-fan-ctrl\lib\DS18B20\DS18B20.c:36: ds18b20_pinLow(dev);
      000125 90r00r11         [24] 1140 	mov	dptr,#_ds18b20_reset_dev_65536_187
      000128 E0               [24] 1141 	movx	a,@dptr
      000129 FD               [12] 1142 	mov	r5,a
      00012A A3               [24] 1143 	inc	dptr
      00012B E0               [24] 1144 	movx	a,@dptr
      00012C FE               [12] 1145 	mov	r6,a
      00012D A3               [24] 1146 	inc	dptr
      00012E E0               [24] 1147 	movx	a,@dptr
      00012F FF               [12] 1148 	mov	r7,a
      000130 8D 82            [24] 1149 	mov	dpl,r5
      000132 8E 83            [24] 1150 	mov	dph,r6
      000134 8F F0            [24] 1151 	mov	b,r7
      000136 12r00r8F         [24] 1152 	lcall	_ds18b20_pinLow
                                   1153 ;	C:\Users\tonyp\Downloads\ch552-turbo-fan-ctrl\lib\DS18B20\DS18B20.c:37: ds18b20_delayUs(480);
      000139 90 01 E0         [24] 1154 	mov	dptr,#0x01e0
      00013C 12r00rE7         [24] 1155 	lcall	_ds18b20_delayUs
                                   1156 ;	C:\Users\tonyp\Downloads\ch552-turbo-fan-ctrl\lib\DS18B20\DS18B20.c:39: ds18b20_pinHigh(dev);
      00013F 90r00r11         [24] 1157 	mov	dptr,#_ds18b20_reset_dev_65536_187
      000142 E0               [24] 1158 	movx	a,@dptr
      000143 FD               [12] 1159 	mov	r5,a
      000144 A3               [24] 1160 	inc	dptr
      000145 E0               [24] 1161 	movx	a,@dptr
      000146 FE               [12] 1162 	mov	r6,a
      000147 A3               [24] 1163 	inc	dptr
      000148 E0               [24] 1164 	movx	a,@dptr
      000149 FF               [12] 1165 	mov	r7,a
      00014A 8D 82            [24] 1166 	mov	dpl,r5
      00014C 8E 83            [24] 1167 	mov	dph,r6
      00014E 8F F0            [24] 1168 	mov	b,r7
      000150 12r00r5F         [24] 1169 	lcall	_ds18b20_pinHigh
                                   1170 ;	C:\Users\tonyp\Downloads\ch552-turbo-fan-ctrl\lib\DS18B20\DS18B20.c:40: ds18b20_pinInput(dev);
      000153 90r00r11         [24] 1171 	mov	dptr,#_ds18b20_reset_dev_65536_187
      000156 E0               [24] 1172 	movx	a,@dptr
      000157 FD               [12] 1173 	mov	r5,a
      000158 A3               [24] 1174 	inc	dptr
      000159 E0               [24] 1175 	movx	a,@dptr
      00015A FE               [12] 1176 	mov	r6,a
      00015B A3               [24] 1177 	inc	dptr
      00015C E0               [24] 1178 	movx	a,@dptr
      00015D FF               [12] 1179 	mov	r7,a
      00015E 8D 82            [24] 1180 	mov	dpl,r5
      000160 8E 83            [24] 1181 	mov	dph,r6
      000162 8F F0            [24] 1182 	mov	b,r7
      000164 12r00r30         [24] 1183 	lcall	_ds18b20_pinInput
                                   1184 ;	C:\Users\tonyp\Downloads\ch552-turbo-fan-ctrl\lib\DS18B20\DS18B20.c:41: ds18b20_delayUs(70);
      000167 90 00 46         [24] 1185 	mov	dptr,#0x0046
      00016A 12r00rE7         [24] 1186 	lcall	_ds18b20_delayUs
                                   1187 ;	C:\Users\tonyp\Downloads\ch552-turbo-fan-ctrl\lib\DS18B20\DS18B20.c:43: response = ds18b20_pinRead(dev);
      00016D 90r00r11         [24] 1188 	mov	dptr,#_ds18b20_reset_dev_65536_187
      000170 E0               [24] 1189 	movx	a,@dptr
      000171 FD               [12] 1190 	mov	r5,a
      000172 A3               [24] 1191 	inc	dptr
      000173 E0               [24] 1192 	movx	a,@dptr
      000174 FE               [12] 1193 	mov	r6,a
      000175 A3               [24] 1194 	inc	dptr
      000176 E0               [24] 1195 	movx	a,@dptr
      000177 FF               [12] 1196 	mov	r7,a
      000178 8D 82            [24] 1197 	mov	dpl,r5
      00017A 8E 83            [24] 1198 	mov	dph,r6
      00017C 8F F0            [24] 1199 	mov	b,r7
      00017E 12r00rBE         [24] 1200 	lcall	_ds18b20_pinRead
      000181 AF 82            [24] 1201 	mov	r7,dpl
                                   1202 ;	C:\Users\tonyp\Downloads\ch552-turbo-fan-ctrl\lib\DS18B20\DS18B20.c:44: ds18b20_delayUs(410);
      000183 90 01 9A         [24] 1203 	mov	dptr,#0x019a
      000186 C0 07            [24] 1204 	push	ar7
      000188 12r00rE7         [24] 1205 	lcall	_ds18b20_delayUs
      00018B D0 07            [24] 1206 	pop	ar7
                                   1207 ;	C:\Users\tonyp\Downloads\ch552-turbo-fan-ctrl\lib\DS18B20\DS18B20.c:46: return response;
      00018D 8F 82            [24] 1208 	mov	dpl,r7
                                   1209 ;	C:\Users\tonyp\Downloads\ch552-turbo-fan-ctrl\lib\DS18B20\DS18B20.c:47: }
      00018F 22               [24] 1210 	ret
                                   1211 ;------------------------------------------------------------
                                   1212 ;Allocation info for local variables in function 'ds18b20_writeByte'
                                   1213 ;------------------------------------------------------------
                                   1214 ;byte                      Allocated with name '_ds18b20_writeByte_PARM_2'
                                   1215 ;dev                       Allocated with name '_ds18b20_writeByte_dev_65536_189'
                                   1216 ;i                         Allocated with name '_ds18b20_writeByte_i_65536_190'
                                   1217 ;------------------------------------------------------------
                                   1218 ;	C:\Users\tonyp\Downloads\ch552-turbo-fan-ctrl\lib\DS18B20\DS18B20.c:49: static void ds18b20_writeByte(DS18B20* dev, uint8_t byte) {
                                   1219 ;	-----------------------------------------
                                   1220 ;	 function ds18b20_writeByte
                                   1221 ;	-----------------------------------------
      000190                       1222 _ds18b20_writeByte:
      000190 AF F0            [24] 1223 	mov	r7,b
      000192 AE 83            [24] 1224 	mov	r6,dph
      000194 E5 82            [12] 1225 	mov	a,dpl
      000196 90r00r15         [24] 1226 	mov	dptr,#_ds18b20_writeByte_dev_65536_189
      000199 F0               [24] 1227 	movx	@dptr,a
      00019A EE               [12] 1228 	mov	a,r6
      00019B A3               [24] 1229 	inc	dptr
      00019C F0               [24] 1230 	movx	@dptr,a
      00019D EF               [12] 1231 	mov	a,r7
      00019E A3               [24] 1232 	inc	dptr
      00019F F0               [24] 1233 	movx	@dptr,a
                                   1234 ;	C:\Users\tonyp\Downloads\ch552-turbo-fan-ctrl\lib\DS18B20\DS18B20.c:52: for (i = 0; i < 8; i++) {
      0001A0 7F 00            [12] 1235 	mov	r7,#0x00
      0001A2                       1236 00105$:
                                   1237 ;	C:\Users\tonyp\Downloads\ch552-turbo-fan-ctrl\lib\DS18B20\DS18B20.c:53: ds18b20_pinOutput(dev);
      0001A2 90r00r15         [24] 1238 	mov	dptr,#_ds18b20_writeByte_dev_65536_189
      0001A5 E0               [24] 1239 	movx	a,@dptr
      0001A6 FC               [12] 1240 	mov	r4,a
      0001A7 A3               [24] 1241 	inc	dptr
      0001A8 E0               [24] 1242 	movx	a,@dptr
      0001A9 FD               [12] 1243 	mov	r5,a
      0001AA A3               [24] 1244 	inc	dptr
      0001AB E0               [24] 1245 	movx	a,@dptr
      0001AC FE               [12] 1246 	mov	r6,a
      0001AD 8C 82            [24] 1247 	mov	dpl,r4
      0001AF 8D 83            [24] 1248 	mov	dph,r5
      0001B1 8E F0            [24] 1249 	mov	b,r6
      0001B3 C0 07            [24] 1250 	push	ar7
      0001B5 12r00r00         [24] 1251 	lcall	_ds18b20_pinOutput
                                   1252 ;	C:\Users\tonyp\Downloads\ch552-turbo-fan-ctrl\lib\DS18B20\DS18B20.c:54: ds18b20_pinLow(dev);
      0001B8 90r00r15         [24] 1253 	mov	dptr,#_ds18b20_writeByte_dev_65536_189
      0001BB E0               [24] 1254 	movx	a,@dptr
      0001BC FC               [12] 1255 	mov	r4,a
      0001BD A3               [24] 1256 	inc	dptr
      0001BE E0               [24] 1257 	movx	a,@dptr
      0001BF FD               [12] 1258 	mov	r5,a
      0001C0 A3               [24] 1259 	inc	dptr
      0001C1 E0               [24] 1260 	movx	a,@dptr
      0001C2 FE               [12] 1261 	mov	r6,a
      0001C3 8C 82            [24] 1262 	mov	dpl,r4
      0001C5 8D 83            [24] 1263 	mov	dph,r5
      0001C7 8E F0            [24] 1264 	mov	b,r6
      0001C9 12r00r8F         [24] 1265 	lcall	_ds18b20_pinLow
                                   1266 ;	C:\Users\tonyp\Downloads\ch552-turbo-fan-ctrl\lib\DS18B20\DS18B20.c:55: ds18b20_delayUs(2);
      0001CC 90 00 02         [24] 1267 	mov	dptr,#0x0002
      0001CF 12r00rE7         [24] 1268 	lcall	_ds18b20_delayUs
      0001D2 D0 07            [24] 1269 	pop	ar7
                                   1270 ;	C:\Users\tonyp\Downloads\ch552-turbo-fan-ctrl\lib\DS18B20\DS18B20.c:57: if (byte & 0x01) {
      0001D4 90r00r14         [24] 1271 	mov	dptr,#_ds18b20_writeByte_PARM_2
      0001D7 E0               [24] 1272 	movx	a,@dptr
      0001D8 30 E0 1A         [24] 1273 	jnb	acc.0,00102$
                                   1274 ;	C:\Users\tonyp\Downloads\ch552-turbo-fan-ctrl\lib\DS18B20\DS18B20.c:58: ds18b20_pinHigh(dev);
      0001DB 90r00r15         [24] 1275 	mov	dptr,#_ds18b20_writeByte_dev_65536_189
      0001DE E0               [24] 1276 	movx	a,@dptr
      0001DF FC               [12] 1277 	mov	r4,a
      0001E0 A3               [24] 1278 	inc	dptr
      0001E1 E0               [24] 1279 	movx	a,@dptr
      0001E2 FD               [12] 1280 	mov	r5,a
      0001E3 A3               [24] 1281 	inc	dptr
      0001E4 E0               [24] 1282 	movx	a,@dptr
      0001E5 FE               [12] 1283 	mov	r6,a
      0001E6 8C 82            [24] 1284 	mov	dpl,r4
      0001E8 8D 83            [24] 1285 	mov	dph,r5
      0001EA 8E F0            [24] 1286 	mov	b,r6
      0001EC C0 07            [24] 1287 	push	ar7
      0001EE 12r00r5F         [24] 1288 	lcall	_ds18b20_pinHigh
      0001F1 D0 07            [24] 1289 	pop	ar7
      0001F3 80 18            [24] 1290 	sjmp	00103$
      0001F5                       1291 00102$:
                                   1292 ;	C:\Users\tonyp\Downloads\ch552-turbo-fan-ctrl\lib\DS18B20\DS18B20.c:60: ds18b20_pinLow(dev);
      0001F5 90r00r15         [24] 1293 	mov	dptr,#_ds18b20_writeByte_dev_65536_189
      0001F8 E0               [24] 1294 	movx	a,@dptr
      0001F9 FC               [12] 1295 	mov	r4,a
      0001FA A3               [24] 1296 	inc	dptr
      0001FB E0               [24] 1297 	movx	a,@dptr
      0001FC FD               [12] 1298 	mov	r5,a
      0001FD A3               [24] 1299 	inc	dptr
      0001FE E0               [24] 1300 	movx	a,@dptr
      0001FF FE               [12] 1301 	mov	r6,a
      000200 8C 82            [24] 1302 	mov	dpl,r4
      000202 8D 83            [24] 1303 	mov	dph,r5
      000204 8E F0            [24] 1304 	mov	b,r6
      000206 C0 07            [24] 1305 	push	ar7
      000208 12r00r8F         [24] 1306 	lcall	_ds18b20_pinLow
      00020B D0 07            [24] 1307 	pop	ar7
      00020D                       1308 00103$:
                                   1309 ;	C:\Users\tonyp\Downloads\ch552-turbo-fan-ctrl\lib\DS18B20\DS18B20.c:63: ds18b20_delayUs(60);
      00020D 90 00 3C         [24] 1310 	mov	dptr,#0x003c
      000210 C0 07            [24] 1311 	push	ar7
      000212 12r00rE7         [24] 1312 	lcall	_ds18b20_delayUs
                                   1313 ;	C:\Users\tonyp\Downloads\ch552-turbo-fan-ctrl\lib\DS18B20\DS18B20.c:64: ds18b20_pinHigh(dev);
      000215 90r00r15         [24] 1314 	mov	dptr,#_ds18b20_writeByte_dev_65536_189
      000218 E0               [24] 1315 	movx	a,@dptr
      000219 FC               [12] 1316 	mov	r4,a
      00021A A3               [24] 1317 	inc	dptr
      00021B E0               [24] 1318 	movx	a,@dptr
      00021C FD               [12] 1319 	mov	r5,a
      00021D A3               [24] 1320 	inc	dptr
      00021E E0               [24] 1321 	movx	a,@dptr
      00021F FE               [12] 1322 	mov	r6,a
      000220 8C 82            [24] 1323 	mov	dpl,r4
      000222 8D 83            [24] 1324 	mov	dph,r5
      000224 8E F0            [24] 1325 	mov	b,r6
      000226 12r00r5F         [24] 1326 	lcall	_ds18b20_pinHigh
                                   1327 ;	C:\Users\tonyp\Downloads\ch552-turbo-fan-ctrl\lib\DS18B20\DS18B20.c:65: ds18b20_delayUs(2);
      000229 90 00 02         [24] 1328 	mov	dptr,#0x0002
      00022C 12r00rE7         [24] 1329 	lcall	_ds18b20_delayUs
      00022F D0 07            [24] 1330 	pop	ar7
                                   1331 ;	C:\Users\tonyp\Downloads\ch552-turbo-fan-ctrl\lib\DS18B20\DS18B20.c:67: byte >>= 1;
      000231 90r00r14         [24] 1332 	mov	dptr,#_ds18b20_writeByte_PARM_2
      000234 E0               [24] 1333 	movx	a,@dptr
      000235 C3               [12] 1334 	clr	c
      000236 13               [12] 1335 	rrc	a
      000237 FE               [12] 1336 	mov	r6,a
      000238 F0               [24] 1337 	movx	@dptr,a
                                   1338 ;	C:\Users\tonyp\Downloads\ch552-turbo-fan-ctrl\lib\DS18B20\DS18B20.c:52: for (i = 0; i < 8; i++) {
      000239 0F               [12] 1339 	inc	r7
      00023A BF 08 00         [24] 1340 	cjne	r7,#0x08,00119$
      00023D                       1341 00119$:
      00023D 50 03            [24] 1342 	jnc	00120$
      00023F 02r01rA2         [24] 1343 	ljmp	00105$
      000242                       1344 00120$:
                                   1345 ;	C:\Users\tonyp\Downloads\ch552-turbo-fan-ctrl\lib\DS18B20\DS18B20.c:69: }
      000242 22               [24] 1346 	ret
                                   1347 ;------------------------------------------------------------
                                   1348 ;Allocation info for local variables in function 'ds18b20_readByte'
                                   1349 ;------------------------------------------------------------
                                   1350 ;dev                       Allocated with name '_ds18b20_readByte_dev_65536_195'
                                   1351 ;i                         Allocated with name '_ds18b20_readByte_i_65536_196'
                                   1352 ;byte                      Allocated with name '_ds18b20_readByte_byte_65536_196'
                                   1353 ;------------------------------------------------------------
                                   1354 ;	C:\Users\tonyp\Downloads\ch552-turbo-fan-ctrl\lib\DS18B20\DS18B20.c:71: static uint8_t ds18b20_readByte(DS18B20* dev) {
                                   1355 ;	-----------------------------------------
                                   1356 ;	 function ds18b20_readByte
                                   1357 ;	-----------------------------------------
      000243                       1358 _ds18b20_readByte:
      000243 AF F0            [24] 1359 	mov	r7,b
      000245 AE 83            [24] 1360 	mov	r6,dph
      000247 E5 82            [12] 1361 	mov	a,dpl
      000249 90r00r18         [24] 1362 	mov	dptr,#_ds18b20_readByte_dev_65536_195
      00024C F0               [24] 1363 	movx	@dptr,a
      00024D EE               [12] 1364 	mov	a,r6
      00024E A3               [24] 1365 	inc	dptr
      00024F F0               [24] 1366 	movx	@dptr,a
      000250 EF               [12] 1367 	mov	a,r7
      000251 A3               [24] 1368 	inc	dptr
      000252 F0               [24] 1369 	movx	@dptr,a
                                   1370 ;	C:\Users\tonyp\Downloads\ch552-turbo-fan-ctrl\lib\DS18B20\DS18B20.c:72: uint8_t i, byte = 0;
      000253 90r00r1B         [24] 1371 	mov	dptr,#_ds18b20_readByte_byte_65536_196
      000256 E4               [12] 1372 	clr	a
      000257 F0               [24] 1373 	movx	@dptr,a
                                   1374 ;	C:\Users\tonyp\Downloads\ch552-turbo-fan-ctrl\lib\DS18B20\DS18B20.c:74: for (i = 0; i < 8; i++) {
      000258 7F 00            [12] 1375 	mov	r7,#0x00
      00025A                       1376 00104$:
                                   1377 ;	C:\Users\tonyp\Downloads\ch552-turbo-fan-ctrl\lib\DS18B20\DS18B20.c:75: ds18b20_pinOutput(dev);
      00025A 90r00r18         [24] 1378 	mov	dptr,#_ds18b20_readByte_dev_65536_195
      00025D E0               [24] 1379 	movx	a,@dptr
      00025E FC               [12] 1380 	mov	r4,a
      00025F A3               [24] 1381 	inc	dptr
      000260 E0               [24] 1382 	movx	a,@dptr
      000261 FD               [12] 1383 	mov	r5,a
      000262 A3               [24] 1384 	inc	dptr
      000263 E0               [24] 1385 	movx	a,@dptr
      000264 FE               [12] 1386 	mov	r6,a
      000265 8C 82            [24] 1387 	mov	dpl,r4
      000267 8D 83            [24] 1388 	mov	dph,r5
      000269 8E F0            [24] 1389 	mov	b,r6
      00026B C0 07            [24] 1390 	push	ar7
      00026D 12r00r00         [24] 1391 	lcall	_ds18b20_pinOutput
                                   1392 ;	C:\Users\tonyp\Downloads\ch552-turbo-fan-ctrl\lib\DS18B20\DS18B20.c:76: ds18b20_pinLow(dev);
      000270 90r00r18         [24] 1393 	mov	dptr,#_ds18b20_readByte_dev_65536_195
      000273 E0               [24] 1394 	movx	a,@dptr
      000274 FC               [12] 1395 	mov	r4,a
      000275 A3               [24] 1396 	inc	dptr
      000276 E0               [24] 1397 	movx	a,@dptr
      000277 FD               [12] 1398 	mov	r5,a
      000278 A3               [24] 1399 	inc	dptr
      000279 E0               [24] 1400 	movx	a,@dptr
      00027A FE               [12] 1401 	mov	r6,a
      00027B 8C 82            [24] 1402 	mov	dpl,r4
      00027D 8D 83            [24] 1403 	mov	dph,r5
      00027F 8E F0            [24] 1404 	mov	b,r6
      000281 12r00r8F         [24] 1405 	lcall	_ds18b20_pinLow
                                   1406 ;	C:\Users\tonyp\Downloads\ch552-turbo-fan-ctrl\lib\DS18B20\DS18B20.c:77: ds18b20_delayUs(2);
      000284 90 00 02         [24] 1407 	mov	dptr,#0x0002
      000287 12r00rE7         [24] 1408 	lcall	_ds18b20_delayUs
                                   1409 ;	C:\Users\tonyp\Downloads\ch552-turbo-fan-ctrl\lib\DS18B20\DS18B20.c:79: ds18b20_pinHigh(dev);
      00028A 90r00r18         [24] 1410 	mov	dptr,#_ds18b20_readByte_dev_65536_195
      00028D E0               [24] 1411 	movx	a,@dptr
      00028E FC               [12] 1412 	mov	r4,a
      00028F A3               [24] 1413 	inc	dptr
      000290 E0               [24] 1414 	movx	a,@dptr
      000291 FD               [12] 1415 	mov	r5,a
      000292 A3               [24] 1416 	inc	dptr
      000293 E0               [24] 1417 	movx	a,@dptr
      000294 FE               [12] 1418 	mov	r6,a
      000295 8C 82            [24] 1419 	mov	dpl,r4
      000297 8D 83            [24] 1420 	mov	dph,r5
      000299 8E F0            [24] 1421 	mov	b,r6
      00029B 12r00r5F         [24] 1422 	lcall	_ds18b20_pinHigh
                                   1423 ;	C:\Users\tonyp\Downloads\ch552-turbo-fan-ctrl\lib\DS18B20\DS18B20.c:80: ds18b20_pinInput(dev);
      00029E 90r00r18         [24] 1424 	mov	dptr,#_ds18b20_readByte_dev_65536_195
      0002A1 E0               [24] 1425 	movx	a,@dptr
      0002A2 FC               [12] 1426 	mov	r4,a
      0002A3 A3               [24] 1427 	inc	dptr
      0002A4 E0               [24] 1428 	movx	a,@dptr
      0002A5 FD               [12] 1429 	mov	r5,a
      0002A6 A3               [24] 1430 	inc	dptr
      0002A7 E0               [24] 1431 	movx	a,@dptr
      0002A8 FE               [12] 1432 	mov	r6,a
      0002A9 8C 82            [24] 1433 	mov	dpl,r4
      0002AB 8D 83            [24] 1434 	mov	dph,r5
      0002AD 8E F0            [24] 1435 	mov	b,r6
      0002AF 12r00r30         [24] 1436 	lcall	_ds18b20_pinInput
                                   1437 ;	C:\Users\tonyp\Downloads\ch552-turbo-fan-ctrl\lib\DS18B20\DS18B20.c:81: ds18b20_delayUs(12);
      0002B2 90 00 0C         [24] 1438 	mov	dptr,#0x000c
      0002B5 12r00rE7         [24] 1439 	lcall	_ds18b20_delayUs
                                   1440 ;	C:\Users\tonyp\Downloads\ch552-turbo-fan-ctrl\lib\DS18B20\DS18B20.c:83: if (ds18b20_pinRead(dev)) {
      0002B8 90r00r18         [24] 1441 	mov	dptr,#_ds18b20_readByte_dev_65536_195
      0002BB E0               [24] 1442 	movx	a,@dptr
      0002BC FC               [12] 1443 	mov	r4,a
      0002BD A3               [24] 1444 	inc	dptr
      0002BE E0               [24] 1445 	movx	a,@dptr
      0002BF FD               [12] 1446 	mov	r5,a
      0002C0 A3               [24] 1447 	inc	dptr
      0002C1 E0               [24] 1448 	movx	a,@dptr
      0002C2 FE               [12] 1449 	mov	r6,a
      0002C3 8C 82            [24] 1450 	mov	dpl,r4
      0002C5 8D 83            [24] 1451 	mov	dph,r5
      0002C7 8E F0            [24] 1452 	mov	b,r6
      0002C9 12r00rBE         [24] 1453 	lcall	_ds18b20_pinRead
      0002CC E5 82            [12] 1454 	mov	a,dpl
      0002CE D0 07            [24] 1455 	pop	ar7
      0002D0 60 16            [24] 1456 	jz	00102$
                                   1457 ;	C:\Users\tonyp\Downloads\ch552-turbo-fan-ctrl\lib\DS18B20\DS18B20.c:84: byte |= (1 << i);
      0002D2 8F 06            [24] 1458 	mov	ar6,r7
      0002D4 8E F0            [24] 1459 	mov	b,r6
      0002D6 05 F0            [12] 1460 	inc	b
      0002D8 74 01            [12] 1461 	mov	a,#0x01
      0002DA 80 02            [24] 1462 	sjmp	00124$
      0002DC                       1463 00122$:
      0002DC 25 E0            [12] 1464 	add	a,acc
      0002DE                       1465 00124$:
      0002DE D5 F0 FB         [24] 1466 	djnz	b,00122$
      0002E1 FE               [12] 1467 	mov	r6,a
      0002E2 90r00r1B         [24] 1468 	mov	dptr,#_ds18b20_readByte_byte_65536_196
      0002E5 E0               [24] 1469 	movx	a,@dptr
      0002E6 4E               [12] 1470 	orl	a,r6
      0002E7 F0               [24] 1471 	movx	@dptr,a
      0002E8                       1472 00102$:
                                   1473 ;	C:\Users\tonyp\Downloads\ch552-turbo-fan-ctrl\lib\DS18B20\DS18B20.c:87: ds18b20_delayUs(50);
      0002E8 90 00 32         [24] 1474 	mov	dptr,#0x0032
      0002EB C0 07            [24] 1475 	push	ar7
      0002ED 12r00rE7         [24] 1476 	lcall	_ds18b20_delayUs
      0002F0 D0 07            [24] 1477 	pop	ar7
                                   1478 ;	C:\Users\tonyp\Downloads\ch552-turbo-fan-ctrl\lib\DS18B20\DS18B20.c:74: for (i = 0; i < 8; i++) {
      0002F2 0F               [12] 1479 	inc	r7
      0002F3 BF 08 00         [24] 1480 	cjne	r7,#0x08,00125$
      0002F6                       1481 00125$:
      0002F6 50 03            [24] 1482 	jnc	00126$
      0002F8 02r02r5A         [24] 1483 	ljmp	00104$
      0002FB                       1484 00126$:
                                   1485 ;	C:\Users\tonyp\Downloads\ch552-turbo-fan-ctrl\lib\DS18B20\DS18B20.c:90: return byte;
      0002FB 90r00r1B         [24] 1486 	mov	dptr,#_ds18b20_readByte_byte_65536_196
      0002FE E0               [24] 1487 	movx	a,@dptr
                                   1488 ;	C:\Users\tonyp\Downloads\ch552-turbo-fan-ctrl\lib\DS18B20\DS18B20.c:91: }
      0002FF F5 82            [12] 1489 	mov	dpl,a
      000301 22               [24] 1490 	ret
                                   1491 ;------------------------------------------------------------
                                   1492 ;Allocation info for local variables in function 'ds18b20_readScratchpad'
                                   1493 ;------------------------------------------------------------
                                   1494 ;data                      Allocated with name '_ds18b20_readScratchpad_PARM_2'
                                   1495 ;dev                       Allocated with name '_ds18b20_readScratchpad_dev_65536_200'
                                   1496 ;i                         Allocated with name '_ds18b20_readScratchpad_i_65536_201'
                                   1497 ;------------------------------------------------------------
                                   1498 ;	C:\Users\tonyp\Downloads\ch552-turbo-fan-ctrl\lib\DS18B20\DS18B20.c:93: static uint8_t ds18b20_readScratchpad(DS18B20* dev, uint8_t *data) {
                                   1499 ;	-----------------------------------------
                                   1500 ;	 function ds18b20_readScratchpad
                                   1501 ;	-----------------------------------------
      000302                       1502 _ds18b20_readScratchpad:
      000302 AF F0            [24] 1503 	mov	r7,b
      000304 AE 83            [24] 1504 	mov	r6,dph
      000306 E5 82            [12] 1505 	mov	a,dpl
      000308 90r00r1F         [24] 1506 	mov	dptr,#_ds18b20_readScratchpad_dev_65536_200
      00030B F0               [24] 1507 	movx	@dptr,a
      00030C EE               [12] 1508 	mov	a,r6
      00030D A3               [24] 1509 	inc	dptr
      00030E F0               [24] 1510 	movx	@dptr,a
      00030F EF               [12] 1511 	mov	a,r7
      000310 A3               [24] 1512 	inc	dptr
      000311 F0               [24] 1513 	movx	@dptr,a
                                   1514 ;	C:\Users\tonyp\Downloads\ch552-turbo-fan-ctrl\lib\DS18B20\DS18B20.c:96: if (ds18b20_reset(dev)) {
      000312 90r00r1F         [24] 1515 	mov	dptr,#_ds18b20_readScratchpad_dev_65536_200
      000315 E0               [24] 1516 	movx	a,@dptr
      000316 FD               [12] 1517 	mov	r5,a
      000317 A3               [24] 1518 	inc	dptr
      000318 E0               [24] 1519 	movx	a,@dptr
      000319 FE               [12] 1520 	mov	r6,a
      00031A A3               [24] 1521 	inc	dptr
      00031B E0               [24] 1522 	movx	a,@dptr
      00031C FF               [12] 1523 	mov	r7,a
      00031D 8D 82            [24] 1524 	mov	dpl,r5
      00031F 8E 83            [24] 1525 	mov	dph,r6
      000321 8F F0            [24] 1526 	mov	b,r7
      000323 12r01r01         [24] 1527 	lcall	_ds18b20_reset
      000326 E5 82            [12] 1528 	mov	a,dpl
      000328 60 04            [24] 1529 	jz	00102$
                                   1530 ;	C:\Users\tonyp\Downloads\ch552-turbo-fan-ctrl\lib\DS18B20\DS18B20.c:97: return 1;
      00032A 75 82 01         [24] 1531 	mov	dpl,#0x01
      00032D 22               [24] 1532 	ret
      00032E                       1533 00102$:
                                   1534 ;	C:\Users\tonyp\Downloads\ch552-turbo-fan-ctrl\lib\DS18B20\DS18B20.c:100: ds18b20_writeByte(dev, DS18B20_CMD_SKIP_ROM);
      00032E 90r00r1F         [24] 1535 	mov	dptr,#_ds18b20_readScratchpad_dev_65536_200
      000331 E0               [24] 1536 	movx	a,@dptr
      000332 FD               [12] 1537 	mov	r5,a
      000333 A3               [24] 1538 	inc	dptr
      000334 E0               [24] 1539 	movx	a,@dptr
      000335 FE               [12] 1540 	mov	r6,a
      000336 A3               [24] 1541 	inc	dptr
      000337 E0               [24] 1542 	movx	a,@dptr
      000338 FF               [12] 1543 	mov	r7,a
      000339 90r00r14         [24] 1544 	mov	dptr,#_ds18b20_writeByte_PARM_2
      00033C 74 CC            [12] 1545 	mov	a,#0xcc
      00033E F0               [24] 1546 	movx	@dptr,a
      00033F 8D 82            [24] 1547 	mov	dpl,r5
      000341 8E 83            [24] 1548 	mov	dph,r6
      000343 8F F0            [24] 1549 	mov	b,r7
      000345 12r01r90         [24] 1550 	lcall	_ds18b20_writeByte
                                   1551 ;	C:\Users\tonyp\Downloads\ch552-turbo-fan-ctrl\lib\DS18B20\DS18B20.c:101: ds18b20_writeByte(dev, DS18B20_CMD_READ_SCRATCHPAD);
      000348 90r00r1F         [24] 1552 	mov	dptr,#_ds18b20_readScratchpad_dev_65536_200
      00034B E0               [24] 1553 	movx	a,@dptr
      00034C FD               [12] 1554 	mov	r5,a
      00034D A3               [24] 1555 	inc	dptr
      00034E E0               [24] 1556 	movx	a,@dptr
      00034F FE               [12] 1557 	mov	r6,a
      000350 A3               [24] 1558 	inc	dptr
      000351 E0               [24] 1559 	movx	a,@dptr
      000352 FF               [12] 1560 	mov	r7,a
      000353 90r00r14         [24] 1561 	mov	dptr,#_ds18b20_writeByte_PARM_2
      000356 74 BE            [12] 1562 	mov	a,#0xbe
      000358 F0               [24] 1563 	movx	@dptr,a
      000359 8D 82            [24] 1564 	mov	dpl,r5
      00035B 8E 83            [24] 1565 	mov	dph,r6
      00035D 8F F0            [24] 1566 	mov	b,r7
      00035F 12r01r90         [24] 1567 	lcall	_ds18b20_writeByte
                                   1568 ;	C:\Users\tonyp\Downloads\ch552-turbo-fan-ctrl\lib\DS18B20\DS18B20.c:103: for (i = 0; i < 9; i++) {
      000362 90r00r1C         [24] 1569 	mov	dptr,#_ds18b20_readScratchpad_PARM_2
      000365 E0               [24] 1570 	movx	a,@dptr
      000366 FD               [12] 1571 	mov	r5,a
      000367 A3               [24] 1572 	inc	dptr
      000368 E0               [24] 1573 	movx	a,@dptr
      000369 FE               [12] 1574 	mov	r6,a
      00036A A3               [24] 1575 	inc	dptr
      00036B E0               [24] 1576 	movx	a,@dptr
      00036C FF               [12] 1577 	mov	r7,a
      00036D 7C 00            [12] 1578 	mov	r4,#0x00
      00036F                       1579 00104$:
                                   1580 ;	C:\Users\tonyp\Downloads\ch552-turbo-fan-ctrl\lib\DS18B20\DS18B20.c:104: data[i] = ds18b20_readByte(dev);
      00036F EC               [12] 1581 	mov	a,r4
      000370 2D               [12] 1582 	add	a,r5
      000371 F9               [12] 1583 	mov	r1,a
      000372 E4               [12] 1584 	clr	a
      000373 3E               [12] 1585 	addc	a,r6
      000374 FA               [12] 1586 	mov	r2,a
      000375 8F 03            [24] 1587 	mov	ar3,r7
      000377 C0 05            [24] 1588 	push	ar5
      000379 C0 06            [24] 1589 	push	ar6
      00037B C0 07            [24] 1590 	push	ar7
      00037D 90r00r1F         [24] 1591 	mov	dptr,#_ds18b20_readScratchpad_dev_65536_200
      000380 E0               [24] 1592 	movx	a,@dptr
      000381 F8               [12] 1593 	mov	r0,a
      000382 A3               [24] 1594 	inc	dptr
      000383 E0               [24] 1595 	movx	a,@dptr
      000384 FE               [12] 1596 	mov	r6,a
      000385 A3               [24] 1597 	inc	dptr
      000386 E0               [24] 1598 	movx	a,@dptr
      000387 FF               [12] 1599 	mov	r7,a
      000388 88 82            [24] 1600 	mov	dpl,r0
      00038A 8E 83            [24] 1601 	mov	dph,r6
      00038C 8F F0            [24] 1602 	mov	b,r7
      00038E C0 06            [24] 1603 	push	ar6
      000390 C0 05            [24] 1604 	push	ar5
      000392 C0 04            [24] 1605 	push	ar4
      000394 C0 03            [24] 1606 	push	ar3
      000396 C0 02            [24] 1607 	push	ar2
      000398 C0 01            [24] 1608 	push	ar1
      00039A 12r02r43         [24] 1609 	lcall	_ds18b20_readByte
      00039D AF 82            [24] 1610 	mov	r7,dpl
      00039F D0 01            [24] 1611 	pop	ar1
      0003A1 D0 02            [24] 1612 	pop	ar2
      0003A3 D0 03            [24] 1613 	pop	ar3
      0003A5 D0 04            [24] 1614 	pop	ar4
      0003A7 D0 05            [24] 1615 	pop	ar5
      0003A9 D0 06            [24] 1616 	pop	ar6
      0003AB 89 82            [24] 1617 	mov	dpl,r1
      0003AD 8A 83            [24] 1618 	mov	dph,r2
      0003AF 8B F0            [24] 1619 	mov	b,r3
      0003B1 EF               [12] 1620 	mov	a,r7
      0003B2 12r00r00         [24] 1621 	lcall	__gptrput
                                   1622 ;	C:\Users\tonyp\Downloads\ch552-turbo-fan-ctrl\lib\DS18B20\DS18B20.c:103: for (i = 0; i < 9; i++) {
      0003B5 0C               [12] 1623 	inc	r4
      0003B6 BC 09 00         [24] 1624 	cjne	r4,#0x09,00122$
      0003B9                       1625 00122$:
      0003B9 D0 07            [24] 1626 	pop	ar7
      0003BB D0 06            [24] 1627 	pop	ar6
      0003BD D0 05            [24] 1628 	pop	ar5
      0003BF 40 AE            [24] 1629 	jc	00104$
                                   1630 ;	C:\Users\tonyp\Downloads\ch552-turbo-fan-ctrl\lib\DS18B20\DS18B20.c:107: return 0;
      0003C1 75 82 00         [24] 1631 	mov	dpl,#0x00
                                   1632 ;	C:\Users\tonyp\Downloads\ch552-turbo-fan-ctrl\lib\DS18B20\DS18B20.c:108: }
      0003C4 22               [24] 1633 	ret
                                   1634 ;------------------------------------------------------------
                                   1635 ;Allocation info for local variables in function 'DS18B20_init'
                                   1636 ;------------------------------------------------------------
                                   1637 ;data_pin                  Allocated with name '_DS18B20_init_PARM_2'
                                   1638 ;dev                       Allocated with name '_DS18B20_init_dev_65536_205'
                                   1639 ;------------------------------------------------------------
                                   1640 ;	C:\Users\tonyp\Downloads\ch552-turbo-fan-ctrl\lib\DS18B20\DS18B20.c:110: void DS18B20_init(DS18B20* dev, uint8_t data_pin) {
                                   1641 ;	-----------------------------------------
                                   1642 ;	 function DS18B20_init
                                   1643 ;	-----------------------------------------
      0003C5                       1644 _DS18B20_init:
      0003C5 AF F0            [24] 1645 	mov	r7,b
      0003C7 AE 83            [24] 1646 	mov	r6,dph
      0003C9 E5 82            [12] 1647 	mov	a,dpl
      0003CB 90r00r23         [24] 1648 	mov	dptr,#_DS18B20_init_dev_65536_205
      0003CE F0               [24] 1649 	movx	@dptr,a
      0003CF EE               [12] 1650 	mov	a,r6
      0003D0 A3               [24] 1651 	inc	dptr
      0003D1 F0               [24] 1652 	movx	@dptr,a
      0003D2 EF               [12] 1653 	mov	a,r7
      0003D3 A3               [24] 1654 	inc	dptr
      0003D4 F0               [24] 1655 	movx	@dptr,a
                                   1656 ;	C:\Users\tonyp\Downloads\ch552-turbo-fan-ctrl\lib\DS18B20\DS18B20.c:111: dev->pin = data_pin;
      0003D5 90r00r23         [24] 1657 	mov	dptr,#_DS18B20_init_dev_65536_205
      0003D8 E0               [24] 1658 	movx	a,@dptr
      0003D9 FD               [12] 1659 	mov	r5,a
      0003DA A3               [24] 1660 	inc	dptr
      0003DB E0               [24] 1661 	movx	a,@dptr
      0003DC FE               [12] 1662 	mov	r6,a
      0003DD A3               [24] 1663 	inc	dptr
      0003DE E0               [24] 1664 	movx	a,@dptr
      0003DF FF               [12] 1665 	mov	r7,a
      0003E0 90r00r22         [24] 1666 	mov	dptr,#_DS18B20_init_PARM_2
      0003E3 E0               [24] 1667 	movx	a,@dptr
      0003E4 8D 82            [24] 1668 	mov	dpl,r5
      0003E6 8E 83            [24] 1669 	mov	dph,r6
      0003E8 8F F0            [24] 1670 	mov	b,r7
                                   1671 ;	C:\Users\tonyp\Downloads\ch552-turbo-fan-ctrl\lib\DS18B20\DS18B20.c:112: }
      0003EA 02r00r00         [24] 1672 	ljmp	__gptrput
                                   1673 ;------------------------------------------------------------
                                   1674 ;Allocation info for local variables in function 'DS18B20_begin'
                                   1675 ;------------------------------------------------------------
                                   1676 ;dev                       Allocated with name '_DS18B20_begin_dev_65536_207'
                                   1677 ;------------------------------------------------------------
                                   1678 ;	C:\Users\tonyp\Downloads\ch552-turbo-fan-ctrl\lib\DS18B20\DS18B20.c:114: void DS18B20_begin(DS18B20* dev) {
                                   1679 ;	-----------------------------------------
                                   1680 ;	 function DS18B20_begin
                                   1681 ;	-----------------------------------------
      0003ED                       1682 _DS18B20_begin:
      0003ED AF F0            [24] 1683 	mov	r7,b
      0003EF AE 83            [24] 1684 	mov	r6,dph
      0003F1 E5 82            [12] 1685 	mov	a,dpl
      0003F3 90r00r26         [24] 1686 	mov	dptr,#_DS18B20_begin_dev_65536_207
      0003F6 F0               [24] 1687 	movx	@dptr,a
      0003F7 EE               [12] 1688 	mov	a,r6
      0003F8 A3               [24] 1689 	inc	dptr
      0003F9 F0               [24] 1690 	movx	@dptr,a
      0003FA EF               [12] 1691 	mov	a,r7
      0003FB A3               [24] 1692 	inc	dptr
      0003FC F0               [24] 1693 	movx	@dptr,a
                                   1694 ;	C:\Users\tonyp\Downloads\ch552-turbo-fan-ctrl\lib\DS18B20\DS18B20.c:115: pinMode(dev->pin, OUTPUT);
      0003FD 90r00r26         [24] 1695 	mov	dptr,#_DS18B20_begin_dev_65536_207
      000400 E0               [24] 1696 	movx	a,@dptr
      000401 FD               [12] 1697 	mov	r5,a
      000402 A3               [24] 1698 	inc	dptr
      000403 E0               [24] 1699 	movx	a,@dptr
      000404 FE               [12] 1700 	mov	r6,a
      000405 A3               [24] 1701 	inc	dptr
      000406 E0               [24] 1702 	movx	a,@dptr
      000407 FF               [12] 1703 	mov	r7,a
      000408 8D 82            [24] 1704 	mov	dpl,r5
      00040A 8E 83            [24] 1705 	mov	dph,r6
      00040C 8F F0            [24] 1706 	mov	b,r7
      00040E 12r00r00         [24] 1707 	lcall	__gptrget
      000411 FC               [12] 1708 	mov	r4,a
      000412 90r00r00         [24] 1709 	mov	dptr,#_pinMode_PARM_2
      000415 74 01            [12] 1710 	mov	a,#0x01
      000417 F0               [24] 1711 	movx	@dptr,a
      000418 8C 82            [24] 1712 	mov	dpl,r4
      00041A C0 07            [24] 1713 	push	ar7
      00041C C0 06            [24] 1714 	push	ar6
      00041E C0 05            [24] 1715 	push	ar5
      000420 12r00r00         [24] 1716 	lcall	_pinMode
      000423 D0 05            [24] 1717 	pop	ar5
      000425 D0 06            [24] 1718 	pop	ar6
      000427 D0 07            [24] 1719 	pop	ar7
                                   1720 ;	C:\Users\tonyp\Downloads\ch552-turbo-fan-ctrl\lib\DS18B20\DS18B20.c:116: digitalWrite(dev->pin, HIGH);
      000429 8D 82            [24] 1721 	mov	dpl,r5
      00042B 8E 83            [24] 1722 	mov	dph,r6
      00042D 8F F0            [24] 1723 	mov	b,r7
      00042F 12r00r00         [24] 1724 	lcall	__gptrget
      000432 FD               [12] 1725 	mov	r5,a
      000433 90r00r00         [24] 1726 	mov	dptr,#_digitalWrite_PARM_2
      000436 74 01            [12] 1727 	mov	a,#0x01
      000438 F0               [24] 1728 	movx	@dptr,a
      000439 8D 82            [24] 1729 	mov	dpl,r5
                                   1730 ;	C:\Users\tonyp\Downloads\ch552-turbo-fan-ctrl\lib\DS18B20\DS18B20.c:117: }
      00043B 02r00r00         [24] 1731 	ljmp	_digitalWrite
                                   1732 ;------------------------------------------------------------
                                   1733 ;Allocation info for local variables in function 'DS18B20_readTemperature'
                                   1734 ;------------------------------------------------------------
                                   1735 ;dev                       Allocated with name '_DS18B20_readTemperature_dev_65536_209'
                                   1736 ;temp_low                  Allocated with name '_DS18B20_readTemperature_temp_low_65536_210'
                                   1737 ;temp_high                 Allocated with name '_DS18B20_readTemperature_temp_high_65536_210'
                                   1738 ;temp_raw                  Allocated with name '_DS18B20_readTemperature_temp_raw_65536_210'
                                   1739 ;temperature               Allocated with name '_DS18B20_readTemperature_temperature_65536_210'
                                   1740 ;------------------------------------------------------------
                                   1741 ;	C:\Users\tonyp\Downloads\ch552-turbo-fan-ctrl\lib\DS18B20\DS18B20.c:119: float DS18B20_readTemperature(DS18B20* dev) {
                                   1742 ;	-----------------------------------------
                                   1743 ;	 function DS18B20_readTemperature
                                   1744 ;	-----------------------------------------
      00043E                       1745 _DS18B20_readTemperature:
      00043E AF F0            [24] 1746 	mov	r7,b
      000440 AE 83            [24] 1747 	mov	r6,dph
      000442 E5 82            [12] 1748 	mov	a,dpl
      000444 90r00r29         [24] 1749 	mov	dptr,#_DS18B20_readTemperature_dev_65536_209
      000447 F0               [24] 1750 	movx	@dptr,a
      000448 EE               [12] 1751 	mov	a,r6
      000449 A3               [24] 1752 	inc	dptr
      00044A F0               [24] 1753 	movx	@dptr,a
      00044B EF               [12] 1754 	mov	a,r7
      00044C A3               [24] 1755 	inc	dptr
      00044D F0               [24] 1756 	movx	@dptr,a
                                   1757 ;	C:\Users\tonyp\Downloads\ch552-turbo-fan-ctrl\lib\DS18B20\DS18B20.c:124: if (ds18b20_reset(dev)) {
      00044E 90r00r29         [24] 1758 	mov	dptr,#_DS18B20_readTemperature_dev_65536_209
      000451 E0               [24] 1759 	movx	a,@dptr
      000452 FD               [12] 1760 	mov	r5,a
      000453 A3               [24] 1761 	inc	dptr
      000454 E0               [24] 1762 	movx	a,@dptr
      000455 FE               [12] 1763 	mov	r6,a
      000456 A3               [24] 1764 	inc	dptr
      000457 E0               [24] 1765 	movx	a,@dptr
      000458 FF               [12] 1766 	mov	r7,a
      000459 8D 82            [24] 1767 	mov	dpl,r5
      00045B 8E 83            [24] 1768 	mov	dph,r6
      00045D 8F F0            [24] 1769 	mov	b,r7
      00045F 12r01r01         [24] 1770 	lcall	_ds18b20_reset
      000462 E5 82            [12] 1771 	mov	a,dpl
      000464 60 09            [24] 1772 	jz	00102$
                                   1773 ;	C:\Users\tonyp\Downloads\ch552-turbo-fan-ctrl\lib\DS18B20\DS18B20.c:125: return -999.0;
      000466 90 C0 00         [24] 1774 	mov	dptr,#0xc000
      000469 75 F0 79         [24] 1775 	mov	b,#0x79
      00046C 74 C4            [12] 1776 	mov	a,#0xc4
      00046E 22               [24] 1777 	ret
      00046F                       1778 00102$:
                                   1779 ;	C:\Users\tonyp\Downloads\ch552-turbo-fan-ctrl\lib\DS18B20\DS18B20.c:128: ds18b20_writeByte(dev, DS18B20_CMD_SKIP_ROM);
      00046F 90r00r29         [24] 1780 	mov	dptr,#_DS18B20_readTemperature_dev_65536_209
      000472 E0               [24] 1781 	movx	a,@dptr
      000473 FD               [12] 1782 	mov	r5,a
      000474 A3               [24] 1783 	inc	dptr
      000475 E0               [24] 1784 	movx	a,@dptr
      000476 FE               [12] 1785 	mov	r6,a
      000477 A3               [24] 1786 	inc	dptr
      000478 E0               [24] 1787 	movx	a,@dptr
      000479 FF               [12] 1788 	mov	r7,a
      00047A 90r00r14         [24] 1789 	mov	dptr,#_ds18b20_writeByte_PARM_2
      00047D 74 CC            [12] 1790 	mov	a,#0xcc
      00047F F0               [24] 1791 	movx	@dptr,a
      000480 8D 82            [24] 1792 	mov	dpl,r5
      000482 8E 83            [24] 1793 	mov	dph,r6
      000484 8F F0            [24] 1794 	mov	b,r7
      000486 12r01r90         [24] 1795 	lcall	_ds18b20_writeByte
                                   1796 ;	C:\Users\tonyp\Downloads\ch552-turbo-fan-ctrl\lib\DS18B20\DS18B20.c:129: ds18b20_writeByte(dev, DS18B20_CMD_CONVERT);
      000489 90r00r29         [24] 1797 	mov	dptr,#_DS18B20_readTemperature_dev_65536_209
      00048C E0               [24] 1798 	movx	a,@dptr
      00048D FD               [12] 1799 	mov	r5,a
      00048E A3               [24] 1800 	inc	dptr
      00048F E0               [24] 1801 	movx	a,@dptr
      000490 FE               [12] 1802 	mov	r6,a
      000491 A3               [24] 1803 	inc	dptr
      000492 E0               [24] 1804 	movx	a,@dptr
      000493 FF               [12] 1805 	mov	r7,a
      000494 90r00r14         [24] 1806 	mov	dptr,#_ds18b20_writeByte_PARM_2
      000497 74 44            [12] 1807 	mov	a,#0x44
      000499 F0               [24] 1808 	movx	@dptr,a
      00049A 8D 82            [24] 1809 	mov	dpl,r5
      00049C 8E 83            [24] 1810 	mov	dph,r6
      00049E 8F F0            [24] 1811 	mov	b,r7
      0004A0 12r01r90         [24] 1812 	lcall	_ds18b20_writeByte
                                   1813 ;	C:\Users\tonyp\Downloads\ch552-turbo-fan-ctrl\lib\DS18B20\DS18B20.c:131: delay(750);
      0004A3 90 02 EE         [24] 1814 	mov	dptr,#0x02ee
      0004A6 E4               [12] 1815 	clr	a
      0004A7 F5 F0            [12] 1816 	mov	b,a
      0004A9 12r00r00         [24] 1817 	lcall	_delay
                                   1818 ;	C:\Users\tonyp\Downloads\ch552-turbo-fan-ctrl\lib\DS18B20\DS18B20.c:133: if (ds18b20_reset(dev)) {
      0004AC 90r00r29         [24] 1819 	mov	dptr,#_DS18B20_readTemperature_dev_65536_209
      0004AF E0               [24] 1820 	movx	a,@dptr
      0004B0 FD               [12] 1821 	mov	r5,a
      0004B1 A3               [24] 1822 	inc	dptr
      0004B2 E0               [24] 1823 	movx	a,@dptr
      0004B3 FE               [12] 1824 	mov	r6,a
      0004B4 A3               [24] 1825 	inc	dptr
      0004B5 E0               [24] 1826 	movx	a,@dptr
      0004B6 FF               [12] 1827 	mov	r7,a
      0004B7 8D 82            [24] 1828 	mov	dpl,r5
      0004B9 8E 83            [24] 1829 	mov	dph,r6
      0004BB 8F F0            [24] 1830 	mov	b,r7
      0004BD 12r01r01         [24] 1831 	lcall	_ds18b20_reset
      0004C0 E5 82            [12] 1832 	mov	a,dpl
      0004C2 60 09            [24] 1833 	jz	00104$
                                   1834 ;	C:\Users\tonyp\Downloads\ch552-turbo-fan-ctrl\lib\DS18B20\DS18B20.c:134: return -999.0;
      0004C4 90 C0 00         [24] 1835 	mov	dptr,#0xc000
      0004C7 75 F0 79         [24] 1836 	mov	b,#0x79
      0004CA 74 C4            [12] 1837 	mov	a,#0xc4
      0004CC 22               [24] 1838 	ret
      0004CD                       1839 00104$:
                                   1840 ;	C:\Users\tonyp\Downloads\ch552-turbo-fan-ctrl\lib\DS18B20\DS18B20.c:137: ds18b20_writeByte(dev, DS18B20_CMD_SKIP_ROM);
      0004CD 90r00r29         [24] 1841 	mov	dptr,#_DS18B20_readTemperature_dev_65536_209
      0004D0 E0               [24] 1842 	movx	a,@dptr
      0004D1 FD               [12] 1843 	mov	r5,a
      0004D2 A3               [24] 1844 	inc	dptr
      0004D3 E0               [24] 1845 	movx	a,@dptr
      0004D4 FE               [12] 1846 	mov	r6,a
      0004D5 A3               [24] 1847 	inc	dptr
      0004D6 E0               [24] 1848 	movx	a,@dptr
      0004D7 FF               [12] 1849 	mov	r7,a
      0004D8 90r00r14         [24] 1850 	mov	dptr,#_ds18b20_writeByte_PARM_2
      0004DB 74 CC            [12] 1851 	mov	a,#0xcc
      0004DD F0               [24] 1852 	movx	@dptr,a
      0004DE 8D 82            [24] 1853 	mov	dpl,r5
      0004E0 8E 83            [24] 1854 	mov	dph,r6
      0004E2 8F F0            [24] 1855 	mov	b,r7
      0004E4 12r01r90         [24] 1856 	lcall	_ds18b20_writeByte
                                   1857 ;	C:\Users\tonyp\Downloads\ch552-turbo-fan-ctrl\lib\DS18B20\DS18B20.c:138: ds18b20_writeByte(dev, DS18B20_CMD_READ_SCRATCHPAD);
      0004E7 90r00r29         [24] 1858 	mov	dptr,#_DS18B20_readTemperature_dev_65536_209
      0004EA E0               [24] 1859 	movx	a,@dptr
      0004EB FD               [12] 1860 	mov	r5,a
      0004EC A3               [24] 1861 	inc	dptr
      0004ED E0               [24] 1862 	movx	a,@dptr
      0004EE FE               [12] 1863 	mov	r6,a
      0004EF A3               [24] 1864 	inc	dptr
      0004F0 E0               [24] 1865 	movx	a,@dptr
      0004F1 FF               [12] 1866 	mov	r7,a
      0004F2 90r00r14         [24] 1867 	mov	dptr,#_ds18b20_writeByte_PARM_2
      0004F5 74 BE            [12] 1868 	mov	a,#0xbe
      0004F7 F0               [24] 1869 	movx	@dptr,a
      0004F8 8D 82            [24] 1870 	mov	dpl,r5
      0004FA 8E 83            [24] 1871 	mov	dph,r6
      0004FC 8F F0            [24] 1872 	mov	b,r7
      0004FE 12r01r90         [24] 1873 	lcall	_ds18b20_writeByte
                                   1874 ;	C:\Users\tonyp\Downloads\ch552-turbo-fan-ctrl\lib\DS18B20\DS18B20.c:140: temp_low = ds18b20_readByte(dev);
      000501 90r00r29         [24] 1875 	mov	dptr,#_DS18B20_readTemperature_dev_65536_209
      000504 E0               [24] 1876 	movx	a,@dptr
      000505 FD               [12] 1877 	mov	r5,a
      000506 A3               [24] 1878 	inc	dptr
      000507 E0               [24] 1879 	movx	a,@dptr
      000508 FE               [12] 1880 	mov	r6,a
      000509 A3               [24] 1881 	inc	dptr
      00050A E0               [24] 1882 	movx	a,@dptr
      00050B FF               [12] 1883 	mov	r7,a
      00050C 8D 82            [24] 1884 	mov	dpl,r5
      00050E 8E 83            [24] 1885 	mov	dph,r6
      000510 8F F0            [24] 1886 	mov	b,r7
      000512 12r02r43         [24] 1887 	lcall	_ds18b20_readByte
      000515 AF 82            [24] 1888 	mov	r7,dpl
                                   1889 ;	C:\Users\tonyp\Downloads\ch552-turbo-fan-ctrl\lib\DS18B20\DS18B20.c:141: temp_high = ds18b20_readByte(dev);
      000517 90r00r29         [24] 1890 	mov	dptr,#_DS18B20_readTemperature_dev_65536_209
      00051A E0               [24] 1891 	movx	a,@dptr
      00051B FC               [12] 1892 	mov	r4,a
      00051C A3               [24] 1893 	inc	dptr
      00051D E0               [24] 1894 	movx	a,@dptr
      00051E FD               [12] 1895 	mov	r5,a
      00051F A3               [24] 1896 	inc	dptr
      000520 E0               [24] 1897 	movx	a,@dptr
      000521 FE               [12] 1898 	mov	r6,a
      000522 8C 82            [24] 1899 	mov	dpl,r4
      000524 8D 83            [24] 1900 	mov	dph,r5
      000526 8E F0            [24] 1901 	mov	b,r6
      000528 C0 07            [24] 1902 	push	ar7
      00052A 12r02r43         [24] 1903 	lcall	_ds18b20_readByte
      00052D AE 82            [24] 1904 	mov	r6,dpl
      00052F D0 07            [24] 1905 	pop	ar7
                                   1906 ;	C:\Users\tonyp\Downloads\ch552-turbo-fan-ctrl\lib\DS18B20\DS18B20.c:143: temp_raw = (temp_high << 8) | temp_low;
      000531 8E 05            [24] 1907 	mov	ar5,r6
      000533 E4               [12] 1908 	clr	a
      000534 FE               [12] 1909 	mov	r6,a
      000535 FC               [12] 1910 	mov	r4,a
      000536 EF               [12] 1911 	mov	a,r7
      000537 42 06            [12] 1912 	orl	ar6,a
      000539 EC               [12] 1913 	mov	a,r4
      00053A 42 05            [12] 1914 	orl	ar5,a
                                   1915 ;	C:\Users\tonyp\Downloads\ch552-turbo-fan-ctrl\lib\DS18B20\DS18B20.c:145: temperature = temp_raw * 0.0625;
      00053C 8E 82            [24] 1916 	mov	dpl,r6
      00053E 8D 83            [24] 1917 	mov	dph,r5
      000540 12r00r00         [24] 1918 	lcall	___sint2fs
      000543 AC 82            [24] 1919 	mov	r4,dpl
      000545 AD 83            [24] 1920 	mov	r5,dph
      000547 AE F0            [24] 1921 	mov	r6,b
      000549 FF               [12] 1922 	mov	r7,a
      00054A C0 04            [24] 1923 	push	ar4
      00054C C0 05            [24] 1924 	push	ar5
      00054E C0 06            [24] 1925 	push	ar6
      000550 C0 07            [24] 1926 	push	ar7
                                   1927 ;	C:\Users\tonyp\Downloads\ch552-turbo-fan-ctrl\lib\DS18B20\DS18B20.c:147: return temperature;
      000552 90 00 00         [24] 1928 	mov	dptr,#0x0000
      000555 75 F0 80         [24] 1929 	mov	b,#0x80
      000558 74 3D            [12] 1930 	mov	a,#0x3d
      00055A 12r00r00         [24] 1931 	lcall	___fsmul
      00055D AC 82            [24] 1932 	mov	r4,dpl
      00055F AD 83            [24] 1933 	mov	r5,dph
      000561 AE F0            [24] 1934 	mov	r6,b
      000563 FF               [12] 1935 	mov	r7,a
      000564 E5 81            [12] 1936 	mov	a,sp
      000566 24 FC            [12] 1937 	add	a,#0xfc
      000568 F5 81            [12] 1938 	mov	sp,a
      00056A 8C 82            [24] 1939 	mov	dpl,r4
      00056C 8D 83            [24] 1940 	mov	dph,r5
      00056E 8E F0            [24] 1941 	mov	b,r6
      000570 EF               [12] 1942 	mov	a,r7
                                   1943 ;	C:\Users\tonyp\Downloads\ch552-turbo-fan-ctrl\lib\DS18B20\DS18B20.c:148: }
      000571 22               [24] 1944 	ret
                                   1945 ;------------------------------------------------------------
                                   1946 ;Allocation info for local variables in function 'DS18B20_readTemperatureFast'
                                   1947 ;------------------------------------------------------------
                                   1948 ;dev                       Allocated with name '_DS18B20_readTemperatureFast_dev_65536_213'
                                   1949 ;temp_low                  Allocated with name '_DS18B20_readTemperatureFast_temp_low_65536_214'
                                   1950 ;temp_high                 Allocated with name '_DS18B20_readTemperatureFast_temp_high_65536_214'
                                   1951 ;config                    Allocated with name '_DS18B20_readTemperatureFast_config_65536_214'
                                   1952 ;scratchpad                Allocated with name '_DS18B20_readTemperatureFast_scratchpad_65536_214'
                                   1953 ;temp_raw                  Allocated with name '_DS18B20_readTemperatureFast_temp_raw_65536_214'
                                   1954 ;temperature               Allocated with name '_DS18B20_readTemperatureFast_temperature_65536_214'
                                   1955 ;wait_time                 Allocated with name '_DS18B20_readTemperatureFast_wait_time_65536_214'
                                   1956 ;------------------------------------------------------------
                                   1957 ;	C:\Users\tonyp\Downloads\ch552-turbo-fan-ctrl\lib\DS18B20\DS18B20.c:150: float DS18B20_readTemperatureFast(DS18B20* dev) {
                                   1958 ;	-----------------------------------------
                                   1959 ;	 function DS18B20_readTemperatureFast
                                   1960 ;	-----------------------------------------
      000572                       1961 _DS18B20_readTemperatureFast:
      000572 AF F0            [24] 1962 	mov	r7,b
      000574 AE 83            [24] 1963 	mov	r6,dph
      000576 E5 82            [12] 1964 	mov	a,dpl
      000578 90r00r2C         [24] 1965 	mov	dptr,#_DS18B20_readTemperatureFast_dev_65536_213
      00057B F0               [24] 1966 	movx	@dptr,a
      00057C EE               [12] 1967 	mov	a,r6
      00057D A3               [24] 1968 	inc	dptr
      00057E F0               [24] 1969 	movx	@dptr,a
      00057F EF               [12] 1970 	mov	a,r7
      000580 A3               [24] 1971 	inc	dptr
      000581 F0               [24] 1972 	movx	@dptr,a
                                   1973 ;	C:\Users\tonyp\Downloads\ch552-turbo-fan-ctrl\lib\DS18B20\DS18B20.c:157: if (ds18b20_readScratchpad(dev, scratchpad)) {
      000582 90r00r2C         [24] 1974 	mov	dptr,#_DS18B20_readTemperatureFast_dev_65536_213
      000585 E0               [24] 1975 	movx	a,@dptr
      000586 FD               [12] 1976 	mov	r5,a
      000587 A3               [24] 1977 	inc	dptr
      000588 E0               [24] 1978 	movx	a,@dptr
      000589 FE               [12] 1979 	mov	r6,a
      00058A A3               [24] 1980 	inc	dptr
      00058B E0               [24] 1981 	movx	a,@dptr
      00058C FF               [12] 1982 	mov	r7,a
      00058D 90r00r1C         [24] 1983 	mov	dptr,#_ds18b20_readScratchpad_PARM_2
      000590 74r2F            [12] 1984 	mov	a,#_DS18B20_readTemperatureFast_scratchpad_65536_214
      000592 F0               [24] 1985 	movx	@dptr,a
      000593 74s00            [12] 1986 	mov	a,#(_DS18B20_readTemperatureFast_scratchpad_65536_214 >> 8)
      000595 A3               [24] 1987 	inc	dptr
      000596 F0               [24] 1988 	movx	@dptr,a
      000597 E4               [12] 1989 	clr	a
      000598 A3               [24] 1990 	inc	dptr
      000599 F0               [24] 1991 	movx	@dptr,a
      00059A 8D 82            [24] 1992 	mov	dpl,r5
      00059C 8E 83            [24] 1993 	mov	dph,r6
      00059E 8F F0            [24] 1994 	mov	b,r7
      0005A0 12r03r02         [24] 1995 	lcall	_ds18b20_readScratchpad
      0005A3 E5 82            [12] 1996 	mov	a,dpl
      0005A5 60 09            [24] 1997 	jz	00102$
                                   1998 ;	C:\Users\tonyp\Downloads\ch552-turbo-fan-ctrl\lib\DS18B20\DS18B20.c:158: return -999.0;
      0005A7 90 C0 00         [24] 1999 	mov	dptr,#0xc000
      0005AA 75 F0 79         [24] 2000 	mov	b,#0x79
      0005AD 74 C4            [12] 2001 	mov	a,#0xc4
      0005AF 22               [24] 2002 	ret
      0005B0                       2003 00102$:
                                   2004 ;	C:\Users\tonyp\Downloads\ch552-turbo-fan-ctrl\lib\DS18B20\DS18B20.c:160: config = scratchpad[4];
      0005B0 90r00r33         [24] 2005 	mov	dptr,#(_DS18B20_readTemperatureFast_scratchpad_65536_214 + 0x0004)
      0005B3 E0               [24] 2006 	movx	a,@dptr
      0005B4 FF               [12] 2007 	mov	r7,a
                                   2008 ;	C:\Users\tonyp\Downloads\ch552-turbo-fan-ctrl\lib\DS18B20\DS18B20.c:162: switch (config) {
      0005B5 BF 1F 02         [24] 2009 	cjne	r7,#0x1f,00140$
      0005B8 80 0A            [24] 2010 	sjmp	00103$
      0005BA                       2011 00140$:
      0005BA BF 3F 02         [24] 2012 	cjne	r7,#0x3f,00141$
      0005BD 80 14            [24] 2013 	sjmp	00104$
      0005BF                       2014 00141$:
                                   2015 ;	C:\Users\tonyp\Downloads\ch552-turbo-fan-ctrl\lib\DS18B20\DS18B20.c:163: case DS18B20_RESOLUTION_9BIT:
      0005BF BF 5F 31         [24] 2016 	cjne	r7,#0x5f,00107$
      0005C2 80 1E            [24] 2017 	sjmp	00105$
      0005C4                       2018 00103$:
                                   2019 ;	C:\Users\tonyp\Downloads\ch552-turbo-fan-ctrl\lib\DS18B20\DS18B20.c:164: wait_time = 94;
      0005C4 90r00r38         [24] 2020 	mov	dptr,#_DS18B20_readTemperatureFast_wait_time_65536_214
      0005C7 74 5E            [12] 2021 	mov	a,#0x5e
      0005C9 F0               [24] 2022 	movx	@dptr,a
      0005CA E4               [12] 2023 	clr	a
      0005CB A3               [24] 2024 	inc	dptr
      0005CC F0               [24] 2025 	movx	@dptr,a
      0005CD A3               [24] 2026 	inc	dptr
      0005CE F0               [24] 2027 	movx	@dptr,a
      0005CF A3               [24] 2028 	inc	dptr
      0005D0 F0               [24] 2029 	movx	@dptr,a
                                   2030 ;	C:\Users\tonyp\Downloads\ch552-turbo-fan-ctrl\lib\DS18B20\DS18B20.c:165: break;
                                   2031 ;	C:\Users\tonyp\Downloads\ch552-turbo-fan-ctrl\lib\DS18B20\DS18B20.c:166: case DS18B20_RESOLUTION_10BIT:
      0005D1 80 2F            [24] 2032 	sjmp	00108$
      0005D3                       2033 00104$:
                                   2034 ;	C:\Users\tonyp\Downloads\ch552-turbo-fan-ctrl\lib\DS18B20\DS18B20.c:167: wait_time = 188;
      0005D3 90r00r38         [24] 2035 	mov	dptr,#_DS18B20_readTemperatureFast_wait_time_65536_214
      0005D6 74 BC            [12] 2036 	mov	a,#0xbc
      0005D8 F0               [24] 2037 	movx	@dptr,a
      0005D9 E4               [12] 2038 	clr	a
      0005DA A3               [24] 2039 	inc	dptr
      0005DB F0               [24] 2040 	movx	@dptr,a
      0005DC A3               [24] 2041 	inc	dptr
      0005DD F0               [24] 2042 	movx	@dptr,a
      0005DE A3               [24] 2043 	inc	dptr
      0005DF F0               [24] 2044 	movx	@dptr,a
                                   2045 ;	C:\Users\tonyp\Downloads\ch552-turbo-fan-ctrl\lib\DS18B20\DS18B20.c:168: break;
                                   2046 ;	C:\Users\tonyp\Downloads\ch552-turbo-fan-ctrl\lib\DS18B20\DS18B20.c:169: case DS18B20_RESOLUTION_11BIT:
      0005E0 80 20            [24] 2047 	sjmp	00108$
      0005E2                       2048 00105$:
                                   2049 ;	C:\Users\tonyp\Downloads\ch552-turbo-fan-ctrl\lib\DS18B20\DS18B20.c:170: wait_time = 375;
      0005E2 90r00r38         [24] 2050 	mov	dptr,#_DS18B20_readTemperatureFast_wait_time_65536_214
      0005E5 74 77            [12] 2051 	mov	a,#0x77
      0005E7 F0               [24] 2052 	movx	@dptr,a
      0005E8 74 01            [12] 2053 	mov	a,#0x01
      0005EA A3               [24] 2054 	inc	dptr
      0005EB F0               [24] 2055 	movx	@dptr,a
      0005EC E4               [12] 2056 	clr	a
      0005ED A3               [24] 2057 	inc	dptr
      0005EE F0               [24] 2058 	movx	@dptr,a
      0005EF A3               [24] 2059 	inc	dptr
      0005F0 F0               [24] 2060 	movx	@dptr,a
                                   2061 ;	C:\Users\tonyp\Downloads\ch552-turbo-fan-ctrl\lib\DS18B20\DS18B20.c:171: break;
                                   2062 ;	C:\Users\tonyp\Downloads\ch552-turbo-fan-ctrl\lib\DS18B20\DS18B20.c:173: default:
      0005F1 80 0F            [24] 2063 	sjmp	00108$
      0005F3                       2064 00107$:
                                   2065 ;	C:\Users\tonyp\Downloads\ch552-turbo-fan-ctrl\lib\DS18B20\DS18B20.c:174: wait_time = 750;
      0005F3 90r00r38         [24] 2066 	mov	dptr,#_DS18B20_readTemperatureFast_wait_time_65536_214
      0005F6 74 EE            [12] 2067 	mov	a,#0xee
      0005F8 F0               [24] 2068 	movx	@dptr,a
      0005F9 74 02            [12] 2069 	mov	a,#0x02
      0005FB A3               [24] 2070 	inc	dptr
      0005FC F0               [24] 2071 	movx	@dptr,a
      0005FD E4               [12] 2072 	clr	a
      0005FE A3               [24] 2073 	inc	dptr
      0005FF F0               [24] 2074 	movx	@dptr,a
      000600 A3               [24] 2075 	inc	dptr
      000601 F0               [24] 2076 	movx	@dptr,a
                                   2077 ;	C:\Users\tonyp\Downloads\ch552-turbo-fan-ctrl\lib\DS18B20\DS18B20.c:176: }
      000602                       2078 00108$:
                                   2079 ;	C:\Users\tonyp\Downloads\ch552-turbo-fan-ctrl\lib\DS18B20\DS18B20.c:178: if (ds18b20_reset(dev)) {
      000602 90r00r2C         [24] 2080 	mov	dptr,#_DS18B20_readTemperatureFast_dev_65536_213
      000605 E0               [24] 2081 	movx	a,@dptr
      000606 FD               [12] 2082 	mov	r5,a
      000607 A3               [24] 2083 	inc	dptr
      000608 E0               [24] 2084 	movx	a,@dptr
      000609 FE               [12] 2085 	mov	r6,a
      00060A A3               [24] 2086 	inc	dptr
      00060B E0               [24] 2087 	movx	a,@dptr
      00060C FF               [12] 2088 	mov	r7,a
      00060D 8D 82            [24] 2089 	mov	dpl,r5
      00060F 8E 83            [24] 2090 	mov	dph,r6
      000611 8F F0            [24] 2091 	mov	b,r7
      000613 12r01r01         [24] 2092 	lcall	_ds18b20_reset
      000616 E5 82            [12] 2093 	mov	a,dpl
      000618 60 09            [24] 2094 	jz	00110$
                                   2095 ;	C:\Users\tonyp\Downloads\ch552-turbo-fan-ctrl\lib\DS18B20\DS18B20.c:179: return -999.0;
      00061A 90 C0 00         [24] 2096 	mov	dptr,#0xc000
      00061D 75 F0 79         [24] 2097 	mov	b,#0x79
      000620 74 C4            [12] 2098 	mov	a,#0xc4
      000622 22               [24] 2099 	ret
      000623                       2100 00110$:
                                   2101 ;	C:\Users\tonyp\Downloads\ch552-turbo-fan-ctrl\lib\DS18B20\DS18B20.c:182: ds18b20_writeByte(dev, DS18B20_CMD_SKIP_ROM);
      000623 90r00r2C         [24] 2102 	mov	dptr,#_DS18B20_readTemperatureFast_dev_65536_213
      000626 E0               [24] 2103 	movx	a,@dptr
      000627 FD               [12] 2104 	mov	r5,a
      000628 A3               [24] 2105 	inc	dptr
      000629 E0               [24] 2106 	movx	a,@dptr
      00062A FE               [12] 2107 	mov	r6,a
      00062B A3               [24] 2108 	inc	dptr
      00062C E0               [24] 2109 	movx	a,@dptr
      00062D FF               [12] 2110 	mov	r7,a
      00062E 90r00r14         [24] 2111 	mov	dptr,#_ds18b20_writeByte_PARM_2
      000631 74 CC            [12] 2112 	mov	a,#0xcc
      000633 F0               [24] 2113 	movx	@dptr,a
      000634 8D 82            [24] 2114 	mov	dpl,r5
      000636 8E 83            [24] 2115 	mov	dph,r6
      000638 8F F0            [24] 2116 	mov	b,r7
      00063A 12r01r90         [24] 2117 	lcall	_ds18b20_writeByte
                                   2118 ;	C:\Users\tonyp\Downloads\ch552-turbo-fan-ctrl\lib\DS18B20\DS18B20.c:183: ds18b20_writeByte(dev, DS18B20_CMD_CONVERT);
      00063D 90r00r2C         [24] 2119 	mov	dptr,#_DS18B20_readTemperatureFast_dev_65536_213
      000640 E0               [24] 2120 	movx	a,@dptr
      000641 FD               [12] 2121 	mov	r5,a
      000642 A3               [24] 2122 	inc	dptr
      000643 E0               [24] 2123 	movx	a,@dptr
      000644 FE               [12] 2124 	mov	r6,a
      000645 A3               [24] 2125 	inc	dptr
      000646 E0               [24] 2126 	movx	a,@dptr
      000647 FF               [12] 2127 	mov	r7,a
      000648 90r00r14         [24] 2128 	mov	dptr,#_ds18b20_writeByte_PARM_2
      00064B 74 44            [12] 2129 	mov	a,#0x44
      00064D F0               [24] 2130 	movx	@dptr,a
      00064E 8D 82            [24] 2131 	mov	dpl,r5
      000650 8E 83            [24] 2132 	mov	dph,r6
      000652 8F F0            [24] 2133 	mov	b,r7
      000654 12r01r90         [24] 2134 	lcall	_ds18b20_writeByte
                                   2135 ;	C:\Users\tonyp\Downloads\ch552-turbo-fan-ctrl\lib\DS18B20\DS18B20.c:185: delay(wait_time);
      000657 90r00r38         [24] 2136 	mov	dptr,#_DS18B20_readTemperatureFast_wait_time_65536_214
      00065A E0               [24] 2137 	movx	a,@dptr
      00065B FC               [12] 2138 	mov	r4,a
      00065C A3               [24] 2139 	inc	dptr
      00065D E0               [24] 2140 	movx	a,@dptr
      00065E FD               [12] 2141 	mov	r5,a
      00065F A3               [24] 2142 	inc	dptr
      000660 E0               [24] 2143 	movx	a,@dptr
      000661 FE               [12] 2144 	mov	r6,a
      000662 A3               [24] 2145 	inc	dptr
      000663 E0               [24] 2146 	movx	a,@dptr
      000664 8C 82            [24] 2147 	mov	dpl,r4
      000666 8D 83            [24] 2148 	mov	dph,r5
      000668 8E F0            [24] 2149 	mov	b,r6
      00066A 12r00r00         [24] 2150 	lcall	_delay
                                   2151 ;	C:\Users\tonyp\Downloads\ch552-turbo-fan-ctrl\lib\DS18B20\DS18B20.c:187: if (ds18b20_reset(dev)) {
      00066D 90r00r2C         [24] 2152 	mov	dptr,#_DS18B20_readTemperatureFast_dev_65536_213
      000670 E0               [24] 2153 	movx	a,@dptr
      000671 FD               [12] 2154 	mov	r5,a
      000672 A3               [24] 2155 	inc	dptr
      000673 E0               [24] 2156 	movx	a,@dptr
      000674 FE               [12] 2157 	mov	r6,a
      000675 A3               [24] 2158 	inc	dptr
      000676 E0               [24] 2159 	movx	a,@dptr
      000677 FF               [12] 2160 	mov	r7,a
      000678 8D 82            [24] 2161 	mov	dpl,r5
      00067A 8E 83            [24] 2162 	mov	dph,r6
      00067C 8F F0            [24] 2163 	mov	b,r7
      00067E 12r01r01         [24] 2164 	lcall	_ds18b20_reset
      000681 E5 82            [12] 2165 	mov	a,dpl
      000683 60 09            [24] 2166 	jz	00112$
                                   2167 ;	C:\Users\tonyp\Downloads\ch552-turbo-fan-ctrl\lib\DS18B20\DS18B20.c:188: return -999.0;
      000685 90 C0 00         [24] 2168 	mov	dptr,#0xc000
      000688 75 F0 79         [24] 2169 	mov	b,#0x79
      00068B 74 C4            [12] 2170 	mov	a,#0xc4
      00068D 22               [24] 2171 	ret
      00068E                       2172 00112$:
                                   2173 ;	C:\Users\tonyp\Downloads\ch552-turbo-fan-ctrl\lib\DS18B20\DS18B20.c:191: ds18b20_writeByte(dev, DS18B20_CMD_SKIP_ROM);
      00068E 90r00r2C         [24] 2174 	mov	dptr,#_DS18B20_readTemperatureFast_dev_65536_213
      000691 E0               [24] 2175 	movx	a,@dptr
      000692 FD               [12] 2176 	mov	r5,a
      000693 A3               [24] 2177 	inc	dptr
      000694 E0               [24] 2178 	movx	a,@dptr
      000695 FE               [12] 2179 	mov	r6,a
      000696 A3               [24] 2180 	inc	dptr
      000697 E0               [24] 2181 	movx	a,@dptr
      000698 FF               [12] 2182 	mov	r7,a
      000699 90r00r14         [24] 2183 	mov	dptr,#_ds18b20_writeByte_PARM_2
      00069C 74 CC            [12] 2184 	mov	a,#0xcc
      00069E F0               [24] 2185 	movx	@dptr,a
      00069F 8D 82            [24] 2186 	mov	dpl,r5
      0006A1 8E 83            [24] 2187 	mov	dph,r6
      0006A3 8F F0            [24] 2188 	mov	b,r7
      0006A5 12r01r90         [24] 2189 	lcall	_ds18b20_writeByte
                                   2190 ;	C:\Users\tonyp\Downloads\ch552-turbo-fan-ctrl\lib\DS18B20\DS18B20.c:192: ds18b20_writeByte(dev, DS18B20_CMD_READ_SCRATCHPAD);
      0006A8 90r00r2C         [24] 2191 	mov	dptr,#_DS18B20_readTemperatureFast_dev_65536_213
      0006AB E0               [24] 2192 	movx	a,@dptr
      0006AC FD               [12] 2193 	mov	r5,a
      0006AD A3               [24] 2194 	inc	dptr
      0006AE E0               [24] 2195 	movx	a,@dptr
      0006AF FE               [12] 2196 	mov	r6,a
      0006B0 A3               [24] 2197 	inc	dptr
      0006B1 E0               [24] 2198 	movx	a,@dptr
      0006B2 FF               [12] 2199 	mov	r7,a
      0006B3 90r00r14         [24] 2200 	mov	dptr,#_ds18b20_writeByte_PARM_2
      0006B6 74 BE            [12] 2201 	mov	a,#0xbe
      0006B8 F0               [24] 2202 	movx	@dptr,a
      0006B9 8D 82            [24] 2203 	mov	dpl,r5
      0006BB 8E 83            [24] 2204 	mov	dph,r6
      0006BD 8F F0            [24] 2205 	mov	b,r7
      0006BF 12r01r90         [24] 2206 	lcall	_ds18b20_writeByte
                                   2207 ;	C:\Users\tonyp\Downloads\ch552-turbo-fan-ctrl\lib\DS18B20\DS18B20.c:194: temp_low = ds18b20_readByte(dev);
      0006C2 90r00r2C         [24] 2208 	mov	dptr,#_DS18B20_readTemperatureFast_dev_65536_213
      0006C5 E0               [24] 2209 	movx	a,@dptr
      0006C6 FD               [12] 2210 	mov	r5,a
      0006C7 A3               [24] 2211 	inc	dptr
      0006C8 E0               [24] 2212 	movx	a,@dptr
      0006C9 FE               [12] 2213 	mov	r6,a
      0006CA A3               [24] 2214 	inc	dptr
      0006CB E0               [24] 2215 	movx	a,@dptr
      0006CC FF               [12] 2216 	mov	r7,a
      0006CD 8D 82            [24] 2217 	mov	dpl,r5
      0006CF 8E 83            [24] 2218 	mov	dph,r6
      0006D1 8F F0            [24] 2219 	mov	b,r7
      0006D3 12r02r43         [24] 2220 	lcall	_ds18b20_readByte
      0006D6 AF 82            [24] 2221 	mov	r7,dpl
                                   2222 ;	C:\Users\tonyp\Downloads\ch552-turbo-fan-ctrl\lib\DS18B20\DS18B20.c:195: temp_high = ds18b20_readByte(dev);
      0006D8 90r00r2C         [24] 2223 	mov	dptr,#_DS18B20_readTemperatureFast_dev_65536_213
      0006DB E0               [24] 2224 	movx	a,@dptr
      0006DC FC               [12] 2225 	mov	r4,a
      0006DD A3               [24] 2226 	inc	dptr
      0006DE E0               [24] 2227 	movx	a,@dptr
      0006DF FD               [12] 2228 	mov	r5,a
      0006E0 A3               [24] 2229 	inc	dptr
      0006E1 E0               [24] 2230 	movx	a,@dptr
      0006E2 FE               [12] 2231 	mov	r6,a
      0006E3 8C 82            [24] 2232 	mov	dpl,r4
      0006E5 8D 83            [24] 2233 	mov	dph,r5
      0006E7 8E F0            [24] 2234 	mov	b,r6
      0006E9 C0 07            [24] 2235 	push	ar7
      0006EB 12r02r43         [24] 2236 	lcall	_ds18b20_readByte
      0006EE AE 82            [24] 2237 	mov	r6,dpl
      0006F0 D0 07            [24] 2238 	pop	ar7
                                   2239 ;	C:\Users\tonyp\Downloads\ch552-turbo-fan-ctrl\lib\DS18B20\DS18B20.c:197: temp_raw = (temp_high << 8) | temp_low;
      0006F2 8E 05            [24] 2240 	mov	ar5,r6
      0006F4 E4               [12] 2241 	clr	a
      0006F5 FE               [12] 2242 	mov	r6,a
      0006F6 FC               [12] 2243 	mov	r4,a
      0006F7 EF               [12] 2244 	mov	a,r7
      0006F8 42 06            [12] 2245 	orl	ar6,a
      0006FA EC               [12] 2246 	mov	a,r4
      0006FB 42 05            [12] 2247 	orl	ar5,a
                                   2248 ;	C:\Users\tonyp\Downloads\ch552-turbo-fan-ctrl\lib\DS18B20\DS18B20.c:199: temperature = temp_raw * 0.0625;
      0006FD 8E 82            [24] 2249 	mov	dpl,r6
      0006FF 8D 83            [24] 2250 	mov	dph,r5
      000701 12r00r00         [24] 2251 	lcall	___sint2fs
      000704 AC 82            [24] 2252 	mov	r4,dpl
      000706 AD 83            [24] 2253 	mov	r5,dph
      000708 AE F0            [24] 2254 	mov	r6,b
      00070A FF               [12] 2255 	mov	r7,a
      00070B C0 04            [24] 2256 	push	ar4
      00070D C0 05            [24] 2257 	push	ar5
      00070F C0 06            [24] 2258 	push	ar6
      000711 C0 07            [24] 2259 	push	ar7
                                   2260 ;	C:\Users\tonyp\Downloads\ch552-turbo-fan-ctrl\lib\DS18B20\DS18B20.c:201: return temperature;
      000713 90 00 00         [24] 2261 	mov	dptr,#0x0000
      000716 75 F0 80         [24] 2262 	mov	b,#0x80
      000719 74 3D            [12] 2263 	mov	a,#0x3d
      00071B 12r00r00         [24] 2264 	lcall	___fsmul
      00071E AC 82            [24] 2265 	mov	r4,dpl
      000720 AD 83            [24] 2266 	mov	r5,dph
      000722 AE F0            [24] 2267 	mov	r6,b
      000724 FF               [12] 2268 	mov	r7,a
      000725 E5 81            [12] 2269 	mov	a,sp
      000727 24 FC            [12] 2270 	add	a,#0xfc
      000729 F5 81            [12] 2271 	mov	sp,a
      00072B 8C 82            [24] 2272 	mov	dpl,r4
      00072D 8D 83            [24] 2273 	mov	dph,r5
      00072F 8E F0            [24] 2274 	mov	b,r6
      000731 EF               [12] 2275 	mov	a,r7
                                   2276 ;	C:\Users\tonyp\Downloads\ch552-turbo-fan-ctrl\lib\DS18B20\DS18B20.c:202: }
      000732 22               [24] 2277 	ret
                                   2278 ;------------------------------------------------------------
                                   2279 ;Allocation info for local variables in function 'DS18B20_setResolution'
                                   2280 ;------------------------------------------------------------
                                   2281 ;resolution                Allocated with name '_DS18B20_setResolution_PARM_2'
                                   2282 ;dev                       Allocated with name '_DS18B20_setResolution_dev_65536_219'
                                   2283 ;scratchpad                Allocated with name '_DS18B20_setResolution_scratchpad_65536_220'
                                   2284 ;------------------------------------------------------------
                                   2285 ;	C:\Users\tonyp\Downloads\ch552-turbo-fan-ctrl\lib\DS18B20\DS18B20.c:204: void DS18B20_setResolution(DS18B20* dev, ds18b20_resolution_t resolution) {
                                   2286 ;	-----------------------------------------
                                   2287 ;	 function DS18B20_setResolution
                                   2288 ;	-----------------------------------------
      000733                       2289 _DS18B20_setResolution:
      000733 AF F0            [24] 2290 	mov	r7,b
      000735 AE 83            [24] 2291 	mov	r6,dph
      000737 E5 82            [12] 2292 	mov	a,dpl
      000739 90r00r3D         [24] 2293 	mov	dptr,#_DS18B20_setResolution_dev_65536_219
      00073C F0               [24] 2294 	movx	@dptr,a
      00073D EE               [12] 2295 	mov	a,r6
      00073E A3               [24] 2296 	inc	dptr
      00073F F0               [24] 2297 	movx	@dptr,a
      000740 EF               [12] 2298 	mov	a,r7
      000741 A3               [24] 2299 	inc	dptr
      000742 F0               [24] 2300 	movx	@dptr,a
                                   2301 ;	C:\Users\tonyp\Downloads\ch552-turbo-fan-ctrl\lib\DS18B20\DS18B20.c:207: if (ds18b20_readScratchpad(dev, scratchpad)) {
      000743 90r00r3D         [24] 2302 	mov	dptr,#_DS18B20_setResolution_dev_65536_219
      000746 E0               [24] 2303 	movx	a,@dptr
      000747 FD               [12] 2304 	mov	r5,a
      000748 A3               [24] 2305 	inc	dptr
      000749 E0               [24] 2306 	movx	a,@dptr
      00074A FE               [12] 2307 	mov	r6,a
      00074B A3               [24] 2308 	inc	dptr
      00074C E0               [24] 2309 	movx	a,@dptr
      00074D FF               [12] 2310 	mov	r7,a
      00074E 90r00r1C         [24] 2311 	mov	dptr,#_ds18b20_readScratchpad_PARM_2
      000751 74r40            [12] 2312 	mov	a,#_DS18B20_setResolution_scratchpad_65536_220
      000753 F0               [24] 2313 	movx	@dptr,a
      000754 74s00            [12] 2314 	mov	a,#(_DS18B20_setResolution_scratchpad_65536_220 >> 8)
      000756 A3               [24] 2315 	inc	dptr
      000757 F0               [24] 2316 	movx	@dptr,a
      000758 E4               [12] 2317 	clr	a
      000759 A3               [24] 2318 	inc	dptr
      00075A F0               [24] 2319 	movx	@dptr,a
      00075B 8D 82            [24] 2320 	mov	dpl,r5
      00075D 8E 83            [24] 2321 	mov	dph,r6
      00075F 8F F0            [24] 2322 	mov	b,r7
      000761 12r03r02         [24] 2323 	lcall	_ds18b20_readScratchpad
      000764 E5 82            [12] 2324 	mov	a,dpl
      000766 60 01            [24] 2325 	jz	00102$
                                   2326 ;	C:\Users\tonyp\Downloads\ch552-turbo-fan-ctrl\lib\DS18B20\DS18B20.c:208: return;
      000768 22               [24] 2327 	ret
      000769                       2328 00102$:
                                   2329 ;	C:\Users\tonyp\Downloads\ch552-turbo-fan-ctrl\lib\DS18B20\DS18B20.c:211: ds18b20_reset(dev);
      000769 90r00r3D         [24] 2330 	mov	dptr,#_DS18B20_setResolution_dev_65536_219
      00076C E0               [24] 2331 	movx	a,@dptr
      00076D FD               [12] 2332 	mov	r5,a
      00076E A3               [24] 2333 	inc	dptr
      00076F E0               [24] 2334 	movx	a,@dptr
      000770 FE               [12] 2335 	mov	r6,a
      000771 A3               [24] 2336 	inc	dptr
      000772 E0               [24] 2337 	movx	a,@dptr
      000773 FF               [12] 2338 	mov	r7,a
      000774 8D 82            [24] 2339 	mov	dpl,r5
      000776 8E 83            [24] 2340 	mov	dph,r6
      000778 8F F0            [24] 2341 	mov	b,r7
      00077A 12r01r01         [24] 2342 	lcall	_ds18b20_reset
                                   2343 ;	C:\Users\tonyp\Downloads\ch552-turbo-fan-ctrl\lib\DS18B20\DS18B20.c:212: ds18b20_writeByte(dev, DS18B20_CMD_SKIP_ROM);
      00077D 90r00r3D         [24] 2344 	mov	dptr,#_DS18B20_setResolution_dev_65536_219
      000780 E0               [24] 2345 	movx	a,@dptr
      000781 FD               [12] 2346 	mov	r5,a
      000782 A3               [24] 2347 	inc	dptr
      000783 E0               [24] 2348 	movx	a,@dptr
      000784 FE               [12] 2349 	mov	r6,a
      000785 A3               [24] 2350 	inc	dptr
      000786 E0               [24] 2351 	movx	a,@dptr
      000787 FF               [12] 2352 	mov	r7,a
      000788 90r00r14         [24] 2353 	mov	dptr,#_ds18b20_writeByte_PARM_2
      00078B 74 CC            [12] 2354 	mov	a,#0xcc
      00078D F0               [24] 2355 	movx	@dptr,a
      00078E 8D 82            [24] 2356 	mov	dpl,r5
      000790 8E 83            [24] 2357 	mov	dph,r6
      000792 8F F0            [24] 2358 	mov	b,r7
      000794 12r01r90         [24] 2359 	lcall	_ds18b20_writeByte
                                   2360 ;	C:\Users\tonyp\Downloads\ch552-turbo-fan-ctrl\lib\DS18B20\DS18B20.c:213: ds18b20_writeByte(dev, DS18B20_CMD_WRITE_SCRATCHPAD);
      000797 90r00r3D         [24] 2361 	mov	dptr,#_DS18B20_setResolution_dev_65536_219
      00079A E0               [24] 2362 	movx	a,@dptr
      00079B FD               [12] 2363 	mov	r5,a
      00079C A3               [24] 2364 	inc	dptr
      00079D E0               [24] 2365 	movx	a,@dptr
      00079E FE               [12] 2366 	mov	r6,a
      00079F A3               [24] 2367 	inc	dptr
      0007A0 E0               [24] 2368 	movx	a,@dptr
      0007A1 FF               [12] 2369 	mov	r7,a
      0007A2 90r00r14         [24] 2370 	mov	dptr,#_ds18b20_writeByte_PARM_2
      0007A5 74 4E            [12] 2371 	mov	a,#0x4e
      0007A7 F0               [24] 2372 	movx	@dptr,a
      0007A8 8D 82            [24] 2373 	mov	dpl,r5
      0007AA 8E 83            [24] 2374 	mov	dph,r6
      0007AC 8F F0            [24] 2375 	mov	b,r7
      0007AE 12r01r90         [24] 2376 	lcall	_ds18b20_writeByte
                                   2377 ;	C:\Users\tonyp\Downloads\ch552-turbo-fan-ctrl\lib\DS18B20\DS18B20.c:214: ds18b20_writeByte(dev, scratchpad[2]);
      0007B1 90r00r3D         [24] 2378 	mov	dptr,#_DS18B20_setResolution_dev_65536_219
      0007B4 E0               [24] 2379 	movx	a,@dptr
      0007B5 FD               [12] 2380 	mov	r5,a
      0007B6 A3               [24] 2381 	inc	dptr
      0007B7 E0               [24] 2382 	movx	a,@dptr
      0007B8 FE               [12] 2383 	mov	r6,a
      0007B9 A3               [24] 2384 	inc	dptr
      0007BA E0               [24] 2385 	movx	a,@dptr
      0007BB FF               [12] 2386 	mov	r7,a
      0007BC 90r00r42         [24] 2387 	mov	dptr,#(_DS18B20_setResolution_scratchpad_65536_220 + 0x0002)
      0007BF E0               [24] 2388 	movx	a,@dptr
      0007C0 90r00r14         [24] 2389 	mov	dptr,#_ds18b20_writeByte_PARM_2
      0007C3 F0               [24] 2390 	movx	@dptr,a
      0007C4 8D 82            [24] 2391 	mov	dpl,r5
      0007C6 8E 83            [24] 2392 	mov	dph,r6
      0007C8 8F F0            [24] 2393 	mov	b,r7
      0007CA 12r01r90         [24] 2394 	lcall	_ds18b20_writeByte
                                   2395 ;	C:\Users\tonyp\Downloads\ch552-turbo-fan-ctrl\lib\DS18B20\DS18B20.c:215: ds18b20_writeByte(dev, scratchpad[3]);
      0007CD 90r00r3D         [24] 2396 	mov	dptr,#_DS18B20_setResolution_dev_65536_219
      0007D0 E0               [24] 2397 	movx	a,@dptr
      0007D1 FD               [12] 2398 	mov	r5,a
      0007D2 A3               [24] 2399 	inc	dptr
      0007D3 E0               [24] 2400 	movx	a,@dptr
      0007D4 FE               [12] 2401 	mov	r6,a
      0007D5 A3               [24] 2402 	inc	dptr
      0007D6 E0               [24] 2403 	movx	a,@dptr
      0007D7 FF               [12] 2404 	mov	r7,a
      0007D8 90r00r43         [24] 2405 	mov	dptr,#(_DS18B20_setResolution_scratchpad_65536_220 + 0x0003)
      0007DB E0               [24] 2406 	movx	a,@dptr
      0007DC 90r00r14         [24] 2407 	mov	dptr,#_ds18b20_writeByte_PARM_2
      0007DF F0               [24] 2408 	movx	@dptr,a
      0007E0 8D 82            [24] 2409 	mov	dpl,r5
      0007E2 8E 83            [24] 2410 	mov	dph,r6
      0007E4 8F F0            [24] 2411 	mov	b,r7
      0007E6 12r01r90         [24] 2412 	lcall	_ds18b20_writeByte
                                   2413 ;	C:\Users\tonyp\Downloads\ch552-turbo-fan-ctrl\lib\DS18B20\DS18B20.c:216: ds18b20_writeByte(dev, resolution);
      0007E9 90r00r3D         [24] 2414 	mov	dptr,#_DS18B20_setResolution_dev_65536_219
      0007EC E0               [24] 2415 	movx	a,@dptr
      0007ED FD               [12] 2416 	mov	r5,a
      0007EE A3               [24] 2417 	inc	dptr
      0007EF E0               [24] 2418 	movx	a,@dptr
      0007F0 FE               [12] 2419 	mov	r6,a
      0007F1 A3               [24] 2420 	inc	dptr
      0007F2 E0               [24] 2421 	movx	a,@dptr
      0007F3 FF               [12] 2422 	mov	r7,a
      0007F4 90r00r3C         [24] 2423 	mov	dptr,#_DS18B20_setResolution_PARM_2
      0007F7 E0               [24] 2424 	movx	a,@dptr
      0007F8 90r00r14         [24] 2425 	mov	dptr,#_ds18b20_writeByte_PARM_2
      0007FB F0               [24] 2426 	movx	@dptr,a
      0007FC 8D 82            [24] 2427 	mov	dpl,r5
      0007FE 8E 83            [24] 2428 	mov	dph,r6
      000800 8F F0            [24] 2429 	mov	b,r7
      000802 12r01r90         [24] 2430 	lcall	_ds18b20_writeByte
                                   2431 ;	C:\Users\tonyp\Downloads\ch552-turbo-fan-ctrl\lib\DS18B20\DS18B20.c:218: ds18b20_reset(dev);
      000805 90r00r3D         [24] 2432 	mov	dptr,#_DS18B20_setResolution_dev_65536_219
      000808 E0               [24] 2433 	movx	a,@dptr
      000809 FD               [12] 2434 	mov	r5,a
      00080A A3               [24] 2435 	inc	dptr
      00080B E0               [24] 2436 	movx	a,@dptr
      00080C FE               [12] 2437 	mov	r6,a
      00080D A3               [24] 2438 	inc	dptr
      00080E E0               [24] 2439 	movx	a,@dptr
      00080F FF               [12] 2440 	mov	r7,a
      000810 8D 82            [24] 2441 	mov	dpl,r5
      000812 8E 83            [24] 2442 	mov	dph,r6
      000814 8F F0            [24] 2443 	mov	b,r7
      000816 12r01r01         [24] 2444 	lcall	_ds18b20_reset
                                   2445 ;	C:\Users\tonyp\Downloads\ch552-turbo-fan-ctrl\lib\DS18B20\DS18B20.c:219: ds18b20_writeByte(dev, DS18B20_CMD_SKIP_ROM);
      000819 90r00r3D         [24] 2446 	mov	dptr,#_DS18B20_setResolution_dev_65536_219
      00081C E0               [24] 2447 	movx	a,@dptr
      00081D FD               [12] 2448 	mov	r5,a
      00081E A3               [24] 2449 	inc	dptr
      00081F E0               [24] 2450 	movx	a,@dptr
      000820 FE               [12] 2451 	mov	r6,a
      000821 A3               [24] 2452 	inc	dptr
      000822 E0               [24] 2453 	movx	a,@dptr
      000823 FF               [12] 2454 	mov	r7,a
      000824 90r00r14         [24] 2455 	mov	dptr,#_ds18b20_writeByte_PARM_2
      000827 74 CC            [12] 2456 	mov	a,#0xcc
      000829 F0               [24] 2457 	movx	@dptr,a
      00082A 8D 82            [24] 2458 	mov	dpl,r5
      00082C 8E 83            [24] 2459 	mov	dph,r6
      00082E 8F F0            [24] 2460 	mov	b,r7
      000830 12r01r90         [24] 2461 	lcall	_ds18b20_writeByte
                                   2462 ;	C:\Users\tonyp\Downloads\ch552-turbo-fan-ctrl\lib\DS18B20\DS18B20.c:220: ds18b20_writeByte(dev, DS18B20_CMD_COPY_SCRATCHPAD);
      000833 90r00r3D         [24] 2463 	mov	dptr,#_DS18B20_setResolution_dev_65536_219
      000836 E0               [24] 2464 	movx	a,@dptr
      000837 FD               [12] 2465 	mov	r5,a
      000838 A3               [24] 2466 	inc	dptr
      000839 E0               [24] 2467 	movx	a,@dptr
      00083A FE               [12] 2468 	mov	r6,a
      00083B A3               [24] 2469 	inc	dptr
      00083C E0               [24] 2470 	movx	a,@dptr
      00083D FF               [12] 2471 	mov	r7,a
      00083E 90r00r14         [24] 2472 	mov	dptr,#_ds18b20_writeByte_PARM_2
      000841 74 48            [12] 2473 	mov	a,#0x48
      000843 F0               [24] 2474 	movx	@dptr,a
      000844 8D 82            [24] 2475 	mov	dpl,r5
      000846 8E 83            [24] 2476 	mov	dph,r6
      000848 8F F0            [24] 2477 	mov	b,r7
      00084A 12r01r90         [24] 2478 	lcall	_ds18b20_writeByte
                                   2479 ;	C:\Users\tonyp\Downloads\ch552-turbo-fan-ctrl\lib\DS18B20\DS18B20.c:221: delay(10);
      00084D 90 00 0A         [24] 2480 	mov	dptr,#(0x0a&0x00ff)
      000850 E4               [12] 2481 	clr	a
      000851 F5 F0            [12] 2482 	mov	b,a
                                   2483 ;	C:\Users\tonyp\Downloads\ch552-turbo-fan-ctrl\lib\DS18B20\DS18B20.c:222: }
      000853 02r00r00         [24] 2484 	ljmp	_delay
                                   2485 ;------------------------------------------------------------
                                   2486 ;Allocation info for local variables in function 'DS18B20_setAlarmTemperature'
                                   2487 ;------------------------------------------------------------
                                   2488 ;temp_high                 Allocated with name '_DS18B20_setAlarmTemperature_PARM_2'
                                   2489 ;temp_low                  Allocated with name '_DS18B20_setAlarmTemperature_PARM_3'
                                   2490 ;dev                       Allocated with name '_DS18B20_setAlarmTemperature_dev_65536_222'
                                   2491 ;scratchpad                Allocated with name '_DS18B20_setAlarmTemperature_scratchpad_65536_223'
                                   2492 ;------------------------------------------------------------
                                   2493 ;	C:\Users\tonyp\Downloads\ch552-turbo-fan-ctrl\lib\DS18B20\DS18B20.c:224: void DS18B20_setAlarmTemperature(DS18B20* dev, int8_t temp_high, int8_t temp_low) {
                                   2494 ;	-----------------------------------------
                                   2495 ;	 function DS18B20_setAlarmTemperature
                                   2496 ;	-----------------------------------------
      000856                       2497 _DS18B20_setAlarmTemperature:
      000856 AF F0            [24] 2498 	mov	r7,b
      000858 AE 83            [24] 2499 	mov	r6,dph
      00085A E5 82            [12] 2500 	mov	a,dpl
      00085C 90r00r4B         [24] 2501 	mov	dptr,#_DS18B20_setAlarmTemperature_dev_65536_222
      00085F F0               [24] 2502 	movx	@dptr,a
      000860 EE               [12] 2503 	mov	a,r6
      000861 A3               [24] 2504 	inc	dptr
      000862 F0               [24] 2505 	movx	@dptr,a
      000863 EF               [12] 2506 	mov	a,r7
      000864 A3               [24] 2507 	inc	dptr
      000865 F0               [24] 2508 	movx	@dptr,a
                                   2509 ;	C:\Users\tonyp\Downloads\ch552-turbo-fan-ctrl\lib\DS18B20\DS18B20.c:227: if (ds18b20_readScratchpad(dev, scratchpad)) {
      000866 90r00r4B         [24] 2510 	mov	dptr,#_DS18B20_setAlarmTemperature_dev_65536_222
      000869 E0               [24] 2511 	movx	a,@dptr
      00086A FD               [12] 2512 	mov	r5,a
      00086B A3               [24] 2513 	inc	dptr
      00086C E0               [24] 2514 	movx	a,@dptr
      00086D FE               [12] 2515 	mov	r6,a
      00086E A3               [24] 2516 	inc	dptr
      00086F E0               [24] 2517 	movx	a,@dptr
      000870 FF               [12] 2518 	mov	r7,a
      000871 90r00r1C         [24] 2519 	mov	dptr,#_ds18b20_readScratchpad_PARM_2
      000874 74r4E            [12] 2520 	mov	a,#_DS18B20_setAlarmTemperature_scratchpad_65536_223
      000876 F0               [24] 2521 	movx	@dptr,a
      000877 74s00            [12] 2522 	mov	a,#(_DS18B20_setAlarmTemperature_scratchpad_65536_223 >> 8)
      000879 A3               [24] 2523 	inc	dptr
      00087A F0               [24] 2524 	movx	@dptr,a
      00087B E4               [12] 2525 	clr	a
      00087C A3               [24] 2526 	inc	dptr
      00087D F0               [24] 2527 	movx	@dptr,a
      00087E 8D 82            [24] 2528 	mov	dpl,r5
      000880 8E 83            [24] 2529 	mov	dph,r6
      000882 8F F0            [24] 2530 	mov	b,r7
      000884 12r03r02         [24] 2531 	lcall	_ds18b20_readScratchpad
      000887 E5 82            [12] 2532 	mov	a,dpl
      000889 60 01            [24] 2533 	jz	00102$
                                   2534 ;	C:\Users\tonyp\Downloads\ch552-turbo-fan-ctrl\lib\DS18B20\DS18B20.c:228: return;
      00088B 22               [24] 2535 	ret
      00088C                       2536 00102$:
                                   2537 ;	C:\Users\tonyp\Downloads\ch552-turbo-fan-ctrl\lib\DS18B20\DS18B20.c:231: ds18b20_reset(dev);
      00088C 90r00r4B         [24] 2538 	mov	dptr,#_DS18B20_setAlarmTemperature_dev_65536_222
      00088F E0               [24] 2539 	movx	a,@dptr
      000890 FD               [12] 2540 	mov	r5,a
      000891 A3               [24] 2541 	inc	dptr
      000892 E0               [24] 2542 	movx	a,@dptr
      000893 FE               [12] 2543 	mov	r6,a
      000894 A3               [24] 2544 	inc	dptr
      000895 E0               [24] 2545 	movx	a,@dptr
      000896 FF               [12] 2546 	mov	r7,a
      000897 8D 82            [24] 2547 	mov	dpl,r5
      000899 8E 83            [24] 2548 	mov	dph,r6
      00089B 8F F0            [24] 2549 	mov	b,r7
      00089D 12r01r01         [24] 2550 	lcall	_ds18b20_reset
                                   2551 ;	C:\Users\tonyp\Downloads\ch552-turbo-fan-ctrl\lib\DS18B20\DS18B20.c:232: ds18b20_writeByte(dev, DS18B20_CMD_SKIP_ROM);
      0008A0 90r00r4B         [24] 2552 	mov	dptr,#_DS18B20_setAlarmTemperature_dev_65536_222
      0008A3 E0               [24] 2553 	movx	a,@dptr
      0008A4 FD               [12] 2554 	mov	r5,a
      0008A5 A3               [24] 2555 	inc	dptr
      0008A6 E0               [24] 2556 	movx	a,@dptr
      0008A7 FE               [12] 2557 	mov	r6,a
      0008A8 A3               [24] 2558 	inc	dptr
      0008A9 E0               [24] 2559 	movx	a,@dptr
      0008AA FF               [12] 2560 	mov	r7,a
      0008AB 90r00r14         [24] 2561 	mov	dptr,#_ds18b20_writeByte_PARM_2
      0008AE 74 CC            [12] 2562 	mov	a,#0xcc
      0008B0 F0               [24] 2563 	movx	@dptr,a
      0008B1 8D 82            [24] 2564 	mov	dpl,r5
      0008B3 8E 83            [24] 2565 	mov	dph,r6
      0008B5 8F F0            [24] 2566 	mov	b,r7
      0008B7 12r01r90         [24] 2567 	lcall	_ds18b20_writeByte
                                   2568 ;	C:\Users\tonyp\Downloads\ch552-turbo-fan-ctrl\lib\DS18B20\DS18B20.c:233: ds18b20_writeByte(dev, DS18B20_CMD_WRITE_SCRATCHPAD);
      0008BA 90r00r4B         [24] 2569 	mov	dptr,#_DS18B20_setAlarmTemperature_dev_65536_222
      0008BD E0               [24] 2570 	movx	a,@dptr
      0008BE FD               [12] 2571 	mov	r5,a
      0008BF A3               [24] 2572 	inc	dptr
      0008C0 E0               [24] 2573 	movx	a,@dptr
      0008C1 FE               [12] 2574 	mov	r6,a
      0008C2 A3               [24] 2575 	inc	dptr
      0008C3 E0               [24] 2576 	movx	a,@dptr
      0008C4 FF               [12] 2577 	mov	r7,a
      0008C5 90r00r14         [24] 2578 	mov	dptr,#_ds18b20_writeByte_PARM_2
      0008C8 74 4E            [12] 2579 	mov	a,#0x4e
      0008CA F0               [24] 2580 	movx	@dptr,a
      0008CB 8D 82            [24] 2581 	mov	dpl,r5
      0008CD 8E 83            [24] 2582 	mov	dph,r6
      0008CF 8F F0            [24] 2583 	mov	b,r7
      0008D1 12r01r90         [24] 2584 	lcall	_ds18b20_writeByte
                                   2585 ;	C:\Users\tonyp\Downloads\ch552-turbo-fan-ctrl\lib\DS18B20\DS18B20.c:234: ds18b20_writeByte(dev, (uint8_t)temp_high);
      0008D4 90r00r4B         [24] 2586 	mov	dptr,#_DS18B20_setAlarmTemperature_dev_65536_222
      0008D7 E0               [24] 2587 	movx	a,@dptr
      0008D8 FD               [12] 2588 	mov	r5,a
      0008D9 A3               [24] 2589 	inc	dptr
      0008DA E0               [24] 2590 	movx	a,@dptr
      0008DB FE               [12] 2591 	mov	r6,a
      0008DC A3               [24] 2592 	inc	dptr
      0008DD E0               [24] 2593 	movx	a,@dptr
      0008DE FF               [12] 2594 	mov	r7,a
      0008DF 90r00r49         [24] 2595 	mov	dptr,#_DS18B20_setAlarmTemperature_PARM_2
      0008E2 E0               [24] 2596 	movx	a,@dptr
      0008E3 90r00r14         [24] 2597 	mov	dptr,#_ds18b20_writeByte_PARM_2
      0008E6 F0               [24] 2598 	movx	@dptr,a
      0008E7 8D 82            [24] 2599 	mov	dpl,r5
      0008E9 8E 83            [24] 2600 	mov	dph,r6
      0008EB 8F F0            [24] 2601 	mov	b,r7
      0008ED 12r01r90         [24] 2602 	lcall	_ds18b20_writeByte
                                   2603 ;	C:\Users\tonyp\Downloads\ch552-turbo-fan-ctrl\lib\DS18B20\DS18B20.c:235: ds18b20_writeByte(dev, (uint8_t)temp_low);
      0008F0 90r00r4B         [24] 2604 	mov	dptr,#_DS18B20_setAlarmTemperature_dev_65536_222
      0008F3 E0               [24] 2605 	movx	a,@dptr
      0008F4 FD               [12] 2606 	mov	r5,a
      0008F5 A3               [24] 2607 	inc	dptr
      0008F6 E0               [24] 2608 	movx	a,@dptr
      0008F7 FE               [12] 2609 	mov	r6,a
      0008F8 A3               [24] 2610 	inc	dptr
      0008F9 E0               [24] 2611 	movx	a,@dptr
      0008FA FF               [12] 2612 	mov	r7,a
      0008FB 90r00r4A         [24] 2613 	mov	dptr,#_DS18B20_setAlarmTemperature_PARM_3
      0008FE E0               [24] 2614 	movx	a,@dptr
      0008FF 90r00r14         [24] 2615 	mov	dptr,#_ds18b20_writeByte_PARM_2
      000902 F0               [24] 2616 	movx	@dptr,a
      000903 8D 82            [24] 2617 	mov	dpl,r5
      000905 8E 83            [24] 2618 	mov	dph,r6
      000907 8F F0            [24] 2619 	mov	b,r7
      000909 12r01r90         [24] 2620 	lcall	_ds18b20_writeByte
                                   2621 ;	C:\Users\tonyp\Downloads\ch552-turbo-fan-ctrl\lib\DS18B20\DS18B20.c:236: ds18b20_writeByte(dev, scratchpad[4]);
      00090C 90r00r4B         [24] 2622 	mov	dptr,#_DS18B20_setAlarmTemperature_dev_65536_222
      00090F E0               [24] 2623 	movx	a,@dptr
      000910 FD               [12] 2624 	mov	r5,a
      000911 A3               [24] 2625 	inc	dptr
      000912 E0               [24] 2626 	movx	a,@dptr
      000913 FE               [12] 2627 	mov	r6,a
      000914 A3               [24] 2628 	inc	dptr
      000915 E0               [24] 2629 	movx	a,@dptr
      000916 FF               [12] 2630 	mov	r7,a
      000917 90r00r52         [24] 2631 	mov	dptr,#(_DS18B20_setAlarmTemperature_scratchpad_65536_223 + 0x0004)
      00091A E0               [24] 2632 	movx	a,@dptr
      00091B 90r00r14         [24] 2633 	mov	dptr,#_ds18b20_writeByte_PARM_2
      00091E F0               [24] 2634 	movx	@dptr,a
      00091F 8D 82            [24] 2635 	mov	dpl,r5
      000921 8E 83            [24] 2636 	mov	dph,r6
      000923 8F F0            [24] 2637 	mov	b,r7
      000925 12r01r90         [24] 2638 	lcall	_ds18b20_writeByte
                                   2639 ;	C:\Users\tonyp\Downloads\ch552-turbo-fan-ctrl\lib\DS18B20\DS18B20.c:238: ds18b20_reset(dev);
      000928 90r00r4B         [24] 2640 	mov	dptr,#_DS18B20_setAlarmTemperature_dev_65536_222
      00092B E0               [24] 2641 	movx	a,@dptr
      00092C FD               [12] 2642 	mov	r5,a
      00092D A3               [24] 2643 	inc	dptr
      00092E E0               [24] 2644 	movx	a,@dptr
      00092F FE               [12] 2645 	mov	r6,a
      000930 A3               [24] 2646 	inc	dptr
      000931 E0               [24] 2647 	movx	a,@dptr
      000932 FF               [12] 2648 	mov	r7,a
      000933 8D 82            [24] 2649 	mov	dpl,r5
      000935 8E 83            [24] 2650 	mov	dph,r6
      000937 8F F0            [24] 2651 	mov	b,r7
      000939 12r01r01         [24] 2652 	lcall	_ds18b20_reset
                                   2653 ;	C:\Users\tonyp\Downloads\ch552-turbo-fan-ctrl\lib\DS18B20\DS18B20.c:239: ds18b20_writeByte(dev, DS18B20_CMD_SKIP_ROM);
      00093C 90r00r4B         [24] 2654 	mov	dptr,#_DS18B20_setAlarmTemperature_dev_65536_222
      00093F E0               [24] 2655 	movx	a,@dptr
      000940 FD               [12] 2656 	mov	r5,a
      000941 A3               [24] 2657 	inc	dptr
      000942 E0               [24] 2658 	movx	a,@dptr
      000943 FE               [12] 2659 	mov	r6,a
      000944 A3               [24] 2660 	inc	dptr
      000945 E0               [24] 2661 	movx	a,@dptr
      000946 FF               [12] 2662 	mov	r7,a
      000947 90r00r14         [24] 2663 	mov	dptr,#_ds18b20_writeByte_PARM_2
      00094A 74 CC            [12] 2664 	mov	a,#0xcc
      00094C F0               [24] 2665 	movx	@dptr,a
      00094D 8D 82            [24] 2666 	mov	dpl,r5
      00094F 8E 83            [24] 2667 	mov	dph,r6
      000951 8F F0            [24] 2668 	mov	b,r7
      000953 12r01r90         [24] 2669 	lcall	_ds18b20_writeByte
                                   2670 ;	C:\Users\tonyp\Downloads\ch552-turbo-fan-ctrl\lib\DS18B20\DS18B20.c:240: ds18b20_writeByte(dev, DS18B20_CMD_COPY_SCRATCHPAD);
      000956 90r00r4B         [24] 2671 	mov	dptr,#_DS18B20_setAlarmTemperature_dev_65536_222
      000959 E0               [24] 2672 	movx	a,@dptr
      00095A FD               [12] 2673 	mov	r5,a
      00095B A3               [24] 2674 	inc	dptr
      00095C E0               [24] 2675 	movx	a,@dptr
      00095D FE               [12] 2676 	mov	r6,a
      00095E A3               [24] 2677 	inc	dptr
      00095F E0               [24] 2678 	movx	a,@dptr
      000960 FF               [12] 2679 	mov	r7,a
      000961 90r00r14         [24] 2680 	mov	dptr,#_ds18b20_writeByte_PARM_2
      000964 74 48            [12] 2681 	mov	a,#0x48
      000966 F0               [24] 2682 	movx	@dptr,a
      000967 8D 82            [24] 2683 	mov	dpl,r5
      000969 8E 83            [24] 2684 	mov	dph,r6
      00096B 8F F0            [24] 2685 	mov	b,r7
      00096D 12r01r90         [24] 2686 	lcall	_ds18b20_writeByte
                                   2687 ;	C:\Users\tonyp\Downloads\ch552-turbo-fan-ctrl\lib\DS18B20\DS18B20.c:241: delay(10);
      000970 90 00 0A         [24] 2688 	mov	dptr,#(0x0a&0x00ff)
      000973 E4               [12] 2689 	clr	a
      000974 F5 F0            [12] 2690 	mov	b,a
                                   2691 ;	C:\Users\tonyp\Downloads\ch552-turbo-fan-ctrl\lib\DS18B20\DS18B20.c:242: }
      000976 02r00r00         [24] 2692 	ljmp	_delay
                                   2693 	.area CSEG    (CODE)
                                   2694 	.area CONST   (CODE)
                                   2695 	.area XINIT   (CODE)
                                   2696 	.area CABS    (ABS,CODE)
