                                      1 ;--------------------------------------------------------
                                      2 ; File Created by SDCC : free open source ISO C Compiler 
                                      3 ; Version 4.2.2 #13407 (MINGW32)
                                      4 ;--------------------------------------------------------
                                      5 	.module serial_compat
                                      6 	.optsdcc -mmcs51 --model-large
                                      7 	
                                      8 ;--------------------------------------------------------
                                      9 ; Public variables in this module
                                     10 ;--------------------------------------------------------
                                     11 	.globl _USBSerial_read
                                     12 	.globl _USBSerial_available
                                     13 	.globl _USBSerial_write
                                     14 	.globl _UIF_BUS_RST
                                     15 	.globl _UIF_DETECT
                                     16 	.globl _UIF_TRANSFER
                                     17 	.globl _UIF_SUSPEND
                                     18 	.globl _UIF_HST_SOF
                                     19 	.globl _UIF_FIFO_OV
                                     20 	.globl _U_SIE_FREE
                                     21 	.globl _U_TOG_OK
                                     22 	.globl _U_IS_NAK
                                     23 	.globl _S0_R_FIFO0
                                     24 	.globl _S0_R_FIFO1
                                     25 	.globl _S0_T_FIFO
                                     26 	.globl _S0_FREE
                                     27 	.globl _S0_IF_BYTE
                                     28 	.globl _S0_IF_FIRST
                                     29 	.globl _S0_IF_OV
                                     30 	.globl _S0_FST_ACT
                                     31 	.globl _CP_RL2
                                     32 	.globl _C_T2
                                     33 	.globl _TR2
                                     34 	.globl _EXEN2
                                     35 	.globl _TCLK
                                     36 	.globl _RCLK
                                     37 	.globl _EXF2
                                     38 	.globl _CAP1F
                                     39 	.globl _TF2
                                     40 	.globl _RI
                                     41 	.globl _TI
                                     42 	.globl _RB8
                                     43 	.globl _TB8
                                     44 	.globl _REN
                                     45 	.globl _SM2
                                     46 	.globl _SM1
                                     47 	.globl _SM0
                                     48 	.globl _IT0
                                     49 	.globl _IE0
                                     50 	.globl _IT1
                                     51 	.globl _IE1
                                     52 	.globl _TR0
                                     53 	.globl _TF0
                                     54 	.globl _TR1
                                     55 	.globl _TF1
                                     56 	.globl _P4_OUT_0
                                     57 	.globl _P4_OUT_1
                                     58 	.globl _P4_OUT_2
                                     59 	.globl _P4_OUT_3
                                     60 	.globl _P4_OUT_4
                                     61 	.globl _P4_OUT_5
                                     62 	.globl _P4_OUT_6
                                     63 	.globl _P4_OUT_7
                                     64 	.globl _RXD1_
                                     65 	.globl _LED2
                                     66 	.globl _CAP3_
                                     67 	.globl _PWM3_
                                     68 	.globl _PWM1_
                                     69 	.globl _TXD1_
                                     70 	.globl _TNOW_
                                     71 	.globl _LED3
                                     72 	.globl _PWM2_
                                     73 	.globl _SCS_
                                     74 	.globl _SCK_
                                     75 	.globl _P3_0
                                     76 	.globl _P3_1
                                     77 	.globl _P3_2
                                     78 	.globl _P3_3
                                     79 	.globl _P3_4
                                     80 	.globl _P3_5
                                     81 	.globl _P3_6
                                     82 	.globl _P3_7
                                     83 	.globl _RXD
                                     84 	.globl _TXD
                                     85 	.globl _INT0
                                     86 	.globl _LED0
                                     87 	.globl _INT1
                                     88 	.globl _LED1
                                     89 	.globl _T0
                                     90 	.globl _XCS0
                                     91 	.globl _LEDC
                                     92 	.globl _T1
                                     93 	.globl _DA6
                                     94 	.globl _WR
                                     95 	.globl _RD
                                     96 	.globl _P2_0
                                     97 	.globl _P2_1
                                     98 	.globl _P2_2
                                     99 	.globl _P2_3
                                    100 	.globl _P2_4
                                    101 	.globl _P2_5
                                    102 	.globl _P2_6
                                    103 	.globl _P2_7
                                    104 	.globl _MOSI1
                                    105 	.globl _MISO1
                                    106 	.globl _SCK1
                                    107 	.globl _PWM1
                                    108 	.globl _CAP2_
                                    109 	.globl _T2EX_
                                    110 	.globl _PWM2
                                    111 	.globl _TNOW
                                    112 	.globl _RXD1
                                    113 	.globl _DA7
                                    114 	.globl _TXD1
                                    115 	.globl _P1_0
                                    116 	.globl _P1_1
                                    117 	.globl _P1_2
                                    118 	.globl _P1_3
                                    119 	.globl _P1_4
                                    120 	.globl _P1_5
                                    121 	.globl _P1_6
                                    122 	.globl _P1_7
                                    123 	.globl _CAP1
                                    124 	.globl _T2
                                    125 	.globl _CAP2
                                    126 	.globl _T2EX
                                    127 	.globl _CAP3
                                    128 	.globl _PWM3
                                    129 	.globl _SCS
                                    130 	.globl _MOSI
                                    131 	.globl _MISO
                                    132 	.globl _SCK
                                    133 	.globl _AIN0
                                    134 	.globl _AIN1
                                    135 	.globl _AIN2
                                    136 	.globl _AIN3
                                    137 	.globl _AIN4
                                    138 	.globl _AIN5
                                    139 	.globl _AIN6
                                    140 	.globl _AIN7
                                    141 	.globl _P0_0
                                    142 	.globl _P0_1
                                    143 	.globl _P0_2
                                    144 	.globl _P0_3
                                    145 	.globl _P0_4
                                    146 	.globl _P0_5
                                    147 	.globl _P0_6
                                    148 	.globl _P0_7
                                    149 	.globl _UDTR
                                    150 	.globl _URTS
                                    151 	.globl _RXD_
                                    152 	.globl _TXD_
                                    153 	.globl _UCTS
                                    154 	.globl _UDSR
                                    155 	.globl _URI
                                    156 	.globl _UDCD
                                    157 	.globl _IE_SPI0
                                    158 	.globl _IE_TMR3
                                    159 	.globl _IE_USB
                                    160 	.globl _IE_ADC
                                    161 	.globl _IE_UART1
                                    162 	.globl _IE_PWM1
                                    163 	.globl _IE_GPIO
                                    164 	.globl _IE_WDOG
                                    165 	.globl _PX0
                                    166 	.globl _PT0
                                    167 	.globl _PX1
                                    168 	.globl _PT1
                                    169 	.globl _PS
                                    170 	.globl _PT2
                                    171 	.globl _PL_FLAG
                                    172 	.globl _PH_FLAG
                                    173 	.globl _EX0
                                    174 	.globl _ET0
                                    175 	.globl _EX1
                                    176 	.globl _ET1
                                    177 	.globl _ES
                                    178 	.globl _ET2
                                    179 	.globl _E_DIS
                                    180 	.globl _EA
                                    181 	.globl _P
                                    182 	.globl _F1
                                    183 	.globl _OV
                                    184 	.globl _RS0
                                    185 	.globl _RS1
                                    186 	.globl _F0
                                    187 	.globl _AC
                                    188 	.globl _CY
                                    189 	.globl _USB_DMA_AH
                                    190 	.globl _USB_DMA_AL
                                    191 	.globl _USB_DMA
                                    192 	.globl _UHUB1_CTRL
                                    193 	.globl _UDEV_CTRL
                                    194 	.globl _USB_DEV_AD
                                    195 	.globl _USB_CTRL
                                    196 	.globl _USB_INT_EN
                                    197 	.globl _UEP4_T_LEN
                                    198 	.globl _UEP4_CTRL
                                    199 	.globl _UEP0_T_LEN
                                    200 	.globl _UEP0_CTRL
                                    201 	.globl _USB_HUB_ST
                                    202 	.globl _USB_MIS_ST
                                    203 	.globl _USB_INT_ST
                                    204 	.globl _USB_INT_FG
                                    205 	.globl _UEP3_T_LEN
                                    206 	.globl _UEP3_CTRL
                                    207 	.globl _UEP2_T_LEN
                                    208 	.globl _UEP2_CTRL
                                    209 	.globl _UEP1_T_LEN
                                    210 	.globl _UEP1_CTRL
                                    211 	.globl _USB_RX_LEN
                                    212 	.globl _ADC_EX_SW
                                    213 	.globl _ADC_SETUP
                                    214 	.globl _ADC_FIFO_H
                                    215 	.globl _ADC_FIFO_L
                                    216 	.globl _ADC_FIFO
                                    217 	.globl _ADC_CHANN
                                    218 	.globl _ADC_CTRL
                                    219 	.globl _ADC_STAT
                                    220 	.globl _ADC_CK_SE
                                    221 	.globl _ADC_DMA_CN
                                    222 	.globl _ADC_DMA_AH
                                    223 	.globl _ADC_DMA_AL
                                    224 	.globl _ADC_DMA
                                    225 	.globl _SER1_ADDR
                                    226 	.globl _SER1_MSR
                                    227 	.globl _SER1_LSR
                                    228 	.globl _SER1_MCR
                                    229 	.globl _SER1_LCR
                                    230 	.globl _SER1_IIR
                                    231 	.globl _SER1_IER
                                    232 	.globl _SER1_FIFO
                                    233 	.globl _SPI1_CK_SE
                                    234 	.globl _SPI1_CTRL
                                    235 	.globl _SPI1_DATA
                                    236 	.globl _SPI1_STAT
                                    237 	.globl _SPI0_SETUP
                                    238 	.globl _SPI0_CK_SE
                                    239 	.globl _SPI0_CTRL
                                    240 	.globl _SPI0_DATA
                                    241 	.globl _SPI0_STAT
                                    242 	.globl _PWM_CYCLE
                                    243 	.globl _PWM_CK_SE
                                    244 	.globl _PWM_CTRL
                                    245 	.globl _PWM_DATA
                                    246 	.globl _PWM_DATA2
                                    247 	.globl _T3_FIFO_H
                                    248 	.globl _T3_FIFO_L
                                    249 	.globl _T3_FIFO
                                    250 	.globl _T3_DMA_AH
                                    251 	.globl _T3_DMA_AL
                                    252 	.globl _T3_DMA
                                    253 	.globl _T3_DMA_CN
                                    254 	.globl _T3_CTRL
                                    255 	.globl _T3_STAT
                                    256 	.globl _T3_END_H
                                    257 	.globl _T3_END_L
                                    258 	.globl _T3_END
                                    259 	.globl _T3_COUNT_H
                                    260 	.globl _T3_COUNT_L
                                    261 	.globl _T3_COUNT
                                    262 	.globl _T3_SETUP
                                    263 	.globl _TH2
                                    264 	.globl _TL2
                                    265 	.globl _T2COUNT
                                    266 	.globl _RCAP2H
                                    267 	.globl _RCAP2L
                                    268 	.globl _RCAP2
                                    269 	.globl _T2MOD
                                    270 	.globl _T2CON
                                    271 	.globl _SBUF
                                    272 	.globl _SCON
                                    273 	.globl _TH1
                                    274 	.globl _TH0
                                    275 	.globl _TL1
                                    276 	.globl _TL0
                                    277 	.globl _TMOD
                                    278 	.globl _TCON
                                    279 	.globl _XBUS_SPEED
                                    280 	.globl _XBUS_AUX
                                    281 	.globl _PIN_FUNC
                                    282 	.globl _PORT_CFG
                                    283 	.globl _P5_IN
                                    284 	.globl _P4_PU
                                    285 	.globl _P4_DIR
                                    286 	.globl _P4_IN
                                    287 	.globl _P4_OUT
                                    288 	.globl _P3_PU
                                    289 	.globl _P3_DIR
                                    290 	.globl _P3
                                    291 	.globl _P2_PU
                                    292 	.globl _P2_DIR
                                    293 	.globl _P2
                                    294 	.globl _P1_PU
                                    295 	.globl _P1_DIR
                                    296 	.globl _P1_IE
                                    297 	.globl _P1
                                    298 	.globl _P0_PU
                                    299 	.globl _P0_DIR
                                    300 	.globl _P0
                                    301 	.globl _ROM_CTRL
                                    302 	.globl _ROM_DATA_H
                                    303 	.globl _ROM_DATA_L
                                    304 	.globl _ROM_DATA
                                    305 	.globl _ROM_ADDR_H
                                    306 	.globl _ROM_ADDR_L
                                    307 	.globl _ROM_ADDR
                                    308 	.globl _GPIO_IE
                                    309 	.globl _IP_EX
                                    310 	.globl _IE_EX
                                    311 	.globl _IP
                                    312 	.globl _IE
                                    313 	.globl _WDOG_COUNT
                                    314 	.globl _RESET_KEEP
                                    315 	.globl _WAKE_CTRL
                                    316 	.globl _SLEEP_CTRL
                                    317 	.globl _CLOCK_CFG
                                    318 	.globl _PLL_CFG
                                    319 	.globl _PCON
                                    320 	.globl _GLOBAL_CFG
                                    321 	.globl _SAFE_MOD
                                    322 	.globl _DPH
                                    323 	.globl _DPL
                                    324 	.globl _SP
                                    325 	.globl _B
                                    326 	.globl _ACC
                                    327 	.globl _PSW
                                    328 	.globl _serial_println_float_PARM_2
                                    329 	.globl _serial_print_float_PARM_2
                                    330 	.globl _serial_print_uint_base_PARM_2
                                    331 	.globl _LED_DMA_XL
                                    332 	.globl _LED_DMA_XH
                                    333 	.globl _LED_DMA_CN
                                    334 	.globl _LED_DMA_AL
                                    335 	.globl _LED_DMA_AH
                                    336 	.globl _LED_CK_SE
                                    337 	.globl _LED_DATA
                                    338 	.globl _LED_CTRL
                                    339 	.globl _LED_STAT
                                    340 	.globl _UEP3_DMA_L
                                    341 	.globl _UEP3_DMA_H
                                    342 	.globl _UEP2_DMA_L
                                    343 	.globl _UEP2_DMA_H
                                    344 	.globl _UEP1_DMA_L
                                    345 	.globl _UEP1_DMA_H
                                    346 	.globl _UEP0_DMA_L
                                    347 	.globl _UEP0_DMA_H
                                    348 	.globl _UEP2_3_MOD
                                    349 	.globl _UEP4_1_MOD
                                    350 	.globl _pLED_DMA_XL
                                    351 	.globl _pLED_DMA_XH
                                    352 	.globl _pLED_DMA_CN
                                    353 	.globl _pLED_DMA_AL
                                    354 	.globl _pLED_DMA_AH
                                    355 	.globl _pLED_CK_SE
                                    356 	.globl _pLED_DATA
                                    357 	.globl _pLED_CTRL
                                    358 	.globl _pLED_STAT
                                    359 	.globl _pUEP3_DMA_L
                                    360 	.globl _pUEP3_DMA_H
                                    361 	.globl _pUEP2_DMA_L
                                    362 	.globl _pUEP2_DMA_H
                                    363 	.globl _pUEP1_DMA_L
                                    364 	.globl _pUEP1_DMA_H
                                    365 	.globl _pUEP0_DMA_L
                                    366 	.globl _pUEP0_DMA_H
                                    367 	.globl _pUEP2_3_MOD
                                    368 	.globl _pUEP4_1_MOD
                                    369 	.globl _serial_begin
                                    370 	.globl _serial_available
                                    371 	.globl _serial_read
                                    372 	.globl _serial_write
                                    373 	.globl _serial_print_str
                                    374 	.globl _serial_print_int
                                    375 	.globl _serial_print_uint
                                    376 	.globl _serial_print_uint_base
                                    377 	.globl _serial_print_float
                                    378 	.globl _serial_println
                                    379 	.globl _serial_println_str
                                    380 	.globl _serial_println_int
                                    381 	.globl _serial_println_uint
                                    382 	.globl _serial_println_float
                                    383 ;--------------------------------------------------------
                                    384 ; special function registers
                                    385 ;--------------------------------------------------------
                                    386 	.area RSEG    (ABS,DATA)
      000000                        387 	.org 0x0000
                           0000D0   388 _PSW	=	0x00d0
                           0000E0   389 _ACC	=	0x00e0
                           0000F0   390 _B	=	0x00f0
                           000081   391 _SP	=	0x0081
                           000082   392 _DPL	=	0x0082
                           000083   393 _DPH	=	0x0083
                           0000A1   394 _SAFE_MOD	=	0x00a1
                           0000B1   395 _GLOBAL_CFG	=	0x00b1
                           000087   396 _PCON	=	0x0087
                           0000B2   397 _PLL_CFG	=	0x00b2
                           0000B3   398 _CLOCK_CFG	=	0x00b3
                           0000EA   399 _SLEEP_CTRL	=	0x00ea
                           0000EB   400 _WAKE_CTRL	=	0x00eb
                           0000FE   401 _RESET_KEEP	=	0x00fe
                           0000FF   402 _WDOG_COUNT	=	0x00ff
                           0000A8   403 _IE	=	0x00a8
                           0000B8   404 _IP	=	0x00b8
                           0000E8   405 _IE_EX	=	0x00e8
                           0000E9   406 _IP_EX	=	0x00e9
                           0000CF   407 _GPIO_IE	=	0x00cf
                           008584   408 _ROM_ADDR	=	0x8584
                           000084   409 _ROM_ADDR_L	=	0x0084
                           000085   410 _ROM_ADDR_H	=	0x0085
                           008F8E   411 _ROM_DATA	=	0x8f8e
                           00008E   412 _ROM_DATA_L	=	0x008e
                           00008F   413 _ROM_DATA_H	=	0x008f
                           000086   414 _ROM_CTRL	=	0x0086
                           000080   415 _P0	=	0x0080
                           0000C4   416 _P0_DIR	=	0x00c4
                           0000C5   417 _P0_PU	=	0x00c5
                           000090   418 _P1	=	0x0090
                           0000B9   419 _P1_IE	=	0x00b9
                           0000BA   420 _P1_DIR	=	0x00ba
                           0000BB   421 _P1_PU	=	0x00bb
                           0000A0   422 _P2	=	0x00a0
                           0000BC   423 _P2_DIR	=	0x00bc
                           0000BD   424 _P2_PU	=	0x00bd
                           0000B0   425 _P3	=	0x00b0
                           0000BE   426 _P3_DIR	=	0x00be
                           0000BF   427 _P3_PU	=	0x00bf
                           0000C0   428 _P4_OUT	=	0x00c0
                           0000C1   429 _P4_IN	=	0x00c1
                           0000C2   430 _P4_DIR	=	0x00c2
                           0000C3   431 _P4_PU	=	0x00c3
                           0000C7   432 _P5_IN	=	0x00c7
                           0000C6   433 _PORT_CFG	=	0x00c6
                           0000CE   434 _PIN_FUNC	=	0x00ce
                           0000A2   435 _XBUS_AUX	=	0x00a2
                           0000FD   436 _XBUS_SPEED	=	0x00fd
                           000088   437 _TCON	=	0x0088
                           000089   438 _TMOD	=	0x0089
                           00008A   439 _TL0	=	0x008a
                           00008B   440 _TL1	=	0x008b
                           00008C   441 _TH0	=	0x008c
                           00008D   442 _TH1	=	0x008d
                           000098   443 _SCON	=	0x0098
                           000099   444 _SBUF	=	0x0099
                           0000C8   445 _T2CON	=	0x00c8
                           0000C9   446 _T2MOD	=	0x00c9
                           00CBCA   447 _RCAP2	=	0xcbca
                           0000CA   448 _RCAP2L	=	0x00ca
                           0000CB   449 _RCAP2H	=	0x00cb
                           00CDCC   450 _T2COUNT	=	0xcdcc
                           0000CC   451 _TL2	=	0x00cc
                           0000CD   452 _TH2	=	0x00cd
                           0000A3   453 _T3_SETUP	=	0x00a3
                           00A5A4   454 _T3_COUNT	=	0xa5a4
                           0000A4   455 _T3_COUNT_L	=	0x00a4
                           0000A5   456 _T3_COUNT_H	=	0x00a5
                           00A7A6   457 _T3_END	=	0xa7a6
                           0000A6   458 _T3_END_L	=	0x00a6
                           0000A7   459 _T3_END_H	=	0x00a7
                           0000A9   460 _T3_STAT	=	0x00a9
                           0000AA   461 _T3_CTRL	=	0x00aa
                           0000AB   462 _T3_DMA_CN	=	0x00ab
                           00ADAC   463 _T3_DMA	=	0xadac
                           0000AC   464 _T3_DMA_AL	=	0x00ac
                           0000AD   465 _T3_DMA_AH	=	0x00ad
                           00AFAE   466 _T3_FIFO	=	0xafae
                           0000AE   467 _T3_FIFO_L	=	0x00ae
                           0000AF   468 _T3_FIFO_H	=	0x00af
                           00009B   469 _PWM_DATA2	=	0x009b
                           00009C   470 _PWM_DATA	=	0x009c
                           00009D   471 _PWM_CTRL	=	0x009d
                           00009E   472 _PWM_CK_SE	=	0x009e
                           00009F   473 _PWM_CYCLE	=	0x009f
                           0000F8   474 _SPI0_STAT	=	0x00f8
                           0000F9   475 _SPI0_DATA	=	0x00f9
                           0000FA   476 _SPI0_CTRL	=	0x00fa
                           0000FB   477 _SPI0_CK_SE	=	0x00fb
                           0000FC   478 _SPI0_SETUP	=	0x00fc
                           0000B4   479 _SPI1_STAT	=	0x00b4
                           0000B5   480 _SPI1_DATA	=	0x00b5
                           0000B6   481 _SPI1_CTRL	=	0x00b6
                           0000B7   482 _SPI1_CK_SE	=	0x00b7
                           00009A   483 _SER1_FIFO	=	0x009a
                           000091   484 _SER1_IER	=	0x0091
                           000092   485 _SER1_IIR	=	0x0092
                           000093   486 _SER1_LCR	=	0x0093
                           000094   487 _SER1_MCR	=	0x0094
                           000095   488 _SER1_LSR	=	0x0095
                           000096   489 _SER1_MSR	=	0x0096
                           000097   490 _SER1_ADDR	=	0x0097
                           00EDEC   491 _ADC_DMA	=	0xedec
                           0000EC   492 _ADC_DMA_AL	=	0x00ec
                           0000ED   493 _ADC_DMA_AH	=	0x00ed
                           0000EE   494 _ADC_DMA_CN	=	0x00ee
                           0000EF   495 _ADC_CK_SE	=	0x00ef
                           0000F1   496 _ADC_STAT	=	0x00f1
                           0000F2   497 _ADC_CTRL	=	0x00f2
                           0000F3   498 _ADC_CHANN	=	0x00f3
                           00F5F4   499 _ADC_FIFO	=	0xf5f4
                           0000F4   500 _ADC_FIFO_L	=	0x00f4
                           0000F5   501 _ADC_FIFO_H	=	0x00f5
                           0000F6   502 _ADC_SETUP	=	0x00f6
                           0000F7   503 _ADC_EX_SW	=	0x00f7
                           0000D1   504 _USB_RX_LEN	=	0x00d1
                           0000D2   505 _UEP1_CTRL	=	0x00d2
                           0000D3   506 _UEP1_T_LEN	=	0x00d3
                           0000D4   507 _UEP2_CTRL	=	0x00d4
                           0000D5   508 _UEP2_T_LEN	=	0x00d5
                           0000D6   509 _UEP3_CTRL	=	0x00d6
                           0000D7   510 _UEP3_T_LEN	=	0x00d7
                           0000D8   511 _USB_INT_FG	=	0x00d8
                           0000D9   512 _USB_INT_ST	=	0x00d9
                           0000DA   513 _USB_MIS_ST	=	0x00da
                           0000DB   514 _USB_HUB_ST	=	0x00db
                           0000DC   515 _UEP0_CTRL	=	0x00dc
                           0000DD   516 _UEP0_T_LEN	=	0x00dd
                           0000DE   517 _UEP4_CTRL	=	0x00de
                           0000DF   518 _UEP4_T_LEN	=	0x00df
                           0000E1   519 _USB_INT_EN	=	0x00e1
                           0000E2   520 _USB_CTRL	=	0x00e2
                           0000E3   521 _USB_DEV_AD	=	0x00e3
                           0000E4   522 _UDEV_CTRL	=	0x00e4
                           0000E5   523 _UHUB1_CTRL	=	0x00e5
                           00E7E6   524 _USB_DMA	=	0xe7e6
                           0000E6   525 _USB_DMA_AL	=	0x00e6
                           0000E7   526 _USB_DMA_AH	=	0x00e7
                                    527 ;--------------------------------------------------------
                                    528 ; special function bits
                                    529 ;--------------------------------------------------------
                                    530 	.area RSEG    (ABS,DATA)
      000000                        531 	.org 0x0000
                           0000D7   532 _CY	=	0x00d7
                           0000D6   533 _AC	=	0x00d6
                           0000D5   534 _F0	=	0x00d5
                           0000D4   535 _RS1	=	0x00d4
                           0000D3   536 _RS0	=	0x00d3
                           0000D2   537 _OV	=	0x00d2
                           0000D1   538 _F1	=	0x00d1
                           0000D0   539 _P	=	0x00d0
                           0000AF   540 _EA	=	0x00af
                           0000AE   541 _E_DIS	=	0x00ae
                           0000AD   542 _ET2	=	0x00ad
                           0000AC   543 _ES	=	0x00ac
                           0000AB   544 _ET1	=	0x00ab
                           0000AA   545 _EX1	=	0x00aa
                           0000A9   546 _ET0	=	0x00a9
                           0000A8   547 _EX0	=	0x00a8
                           0000BF   548 _PH_FLAG	=	0x00bf
                           0000BE   549 _PL_FLAG	=	0x00be
                           0000BD   550 _PT2	=	0x00bd
                           0000BC   551 _PS	=	0x00bc
                           0000BB   552 _PT1	=	0x00bb
                           0000BA   553 _PX1	=	0x00ba
                           0000B9   554 _PT0	=	0x00b9
                           0000B8   555 _PX0	=	0x00b8
                           0000EF   556 _IE_WDOG	=	0x00ef
                           0000EE   557 _IE_GPIO	=	0x00ee
                           0000ED   558 _IE_PWM1	=	0x00ed
                           0000EC   559 _IE_UART1	=	0x00ec
                           0000EB   560 _IE_ADC	=	0x00eb
                           0000EA   561 _IE_USB	=	0x00ea
                           0000E9   562 _IE_TMR3	=	0x00e9
                           0000E8   563 _IE_SPI0	=	0x00e8
                           000087   564 _UDCD	=	0x0087
                           000086   565 _URI	=	0x0086
                           000085   566 _UDSR	=	0x0085
                           000084   567 _UCTS	=	0x0084
                           000083   568 _TXD_	=	0x0083
                           000082   569 _RXD_	=	0x0082
                           000081   570 _URTS	=	0x0081
                           000080   571 _UDTR	=	0x0080
                           000087   572 _P0_7	=	0x0087
                           000086   573 _P0_6	=	0x0086
                           000085   574 _P0_5	=	0x0085
                           000084   575 _P0_4	=	0x0084
                           000083   576 _P0_3	=	0x0083
                           000082   577 _P0_2	=	0x0082
                           000081   578 _P0_1	=	0x0081
                           000080   579 _P0_0	=	0x0080
                           000097   580 _AIN7	=	0x0097
                           000096   581 _AIN6	=	0x0096
                           000095   582 _AIN5	=	0x0095
                           000094   583 _AIN4	=	0x0094
                           000093   584 _AIN3	=	0x0093
                           000092   585 _AIN2	=	0x0092
                           000091   586 _AIN1	=	0x0091
                           000090   587 _AIN0	=	0x0090
                           000097   588 _SCK	=	0x0097
                           000096   589 _MISO	=	0x0096
                           000095   590 _MOSI	=	0x0095
                           000094   591 _SCS	=	0x0094
                           000092   592 _PWM3	=	0x0092
                           000092   593 _CAP3	=	0x0092
                           000091   594 _T2EX	=	0x0091
                           000091   595 _CAP2	=	0x0091
                           000090   596 _T2	=	0x0090
                           000090   597 _CAP1	=	0x0090
                           000097   598 _P1_7	=	0x0097
                           000096   599 _P1_6	=	0x0096
                           000095   600 _P1_5	=	0x0095
                           000094   601 _P1_4	=	0x0094
                           000093   602 _P1_3	=	0x0093
                           000092   603 _P1_2	=	0x0092
                           000091   604 _P1_1	=	0x0091
                           000090   605 _P1_0	=	0x0090
                           0000A7   606 _TXD1	=	0x00a7
                           0000A7   607 _DA7	=	0x00a7
                           0000A6   608 _RXD1	=	0x00a6
                           0000A5   609 _TNOW	=	0x00a5
                           0000A5   610 _PWM2	=	0x00a5
                           0000A5   611 _T2EX_	=	0x00a5
                           0000A5   612 _CAP2_	=	0x00a5
                           0000A4   613 _PWM1	=	0x00a4
                           0000A3   614 _SCK1	=	0x00a3
                           0000A2   615 _MISO1	=	0x00a2
                           0000A1   616 _MOSI1	=	0x00a1
                           0000A7   617 _P2_7	=	0x00a7
                           0000A6   618 _P2_6	=	0x00a6
                           0000A5   619 _P2_5	=	0x00a5
                           0000A4   620 _P2_4	=	0x00a4
                           0000A3   621 _P2_3	=	0x00a3
                           0000A2   622 _P2_2	=	0x00a2
                           0000A1   623 _P2_1	=	0x00a1
                           0000A0   624 _P2_0	=	0x00a0
                           0000B7   625 _RD	=	0x00b7
                           0000B6   626 _WR	=	0x00b6
                           0000B5   627 _DA6	=	0x00b5
                           0000B5   628 _T1	=	0x00b5
                           0000B4   629 _LEDC	=	0x00b4
                           0000B4   630 _XCS0	=	0x00b4
                           0000B4   631 _T0	=	0x00b4
                           0000B3   632 _LED1	=	0x00b3
                           0000B3   633 _INT1	=	0x00b3
                           0000B2   634 _LED0	=	0x00b2
                           0000B2   635 _INT0	=	0x00b2
                           0000B1   636 _TXD	=	0x00b1
                           0000B0   637 _RXD	=	0x00b0
                           0000B7   638 _P3_7	=	0x00b7
                           0000B6   639 _P3_6	=	0x00b6
                           0000B5   640 _P3_5	=	0x00b5
                           0000B4   641 _P3_4	=	0x00b4
                           0000B3   642 _P3_3	=	0x00b3
                           0000B2   643 _P3_2	=	0x00b2
                           0000B1   644 _P3_1	=	0x00b1
                           0000B0   645 _P3_0	=	0x00b0
                           0000C7   646 _SCK_	=	0x00c7
                           0000C6   647 _SCS_	=	0x00c6
                           0000C5   648 _PWM2_	=	0x00c5
                           0000C4   649 _LED3	=	0x00c4
                           0000C4   650 _TNOW_	=	0x00c4
                           0000C4   651 _TXD1_	=	0x00c4
                           0000C3   652 _PWM1_	=	0x00c3
                           0000C2   653 _PWM3_	=	0x00c2
                           0000C2   654 _CAP3_	=	0x00c2
                           0000C0   655 _LED2	=	0x00c0
                           0000C0   656 _RXD1_	=	0x00c0
                           0000C7   657 _P4_OUT_7	=	0x00c7
                           0000C6   658 _P4_OUT_6	=	0x00c6
                           0000C5   659 _P4_OUT_5	=	0x00c5
                           0000C4   660 _P4_OUT_4	=	0x00c4
                           0000C3   661 _P4_OUT_3	=	0x00c3
                           0000C2   662 _P4_OUT_2	=	0x00c2
                           0000C1   663 _P4_OUT_1	=	0x00c1
                           0000C0   664 _P4_OUT_0	=	0x00c0
                           00008F   665 _TF1	=	0x008f
                           00008E   666 _TR1	=	0x008e
                           00008D   667 _TF0	=	0x008d
                           00008C   668 _TR0	=	0x008c
                           00008B   669 _IE1	=	0x008b
                           00008A   670 _IT1	=	0x008a
                           000089   671 _IE0	=	0x0089
                           000088   672 _IT0	=	0x0088
                           00009F   673 _SM0	=	0x009f
                           00009E   674 _SM1	=	0x009e
                           00009D   675 _SM2	=	0x009d
                           00009C   676 _REN	=	0x009c
                           00009B   677 _TB8	=	0x009b
                           00009A   678 _RB8	=	0x009a
                           000099   679 _TI	=	0x0099
                           000098   680 _RI	=	0x0098
                           0000CF   681 _TF2	=	0x00cf
                           0000CF   682 _CAP1F	=	0x00cf
                           0000CE   683 _EXF2	=	0x00ce
                           0000CD   684 _RCLK	=	0x00cd
                           0000CC   685 _TCLK	=	0x00cc
                           0000CB   686 _EXEN2	=	0x00cb
                           0000CA   687 _TR2	=	0x00ca
                           0000C9   688 _C_T2	=	0x00c9
                           0000C8   689 _CP_RL2	=	0x00c8
                           0000FF   690 _S0_FST_ACT	=	0x00ff
                           0000FE   691 _S0_IF_OV	=	0x00fe
                           0000FD   692 _S0_IF_FIRST	=	0x00fd
                           0000FC   693 _S0_IF_BYTE	=	0x00fc
                           0000FB   694 _S0_FREE	=	0x00fb
                           0000FA   695 _S0_T_FIFO	=	0x00fa
                           0000F9   696 _S0_R_FIFO1	=	0x00f9
                           0000F8   697 _S0_R_FIFO0	=	0x00f8
                           0000DF   698 _U_IS_NAK	=	0x00df
                           0000DE   699 _U_TOG_OK	=	0x00de
                           0000DD   700 _U_SIE_FREE	=	0x00dd
                           0000DC   701 _UIF_FIFO_OV	=	0x00dc
                           0000DB   702 _UIF_HST_SOF	=	0x00db
                           0000DA   703 _UIF_SUSPEND	=	0x00da
                           0000D9   704 _UIF_TRANSFER	=	0x00d9
                           0000D8   705 _UIF_DETECT	=	0x00d8
                           0000D8   706 _UIF_BUS_RST	=	0x00d8
                                    707 ;--------------------------------------------------------
                                    708 ; overlayable register banks
                                    709 ;--------------------------------------------------------
                                    710 	.area REG_BANK_0	(REL,OVR,DATA)
      000000                        711 	.ds 8
                                    712 ;--------------------------------------------------------
                                    713 ; overlayable bit register bank
                                    714 ;--------------------------------------------------------
                                    715 	.area BIT_BANK	(REL,OVR,DATA)
      000000                        716 bits:
      000000                        717 	.ds 1
                           008000   718 	b0 = bits[0]
                           008100   719 	b1 = bits[1]
                           008200   720 	b2 = bits[2]
                           008300   721 	b3 = bits[3]
                           008400   722 	b4 = bits[4]
                           008500   723 	b5 = bits[5]
                           008600   724 	b6 = bits[6]
                           008700   725 	b7 = bits[7]
                                    726 ;--------------------------------------------------------
                                    727 ; internal ram data
                                    728 ;--------------------------------------------------------
                                    729 	.area DSEG    (DATA)
      000000                        730 _serial_print_float_sloc0_1_0:
      000000                        731 	.ds 2
      000002                        732 _serial_print_float_sloc1_1_0:
      000002                        733 	.ds 4
      000006                        734 _serial_print_float_sloc2_1_0:
      000006                        735 	.ds 4
                                    736 ;--------------------------------------------------------
                                    737 ; overlayable items in internal ram
                                    738 ;--------------------------------------------------------
                                    739 ;--------------------------------------------------------
                                    740 ; indirectly addressable internal ram data
                                    741 ;--------------------------------------------------------
                                    742 	.area ISEG    (DATA)
                                    743 ;--------------------------------------------------------
                                    744 ; absolute internal ram data
                                    745 ;--------------------------------------------------------
                                    746 	.area IABS    (ABS,DATA)
                                    747 	.area IABS    (ABS,DATA)
                                    748 ;--------------------------------------------------------
                                    749 ; bit data
                                    750 ;--------------------------------------------------------
                                    751 	.area BSEG    (BIT)
                                    752 ;--------------------------------------------------------
                                    753 ; paged external ram data
                                    754 ;--------------------------------------------------------
                                    755 	.area PSEG    (PAG,XDATA)
                           002546   756 _pUEP4_1_MOD	=	0x2546
                           002547   757 _pUEP2_3_MOD	=	0x2547
                           002548   758 _pUEP0_DMA_H	=	0x2548
                           002549   759 _pUEP0_DMA_L	=	0x2549
                           00254A   760 _pUEP1_DMA_H	=	0x254a
                           00254B   761 _pUEP1_DMA_L	=	0x254b
                           00254C   762 _pUEP2_DMA_H	=	0x254c
                           00254D   763 _pUEP2_DMA_L	=	0x254d
                           00254E   764 _pUEP3_DMA_H	=	0x254e
                           00254F   765 _pUEP3_DMA_L	=	0x254f
                           002980   766 _pLED_STAT	=	0x2980
                           002981   767 _pLED_CTRL	=	0x2981
                           002982   768 _pLED_DATA	=	0x2982
                           002983   769 _pLED_CK_SE	=	0x2983
                           002984   770 _pLED_DMA_AH	=	0x2984
                           002985   771 _pLED_DMA_AL	=	0x2985
                           002986   772 _pLED_DMA_CN	=	0x2986
                           002988   773 _pLED_DMA_XH	=	0x2988
                           002989   774 _pLED_DMA_XL	=	0x2989
                                    775 ;--------------------------------------------------------
                                    776 ; uninitialized external ram data
                                    777 ;--------------------------------------------------------
                                    778 	.area XSEG    (XDATA)
                           002446   779 _UEP4_1_MOD	=	0x2446
                           002447   780 _UEP2_3_MOD	=	0x2447
                           002448   781 _UEP0_DMA_H	=	0x2448
                           002449   782 _UEP0_DMA_L	=	0x2449
                           00244A   783 _UEP1_DMA_H	=	0x244a
                           00244B   784 _UEP1_DMA_L	=	0x244b
                           00244C   785 _UEP2_DMA_H	=	0x244c
                           00244D   786 _UEP2_DMA_L	=	0x244d
                           00244E   787 _UEP3_DMA_H	=	0x244e
                           00244F   788 _UEP3_DMA_L	=	0x244f
                           002880   789 _LED_STAT	=	0x2880
                           002881   790 _LED_CTRL	=	0x2881
                           002882   791 _LED_DATA	=	0x2882
                           002883   792 _LED_CK_SE	=	0x2883
                           002884   793 _LED_DMA_AH	=	0x2884
                           002885   794 _LED_DMA_AL	=	0x2885
                           002886   795 _LED_DMA_CN	=	0x2886
                           002888   796 _LED_DMA_XH	=	0x2888
                           002889   797 _LED_DMA_XL	=	0x2889
      000000                        798 _serial_write_c_65536_189:
      000000                        799 	.ds 1
      000001                        800 _serial_print_str_text_65536_198:
      000001                        801 	.ds 3
      000004                        802 _serial_print_int_value_65536_201:
      000004                        803 	.ds 2
      000006                        804 _serial_print_uint_value_65536_205:
      000006                        805 	.ds 4
      00000A                        806 _serial_print_uint_base_PARM_2:
      00000A                        807 	.ds 2
      00000C                        808 _serial_print_uint_base_value_65536_207:
      00000C                        809 	.ds 4
      000010                        810 _serial_print_float_PARM_2:
      000010                        811 	.ds 2
      000012                        812 _serial_print_float_value_65536_209:
      000012                        813 	.ds 4
      000016                        814 _serial_print_float_scale_65536_210:
      000016                        815 	.ds 4
      00001A                        816 _serial_print_float_frac_part_65536_210:
      00001A                        817 	.ds 4
      00001E                        818 _serial_println_str_text_65536_220:
      00001E                        819 	.ds 3
      000021                        820 _serial_println_int_value_65536_222:
      000021                        821 	.ds 2
      000023                        822 _serial_println_uint_value_65536_224:
      000023                        823 	.ds 4
      000027                        824 _serial_println_float_PARM_2:
      000027                        825 	.ds 2
      000029                        826 _serial_println_float_value_65536_226:
      000029                        827 	.ds 4
                                    828 ;--------------------------------------------------------
                                    829 ; absolute external ram data
                                    830 ;--------------------------------------------------------
                                    831 	.area XABS    (ABS,XDATA)
                                    832 ;--------------------------------------------------------
                                    833 ; initialized external ram data
                                    834 ;--------------------------------------------------------
                                    835 	.area XISEG   (XDATA)
                                    836 	.area HOME    (CODE)
                                    837 	.area GSINIT0 (CODE)
                                    838 	.area GSINIT1 (CODE)
                                    839 	.area GSINIT2 (CODE)
                                    840 	.area GSINIT3 (CODE)
                                    841 	.area GSINIT4 (CODE)
                                    842 	.area GSINIT5 (CODE)
                                    843 	.area GSINIT  (CODE)
                                    844 	.area GSFINAL (CODE)
                                    845 	.area CSEG    (CODE)
                                    846 ;--------------------------------------------------------
                                    847 ; global & static initialisations
                                    848 ;--------------------------------------------------------
                                    849 	.area HOME    (CODE)
                                    850 	.area GSINIT  (CODE)
                                    851 	.area GSFINAL (CODE)
                                    852 	.area GSINIT  (CODE)
                                    853 ;--------------------------------------------------------
                                    854 ; Home
                                    855 ;--------------------------------------------------------
                                    856 	.area HOME    (CODE)
                                    857 	.area HOME    (CODE)
                                    858 ;--------------------------------------------------------
                                    859 ; code
                                    860 ;--------------------------------------------------------
                                    861 	.area CSEG    (CODE)
                                    862 ;------------------------------------------------------------
                                    863 ;Allocation info for local variables in function 'serial_begin'
                                    864 ;------------------------------------------------------------
                                    865 ;baud                      Allocated with name '_serial_begin_baud_65536_183'
                                    866 ;------------------------------------------------------------
                                    867 ;	C:\Users\tonyp\Downloads\ch552-turbo-fan-ctrl\src\serial_compat.c:9: void serial_begin(unsigned long baud) {
                                    868 ;	-----------------------------------------
                                    869 ;	 function serial_begin
                                    870 ;	-----------------------------------------
      000000                        871 _serial_begin:
                           000007   872 	ar7 = 0x07
                           000006   873 	ar6 = 0x06
                           000005   874 	ar5 = 0x05
                           000004   875 	ar4 = 0x04
                           000003   876 	ar3 = 0x03
                           000002   877 	ar2 = 0x02
                           000001   878 	ar1 = 0x01
                           000000   879 	ar0 = 0x00
                                    880 ;	C:\Users\tonyp\Downloads\ch552-turbo-fan-ctrl\src\serial_compat.c:10: (void)baud;
                                    881 ;	C:\Users\tonyp\Downloads\ch552-turbo-fan-ctrl\src\serial_compat.c:11: }
      000000 22               [24]  882 	ret
                                    883 ;------------------------------------------------------------
                                    884 ;Allocation info for local variables in function 'serial_available'
                                    885 ;------------------------------------------------------------
                                    886 ;	C:\Users\tonyp\Downloads\ch552-turbo-fan-ctrl\src\serial_compat.c:13: int serial_available(void) {
                                    887 ;	-----------------------------------------
                                    888 ;	 function serial_available
                                    889 ;	-----------------------------------------
      000001                        890 _serial_available:
                                    891 ;	C:\Users\tonyp\Downloads\ch552-turbo-fan-ctrl\src\serial_compat.c:14: return (int)USBSerial_available();
      000001 12r00r00         [24]  892 	lcall	_USBSerial_available
      000004 7E 00            [12]  893 	mov	r6,#0x00
      000006 8E 83            [24]  894 	mov	dph,r6
                                    895 ;	C:\Users\tonyp\Downloads\ch552-turbo-fan-ctrl\src\serial_compat.c:15: }
      000008 22               [24]  896 	ret
                                    897 ;------------------------------------------------------------
                                    898 ;Allocation info for local variables in function 'serial_read'
                                    899 ;------------------------------------------------------------
                                    900 ;	C:\Users\tonyp\Downloads\ch552-turbo-fan-ctrl\src\serial_compat.c:17: int serial_read(void) {
                                    901 ;	-----------------------------------------
                                    902 ;	 function serial_read
                                    903 ;	-----------------------------------------
      000009                        904 _serial_read:
                                    905 ;	C:\Users\tonyp\Downloads\ch552-turbo-fan-ctrl\src\serial_compat.c:18: return (int)USBSerial_read();
      000009 12r00r00         [24]  906 	lcall	_USBSerial_read
      00000C 7E 00            [12]  907 	mov	r6,#0x00
      00000E 8E 83            [24]  908 	mov	dph,r6
                                    909 ;	C:\Users\tonyp\Downloads\ch552-turbo-fan-ctrl\src\serial_compat.c:19: }
      000010 22               [24]  910 	ret
                                    911 ;------------------------------------------------------------
                                    912 ;Allocation info for local variables in function 'serial_write'
                                    913 ;------------------------------------------------------------
                                    914 ;c                         Allocated with name '_serial_write_c_65536_189'
                                    915 ;------------------------------------------------------------
                                    916 ;	C:\Users\tonyp\Downloads\ch552-turbo-fan-ctrl\src\serial_compat.c:21: size_t serial_write(char c) {
                                    917 ;	-----------------------------------------
                                    918 ;	 function serial_write
                                    919 ;	-----------------------------------------
      000011                        920 _serial_write:
      000011 E5 82            [12]  921 	mov	a,dpl
      000013 90r00r00         [24]  922 	mov	dptr,#_serial_write_c_65536_189
      000016 F0               [24]  923 	movx	@dptr,a
                                    924 ;	C:\Users\tonyp\Downloads\ch552-turbo-fan-ctrl\src\serial_compat.c:22: return (size_t)USBSerial_write(c);
      000017 E0               [24]  925 	movx	a,@dptr
      000018 F5 82            [12]  926 	mov	dpl,a
      00001A 12r00r00         [24]  927 	lcall	_USBSerial_write
      00001D 7E 00            [12]  928 	mov	r6,#0x00
      00001F 8E 83            [24]  929 	mov	dph,r6
                                    930 ;	C:\Users\tonyp\Downloads\ch552-turbo-fan-ctrl\src\serial_compat.c:23: }
      000021 22               [24]  931 	ret
                                    932 ;------------------------------------------------------------
                                    933 ;Allocation info for local variables in function 'writeUnsigned'
                                    934 ;------------------------------------------------------------
                                    935 ;base                      Allocated to stack - _bp -4
                                    936 ;value                     Allocated to stack - _bp +1
                                    937 ;digits                    Allocated to stack - _bp +13
                                    938 ;divisor                   Allocated to stack - _bp +9
                                    939 ;digit                     Allocated to registers r4 r5 r6 r7 
                                    940 ;started                   Allocated to registers b0 
                                    941 ;sloc0                     Allocated to stack - _bp +5
                                    942 ;------------------------------------------------------------
                                    943 ;	C:\Users\tonyp\Downloads\ch552-turbo-fan-ctrl\src\serial_compat.c:25: static void writeUnsigned(unsigned long value, int base) SDCC_REENTRANT {
                                    944 ;	-----------------------------------------
                                    945 ;	 function writeUnsigned
                                    946 ;	-----------------------------------------
      000022                        947 _writeUnsigned:
      000022 C0*00            [24]  948 	push	_bp
      000024 85 81*00         [24]  949 	mov	_bp,sp
      000027 C0 82            [24]  950 	push	dpl
      000029 C0 83            [24]  951 	push	dph
      00002B C0 F0            [24]  952 	push	b
      00002D C0 E0            [24]  953 	push	acc
      00002F E5 81            [12]  954 	mov	a,sp
      000031 24 19            [12]  955 	add	a,#0x19
      000033 F5 81            [12]  956 	mov	sp,a
                                    957 ;	C:\Users\tonyp\Downloads\ch552-turbo-fan-ctrl\src\serial_compat.c:26: const char digits[] = "0123456789ABCDEF";
      000035 E5*00            [12]  958 	mov	a,_bp
      000037 24 0D            [12]  959 	add	a,#0x0d
      000039 F9               [12]  960 	mov	r1,a
      00003A 77 30            [12]  961 	mov	@r1,#0x30
      00003C E9               [12]  962 	mov	a,r1
      00003D 04               [12]  963 	inc	a
      00003E F8               [12]  964 	mov	r0,a
      00003F 76 31            [12]  965 	mov	@r0,#0x31
      000041 74 02            [12]  966 	mov	a,#0x02
      000043 29               [12]  967 	add	a,r1
      000044 F8               [12]  968 	mov	r0,a
      000045 76 32            [12]  969 	mov	@r0,#0x32
      000047 74 03            [12]  970 	mov	a,#0x03
      000049 29               [12]  971 	add	a,r1
      00004A F8               [12]  972 	mov	r0,a
      00004B 76 33            [12]  973 	mov	@r0,#0x33
      00004D 74 04            [12]  974 	mov	a,#0x04
      00004F 29               [12]  975 	add	a,r1
      000050 F8               [12]  976 	mov	r0,a
      000051 76 34            [12]  977 	mov	@r0,#0x34
      000053 74 05            [12]  978 	mov	a,#0x05
      000055 29               [12]  979 	add	a,r1
      000056 F8               [12]  980 	mov	r0,a
      000057 76 35            [12]  981 	mov	@r0,#0x35
      000059 74 06            [12]  982 	mov	a,#0x06
      00005B 29               [12]  983 	add	a,r1
      00005C F8               [12]  984 	mov	r0,a
      00005D 76 36            [12]  985 	mov	@r0,#0x36
      00005F 74 07            [12]  986 	mov	a,#0x07
      000061 29               [12]  987 	add	a,r1
      000062 F8               [12]  988 	mov	r0,a
      000063 76 37            [12]  989 	mov	@r0,#0x37
      000065 74 08            [12]  990 	mov	a,#0x08
      000067 29               [12]  991 	add	a,r1
      000068 F8               [12]  992 	mov	r0,a
      000069 76 38            [12]  993 	mov	@r0,#0x38
      00006B 74 09            [12]  994 	mov	a,#0x09
      00006D 29               [12]  995 	add	a,r1
      00006E F8               [12]  996 	mov	r0,a
      00006F 76 39            [12]  997 	mov	@r0,#0x39
      000071 74 0A            [12]  998 	mov	a,#0x0a
      000073 29               [12]  999 	add	a,r1
      000074 F8               [12] 1000 	mov	r0,a
      000075 76 41            [12] 1001 	mov	@r0,#0x41
      000077 74 0B            [12] 1002 	mov	a,#0x0b
      000079 29               [12] 1003 	add	a,r1
      00007A F8               [12] 1004 	mov	r0,a
      00007B 76 42            [12] 1005 	mov	@r0,#0x42
      00007D 74 0C            [12] 1006 	mov	a,#0x0c
      00007F 29               [12] 1007 	add	a,r1
      000080 F8               [12] 1008 	mov	r0,a
      000081 76 43            [12] 1009 	mov	@r0,#0x43
      000083 74 0D            [12] 1010 	mov	a,#0x0d
      000085 29               [12] 1011 	add	a,r1
      000086 F8               [12] 1012 	mov	r0,a
      000087 76 44            [12] 1013 	mov	@r0,#0x44
      000089 74 0E            [12] 1014 	mov	a,#0x0e
      00008B 29               [12] 1015 	add	a,r1
      00008C F8               [12] 1016 	mov	r0,a
      00008D 76 45            [12] 1017 	mov	@r0,#0x45
      00008F 74 0F            [12] 1018 	mov	a,#0x0f
      000091 29               [12] 1019 	add	a,r1
      000092 F8               [12] 1020 	mov	r0,a
      000093 76 46            [12] 1021 	mov	@r0,#0x46
      000095 74 10            [12] 1022 	mov	a,#0x10
      000097 29               [12] 1023 	add	a,r1
      000098 F8               [12] 1024 	mov	r0,a
      000099 76 00            [12] 1025 	mov	@r0,#0x00
                                   1026 ;	C:\Users\tonyp\Downloads\ch552-turbo-fan-ctrl\src\serial_compat.c:27: unsigned long divisor = 1;
      00009B E5*00            [12] 1027 	mov	a,_bp
      00009D 24 09            [12] 1028 	add	a,#0x09
      00009F F8               [12] 1029 	mov	r0,a
      0000A0 76 01            [12] 1030 	mov	@r0,#0x01
      0000A2 E4               [12] 1031 	clr	a
      0000A3 08               [12] 1032 	inc	r0
      0000A4 F6               [12] 1033 	mov	@r0,a
      0000A5 08               [12] 1034 	inc	r0
      0000A6 F6               [12] 1035 	mov	@r0,a
      0000A7 08               [12] 1036 	inc	r0
      0000A8 F6               [12] 1037 	mov	@r0,a
                                   1038 ;	C:\Users\tonyp\Downloads\ch552-turbo-fan-ctrl\src\serial_compat.c:29: bool started = false;
                                   1039 ;	assignBit
      0000A9 C2*00            [12] 1040 	clr	b0
                                   1041 ;	C:\Users\tonyp\Downloads\ch552-turbo-fan-ctrl\src\serial_compat.c:31: if (base < 2 || base > 16) {
      0000AB E5*00            [12] 1042 	mov	a,_bp
      0000AD 24 FC            [12] 1043 	add	a,#0xfc
      0000AF F8               [12] 1044 	mov	r0,a
      0000B0 C3               [12] 1045 	clr	c
      0000B1 E6               [12] 1046 	mov	a,@r0
      0000B2 94 02            [12] 1047 	subb	a,#0x02
      0000B4 08               [12] 1048 	inc	r0
      0000B5 E6               [12] 1049 	mov	a,@r0
      0000B6 64 80            [12] 1050 	xrl	a,#0x80
      0000B8 94 80            [12] 1051 	subb	a,#0x80
      0000BA 40 15            [24] 1052 	jc	00101$
      0000BC E5*00            [12] 1053 	mov	a,_bp
      0000BE 24 FC            [12] 1054 	add	a,#0xfc
      0000C0 F8               [12] 1055 	mov	r0,a
      0000C1 C3               [12] 1056 	clr	c
      0000C2 74 10            [12] 1057 	mov	a,#0x10
      0000C4 96               [12] 1058 	subb	a,@r0
      0000C5 74 80            [12] 1059 	mov	a,#(0x00 ^ 0x80)
      0000C7 08               [12] 1060 	inc	r0
      0000C8 86 F0            [24] 1061 	mov	b,@r0
      0000CA 63 F0 80         [24] 1062 	xrl	b,#0x80
      0000CD 95 F0            [12] 1063 	subb	a,b
      0000CF 50 0A            [24] 1064 	jnc	00102$
      0000D1                       1065 00101$:
                                   1066 ;	C:\Users\tonyp\Downloads\ch552-turbo-fan-ctrl\src\serial_compat.c:32: base = 10;
      0000D1 E5*00            [12] 1067 	mov	a,_bp
      0000D3 24 FC            [12] 1068 	add	a,#0xfc
      0000D5 F8               [12] 1069 	mov	r0,a
      0000D6 76 0A            [12] 1070 	mov	@r0,#0x0a
      0000D8 08               [12] 1071 	inc	r0
      0000D9 76 00            [12] 1072 	mov	@r0,#0x00
      0000DB                       1073 00102$:
                                   1074 ;	C:\Users\tonyp\Downloads\ch552-turbo-fan-ctrl\src\serial_compat.c:35: if (value == 0) {
      0000DB A8*00            [24] 1075 	mov	r0,_bp
      0000DD 08               [12] 1076 	inc	r0
      0000DE E6               [12] 1077 	mov	a,@r0
      0000DF 08               [12] 1078 	inc	r0
      0000E0 46               [12] 1079 	orl	a,@r0
      0000E1 08               [12] 1080 	inc	r0
      0000E2 46               [12] 1081 	orl	a,@r0
      0000E3 08               [12] 1082 	inc	r0
      0000E4 46               [12] 1083 	orl	a,@r0
      0000E5 70 09            [24] 1084 	jnz	00107$
                                   1085 ;	C:\Users\tonyp\Downloads\ch552-turbo-fan-ctrl\src\serial_compat.c:36: USBSerial_write('0');
      0000E7 75 82 30         [24] 1086 	mov	dpl,#0x30
      0000EA 12r00r00         [24] 1087 	lcall	_USBSerial_write
                                   1088 ;	C:\Users\tonyp\Downloads\ch552-turbo-fan-ctrl\src\serial_compat.c:37: return;
      0000ED 02r03r03         [24] 1089 	ljmp	00117$
                                   1090 ;	C:\Users\tonyp\Downloads\ch552-turbo-fan-ctrl\src\serial_compat.c:40: while ((divisor <= (0xFFFFFFFFUL / (unsigned long)base)) &&
      0000F0                       1091 00107$:
      0000F0 C0 01            [24] 1092 	push	ar1
      0000F2 E5*00            [12] 1093 	mov	a,_bp
      0000F4 24 FC            [12] 1094 	add	a,#0xfc
      0000F6 F8               [12] 1095 	mov	r0,a
      0000F7 C0 01            [24] 1096 	push	ar1
      0000F9 E5*00            [12] 1097 	mov	a,_bp
      0000FB 24 05            [12] 1098 	add	a,#0x05
      0000FD F9               [12] 1099 	mov	r1,a
      0000FE E6               [12] 1100 	mov	a,@r0
      0000FF F7               [12] 1101 	mov	@r1,a
      000100 08               [12] 1102 	inc	r0
      000101 E6               [12] 1103 	mov	a,@r0
      000102 09               [12] 1104 	inc	r1
      000103 F7               [12] 1105 	mov	@r1,a
      000104 E6               [12] 1106 	mov	a,@r0
      000105 33               [12] 1107 	rlc	a
      000106 95 E0            [12] 1108 	subb	a,acc
      000108 09               [12] 1109 	inc	r1
      000109 F7               [12] 1110 	mov	@r1,a
      00010A 09               [12] 1111 	inc	r1
      00010B F7               [12] 1112 	mov	@r1,a
      00010C C0*00            [24] 1113 	push	bits
      00010E E5*00            [12] 1114 	mov	a,_bp
      000110 24 05            [12] 1115 	add	a,#0x05
      000112 F8               [12] 1116 	mov	r0,a
      000113 E6               [12] 1117 	mov	a,@r0
      000114 C0 E0            [24] 1118 	push	acc
      000116 08               [12] 1119 	inc	r0
      000117 E6               [12] 1120 	mov	a,@r0
      000118 C0 E0            [24] 1121 	push	acc
      00011A 08               [12] 1122 	inc	r0
      00011B E6               [12] 1123 	mov	a,@r0
      00011C C0 E0            [24] 1124 	push	acc
      00011E 08               [12] 1125 	inc	r0
      00011F E6               [12] 1126 	mov	a,@r0
      000120 C0 E0            [24] 1127 	push	acc
      000122 90 FF FF         [24] 1128 	mov	dptr,#0xffff
      000125 74 FF            [12] 1129 	mov	a,#0xff
      000127 F5 F0            [12] 1130 	mov	b,a
      000129 12r00r00         [24] 1131 	lcall	__divulong
      00012C AC 82            [24] 1132 	mov	r4,dpl
      00012E AD 83            [24] 1133 	mov	r5,dph
      000130 AE F0            [24] 1134 	mov	r6,b
      000132 FF               [12] 1135 	mov	r7,a
      000133 E5 81            [12] 1136 	mov	a,sp
      000135 24 FC            [12] 1137 	add	a,#0xfc
      000137 F5 81            [12] 1138 	mov	sp,a
      000139 D0*00            [24] 1139 	pop	bits
      00013B D0 01            [24] 1140 	pop	ar1
      00013D E5*00            [12] 1141 	mov	a,_bp
      00013F 24 09            [12] 1142 	add	a,#0x09
      000141 F8               [12] 1143 	mov	r0,a
      000142 C3               [12] 1144 	clr	c
      000143 EC               [12] 1145 	mov	a,r4
      000144 96               [12] 1146 	subb	a,@r0
      000145 ED               [12] 1147 	mov	a,r5
      000146 08               [12] 1148 	inc	r0
      000147 96               [12] 1149 	subb	a,@r0
      000148 EE               [12] 1150 	mov	a,r6
      000149 08               [12] 1151 	inc	r0
      00014A 96               [12] 1152 	subb	a,@r0
      00014B EF               [12] 1153 	mov	a,r7
      00014C 08               [12] 1154 	inc	r0
      00014D 96               [12] 1155 	subb	a,@r0
      00014E D0 01            [24] 1156 	pop	ar1
      000150 50 03            [24] 1157 	jnc	00158$
      000152 02r01rEF         [24] 1158 	ljmp	00114$
      000155                       1159 00158$:
                                   1160 ;	C:\Users\tonyp\Downloads\ch552-turbo-fan-ctrl\src\serial_compat.c:41: ((value / divisor) >= (unsigned long)base)) {
      000155 C0 01            [24] 1161 	push	ar1
      000157 C0*00            [24] 1162 	push	bits
      000159 E5*00            [12] 1163 	mov	a,_bp
      00015B 24 09            [12] 1164 	add	a,#0x09
      00015D F8               [12] 1165 	mov	r0,a
      00015E E6               [12] 1166 	mov	a,@r0
      00015F C0 E0            [24] 1167 	push	acc
      000161 08               [12] 1168 	inc	r0
      000162 E6               [12] 1169 	mov	a,@r0
      000163 C0 E0            [24] 1170 	push	acc
      000165 08               [12] 1171 	inc	r0
      000166 E6               [12] 1172 	mov	a,@r0
      000167 C0 E0            [24] 1173 	push	acc
      000169 08               [12] 1174 	inc	r0
      00016A E6               [12] 1175 	mov	a,@r0
      00016B C0 E0            [24] 1176 	push	acc
      00016D A8*00            [24] 1177 	mov	r0,_bp
      00016F 08               [12] 1178 	inc	r0
      000170 86 82            [24] 1179 	mov	dpl,@r0
      000172 08               [12] 1180 	inc	r0
      000173 86 83            [24] 1181 	mov	dph,@r0
      000175 08               [12] 1182 	inc	r0
      000176 86 F0            [24] 1183 	mov	b,@r0
      000178 08               [12] 1184 	inc	r0
      000179 E6               [12] 1185 	mov	a,@r0
      00017A 12r00r00         [24] 1186 	lcall	__divulong
      00017D AC 82            [24] 1187 	mov	r4,dpl
      00017F AD 83            [24] 1188 	mov	r5,dph
      000181 AE F0            [24] 1189 	mov	r6,b
      000183 FF               [12] 1190 	mov	r7,a
      000184 E5 81            [12] 1191 	mov	a,sp
      000186 24 FC            [12] 1192 	add	a,#0xfc
      000188 F5 81            [12] 1193 	mov	sp,a
      00018A D0*00            [24] 1194 	pop	bits
      00018C D0 01            [24] 1195 	pop	ar1
      00018E E5*00            [12] 1196 	mov	a,_bp
      000190 24 05            [12] 1197 	add	a,#0x05
      000192 F8               [12] 1198 	mov	r0,a
      000193 C3               [12] 1199 	clr	c
      000194 EC               [12] 1200 	mov	a,r4
      000195 96               [12] 1201 	subb	a,@r0
      000196 ED               [12] 1202 	mov	a,r5
      000197 08               [12] 1203 	inc	r0
      000198 96               [12] 1204 	subb	a,@r0
      000199 EE               [12] 1205 	mov	a,r6
      00019A 08               [12] 1206 	inc	r0
      00019B 96               [12] 1207 	subb	a,@r0
      00019C EF               [12] 1208 	mov	a,r7
      00019D 08               [12] 1209 	inc	r0
      00019E 96               [12] 1210 	subb	a,@r0
      00019F 40 4E            [24] 1211 	jc	00114$
                                   1212 ;	C:\Users\tonyp\Downloads\ch552-turbo-fan-ctrl\src\serial_compat.c:42: divisor *= (unsigned long)base;
      0001A1 C0 01            [24] 1213 	push	ar1
      0001A3 C0*00            [24] 1214 	push	bits
      0001A5 E5*00            [12] 1215 	mov	a,_bp
      0001A7 24 05            [12] 1216 	add	a,#0x05
      0001A9 F8               [12] 1217 	mov	r0,a
      0001AA E6               [12] 1218 	mov	a,@r0
      0001AB C0 E0            [24] 1219 	push	acc
      0001AD 08               [12] 1220 	inc	r0
      0001AE E6               [12] 1221 	mov	a,@r0
      0001AF C0 E0            [24] 1222 	push	acc
      0001B1 08               [12] 1223 	inc	r0
      0001B2 E6               [12] 1224 	mov	a,@r0
      0001B3 C0 E0            [24] 1225 	push	acc
      0001B5 08               [12] 1226 	inc	r0
      0001B6 E6               [12] 1227 	mov	a,@r0
      0001B7 C0 E0            [24] 1228 	push	acc
      0001B9 E5*00            [12] 1229 	mov	a,_bp
      0001BB 24 09            [12] 1230 	add	a,#0x09
      0001BD F8               [12] 1231 	mov	r0,a
      0001BE 86 82            [24] 1232 	mov	dpl,@r0
      0001C0 08               [12] 1233 	inc	r0
      0001C1 86 83            [24] 1234 	mov	dph,@r0
      0001C3 08               [12] 1235 	inc	r0
      0001C4 86 F0            [24] 1236 	mov	b,@r0
      0001C6 08               [12] 1237 	inc	r0
      0001C7 E6               [12] 1238 	mov	a,@r0
      0001C8 12r00r00         [24] 1239 	lcall	__mullong
      0001CB AC 82            [24] 1240 	mov	r4,dpl
      0001CD AD 83            [24] 1241 	mov	r5,dph
      0001CF AE F0            [24] 1242 	mov	r6,b
      0001D1 FF               [12] 1243 	mov	r7,a
      0001D2 E5 81            [12] 1244 	mov	a,sp
      0001D4 24 FC            [12] 1245 	add	a,#0xfc
      0001D6 F5 81            [12] 1246 	mov	sp,a
      0001D8 D0*00            [24] 1247 	pop	bits
      0001DA D0 01            [24] 1248 	pop	ar1
      0001DC E5*00            [12] 1249 	mov	a,_bp
      0001DE 24 09            [12] 1250 	add	a,#0x09
      0001E0 F8               [12] 1251 	mov	r0,a
      0001E1 A6 04            [24] 1252 	mov	@r0,ar4
      0001E3 08               [12] 1253 	inc	r0
      0001E4 A6 05            [24] 1254 	mov	@r0,ar5
      0001E6 08               [12] 1255 	inc	r0
      0001E7 A6 06            [24] 1256 	mov	@r0,ar6
      0001E9 08               [12] 1257 	inc	r0
      0001EA A6 07            [24] 1258 	mov	@r0,ar7
      0001EC 02r00rF0         [24] 1259 	ljmp	00107$
                                   1260 ;	C:\Users\tonyp\Downloads\ch552-turbo-fan-ctrl\src\serial_compat.c:45: while (divisor > 0) {
      0001EF                       1261 00114$:
      0001EF E5*00            [12] 1262 	mov	a,_bp
      0001F1 24 09            [12] 1263 	add	a,#0x09
      0001F3 F8               [12] 1264 	mov	r0,a
      0001F4 E6               [12] 1265 	mov	a,@r0
      0001F5 08               [12] 1266 	inc	r0
      0001F6 46               [12] 1267 	orl	a,@r0
      0001F7 08               [12] 1268 	inc	r0
      0001F8 46               [12] 1269 	orl	a,@r0
      0001F9 08               [12] 1270 	inc	r0
      0001FA 46               [12] 1271 	orl	a,@r0
      0001FB 70 03            [24] 1272 	jnz	00160$
      0001FD 02r03r03         [24] 1273 	ljmp	00117$
      000200                       1274 00160$:
                                   1275 ;	C:\Users\tonyp\Downloads\ch552-turbo-fan-ctrl\src\serial_compat.c:46: digit = value / divisor;
      000200 C0 01            [24] 1276 	push	ar1
      000202 C0*00            [24] 1277 	push	bits
      000204 E5*00            [12] 1278 	mov	a,_bp
      000206 24 09            [12] 1279 	add	a,#0x09
      000208 F8               [12] 1280 	mov	r0,a
      000209 E6               [12] 1281 	mov	a,@r0
      00020A C0 E0            [24] 1282 	push	acc
      00020C 08               [12] 1283 	inc	r0
      00020D E6               [12] 1284 	mov	a,@r0
      00020E C0 E0            [24] 1285 	push	acc
      000210 08               [12] 1286 	inc	r0
      000211 E6               [12] 1287 	mov	a,@r0
      000212 C0 E0            [24] 1288 	push	acc
      000214 08               [12] 1289 	inc	r0
      000215 E6               [12] 1290 	mov	a,@r0
      000216 C0 E0            [24] 1291 	push	acc
      000218 A8*00            [24] 1292 	mov	r0,_bp
      00021A 08               [12] 1293 	inc	r0
      00021B 86 82            [24] 1294 	mov	dpl,@r0
      00021D 08               [12] 1295 	inc	r0
      00021E 86 83            [24] 1296 	mov	dph,@r0
      000220 08               [12] 1297 	inc	r0
      000221 86 F0            [24] 1298 	mov	b,@r0
      000223 08               [12] 1299 	inc	r0
      000224 E6               [12] 1300 	mov	a,@r0
      000225 12r00r00         [24] 1301 	lcall	__divulong
      000228 AC 82            [24] 1302 	mov	r4,dpl
      00022A AD 83            [24] 1303 	mov	r5,dph
      00022C AE F0            [24] 1304 	mov	r6,b
      00022E FF               [12] 1305 	mov	r7,a
      00022F E5 81            [12] 1306 	mov	a,sp
      000231 24 FC            [12] 1307 	add	a,#0xfc
      000233 F5 81            [12] 1308 	mov	sp,a
      000235 D0*00            [24] 1309 	pop	bits
      000237 D0 01            [24] 1310 	pop	ar1
                                   1311 ;	C:\Users\tonyp\Downloads\ch552-turbo-fan-ctrl\src\serial_compat.c:47: value %= divisor;
      000239 C0 07            [24] 1312 	push	ar7
      00023B C0 06            [24] 1313 	push	ar6
      00023D C0 05            [24] 1314 	push	ar5
      00023F C0 04            [24] 1315 	push	ar4
      000241 C0 01            [24] 1316 	push	ar1
      000243 C0*00            [24] 1317 	push	bits
      000245 E5*00            [12] 1318 	mov	a,_bp
      000247 24 09            [12] 1319 	add	a,#0x09
      000249 F8               [12] 1320 	mov	r0,a
      00024A E6               [12] 1321 	mov	a,@r0
      00024B C0 E0            [24] 1322 	push	acc
      00024D 08               [12] 1323 	inc	r0
      00024E E6               [12] 1324 	mov	a,@r0
      00024F C0 E0            [24] 1325 	push	acc
      000251 08               [12] 1326 	inc	r0
      000252 E6               [12] 1327 	mov	a,@r0
      000253 C0 E0            [24] 1328 	push	acc
      000255 08               [12] 1329 	inc	r0
      000256 E6               [12] 1330 	mov	a,@r0
      000257 C0 E0            [24] 1331 	push	acc
      000259 A8*00            [24] 1332 	mov	r0,_bp
      00025B 08               [12] 1333 	inc	r0
      00025C 86 82            [24] 1334 	mov	dpl,@r0
      00025E 08               [12] 1335 	inc	r0
      00025F 86 83            [24] 1336 	mov	dph,@r0
      000261 08               [12] 1337 	inc	r0
      000262 86 F0            [24] 1338 	mov	b,@r0
      000264 08               [12] 1339 	inc	r0
      000265 E6               [12] 1340 	mov	a,@r0
      000266 12r00r00         [24] 1341 	lcall	__modulong
      000269 A8*00            [24] 1342 	mov	r0,_bp
      00026B 08               [12] 1343 	inc	r0
      00026C A6 82            [24] 1344 	mov	@r0,dpl
      00026E 08               [12] 1345 	inc	r0
      00026F A6 83            [24] 1346 	mov	@r0,dph
      000271 08               [12] 1347 	inc	r0
      000272 A6 F0            [24] 1348 	mov	@r0,b
      000274 08               [12] 1349 	inc	r0
      000275 F6               [12] 1350 	mov	@r0,a
      000276 E5 81            [12] 1351 	mov	a,sp
      000278 24 FC            [12] 1352 	add	a,#0xfc
      00027A F5 81            [12] 1353 	mov	sp,a
      00027C D0*00            [24] 1354 	pop	bits
      00027E D0 01            [24] 1355 	pop	ar1
      000280 D0 04            [24] 1356 	pop	ar4
      000282 D0 05            [24] 1357 	pop	ar5
      000284 D0 06            [24] 1358 	pop	ar6
      000286 D0 07            [24] 1359 	pop	ar7
                                   1360 ;	C:\Users\tonyp\Downloads\ch552-turbo-fan-ctrl\src\serial_compat.c:49: if (digit != 0 || started || divisor == 1) {
      000288 EC               [12] 1361 	mov	a,r4
      000289 4D               [12] 1362 	orl	a,r5
      00028A 4E               [12] 1363 	orl	a,r6
      00028B 4F               [12] 1364 	orl	a,r7
      00028C 70 17            [24] 1365 	jnz	00110$
      00028E 20*00 14         [24] 1366 	jb	b0,00110$
      000291 E5*00            [12] 1367 	mov	a,_bp
      000293 24 09            [12] 1368 	add	a,#0x09
      000295 F8               [12] 1369 	mov	r0,a
      000296 B6 01 1C         [24] 1370 	cjne	@r0,#0x01,00111$
      000299 08               [12] 1371 	inc	r0
      00029A B6 00 18         [24] 1372 	cjne	@r0,#0x00,00111$
      00029D 08               [12] 1373 	inc	r0
      00029E B6 00 14         [24] 1374 	cjne	@r0,#0x00,00111$
      0002A1 08               [12] 1375 	inc	r0
      0002A2 B6 00 10         [24] 1376 	cjne	@r0,#0x00,00111$
      0002A5                       1377 00110$:
                                   1378 ;	C:\Users\tonyp\Downloads\ch552-turbo-fan-ctrl\src\serial_compat.c:50: USBSerial_write(digits[digit]);
      0002A5 EC               [12] 1379 	mov	a,r4
      0002A6 29               [12] 1380 	add	a,r1
      0002A7 F8               [12] 1381 	mov	r0,a
      0002A8 86 07            [24] 1382 	mov	ar7,@r0
      0002AA 8F 82            [24] 1383 	mov	dpl,r7
      0002AC C0 01            [24] 1384 	push	ar1
      0002AE 12r00r00         [24] 1385 	lcall	_USBSerial_write
      0002B1 D0 01            [24] 1386 	pop	ar1
                                   1387 ;	C:\Users\tonyp\Downloads\ch552-turbo-fan-ctrl\src\serial_compat.c:51: started = true;
                                   1388 ;	assignBit
      0002B3 D2*00            [12] 1389 	setb	b0
      0002B5                       1390 00111$:
                                   1391 ;	C:\Users\tonyp\Downloads\ch552-turbo-fan-ctrl\src\serial_compat.c:54: divisor /= (unsigned long)base;
      0002B5 C0 01            [24] 1392 	push	ar1
      0002B7 C0*00            [24] 1393 	push	bits
      0002B9 E5*00            [12] 1394 	mov	a,_bp
      0002BB 24 05            [12] 1395 	add	a,#0x05
      0002BD F8               [12] 1396 	mov	r0,a
      0002BE E6               [12] 1397 	mov	a,@r0
      0002BF C0 E0            [24] 1398 	push	acc
      0002C1 08               [12] 1399 	inc	r0
      0002C2 E6               [12] 1400 	mov	a,@r0
      0002C3 C0 E0            [24] 1401 	push	acc
      0002C5 08               [12] 1402 	inc	r0
      0002C6 E6               [12] 1403 	mov	a,@r0
      0002C7 C0 E0            [24] 1404 	push	acc
      0002C9 08               [12] 1405 	inc	r0
      0002CA E6               [12] 1406 	mov	a,@r0
      0002CB C0 E0            [24] 1407 	push	acc
      0002CD E5*00            [12] 1408 	mov	a,_bp
      0002CF 24 09            [12] 1409 	add	a,#0x09
      0002D1 F8               [12] 1410 	mov	r0,a
      0002D2 86 82            [24] 1411 	mov	dpl,@r0
      0002D4 08               [12] 1412 	inc	r0
      0002D5 86 83            [24] 1413 	mov	dph,@r0
      0002D7 08               [12] 1414 	inc	r0
      0002D8 86 F0            [24] 1415 	mov	b,@r0
      0002DA 08               [12] 1416 	inc	r0
      0002DB E6               [12] 1417 	mov	a,@r0
      0002DC 12r00r00         [24] 1418 	lcall	__divulong
      0002DF AC 82            [24] 1419 	mov	r4,dpl
      0002E1 AD 83            [24] 1420 	mov	r5,dph
      0002E3 AE F0            [24] 1421 	mov	r6,b
      0002E5 FF               [12] 1422 	mov	r7,a
      0002E6 E5 81            [12] 1423 	mov	a,sp
      0002E8 24 FC            [12] 1424 	add	a,#0xfc
      0002EA F5 81            [12] 1425 	mov	sp,a
      0002EC D0*00            [24] 1426 	pop	bits
      0002EE D0 01            [24] 1427 	pop	ar1
      0002F0 E5*00            [12] 1428 	mov	a,_bp
      0002F2 24 09            [12] 1429 	add	a,#0x09
      0002F4 F8               [12] 1430 	mov	r0,a
      0002F5 A6 04            [24] 1431 	mov	@r0,ar4
      0002F7 08               [12] 1432 	inc	r0
      0002F8 A6 05            [24] 1433 	mov	@r0,ar5
      0002FA 08               [12] 1434 	inc	r0
      0002FB A6 06            [24] 1435 	mov	@r0,ar6
      0002FD 08               [12] 1436 	inc	r0
      0002FE A6 07            [24] 1437 	mov	@r0,ar7
      000300 02r01rEF         [24] 1438 	ljmp	00114$
      000303                       1439 00117$:
                                   1440 ;	C:\Users\tonyp\Downloads\ch552-turbo-fan-ctrl\src\serial_compat.c:56: }
      000303 85*00 81         [24] 1441 	mov	sp,_bp
      000306 D0*00            [24] 1442 	pop	_bp
      000308 22               [24] 1443 	ret
                                   1444 ;------------------------------------------------------------
                                   1445 ;Allocation info for local variables in function 'serial_print_str'
                                   1446 ;------------------------------------------------------------
                                   1447 ;text                      Allocated with name '_serial_print_str_text_65536_198'
                                   1448 ;------------------------------------------------------------
                                   1449 ;	C:\Users\tonyp\Downloads\ch552-turbo-fan-ctrl\src\serial_compat.c:58: void serial_print_str(const char* text) {
                                   1450 ;	-----------------------------------------
                                   1451 ;	 function serial_print_str
                                   1452 ;	-----------------------------------------
      000309                       1453 _serial_print_str:
      000309 AF F0            [24] 1454 	mov	r7,b
      00030B AE 83            [24] 1455 	mov	r6,dph
      00030D E5 82            [12] 1456 	mov	a,dpl
      00030F 90r00r01         [24] 1457 	mov	dptr,#_serial_print_str_text_65536_198
      000312 F0               [24] 1458 	movx	@dptr,a
      000313 EE               [12] 1459 	mov	a,r6
      000314 A3               [24] 1460 	inc	dptr
      000315 F0               [24] 1461 	movx	@dptr,a
      000316 EF               [12] 1462 	mov	a,r7
      000317 A3               [24] 1463 	inc	dptr
      000318 F0               [24] 1464 	movx	@dptr,a
                                   1465 ;	C:\Users\tonyp\Downloads\ch552-turbo-fan-ctrl\src\serial_compat.c:59: if (!text) return;
      000319 90r00r01         [24] 1466 	mov	dptr,#_serial_print_str_text_65536_198
      00031C E0               [24] 1467 	movx	a,@dptr
      00031D FD               [12] 1468 	mov	r5,a
      00031E A3               [24] 1469 	inc	dptr
      00031F E0               [24] 1470 	movx	a,@dptr
      000320 FE               [12] 1471 	mov	r6,a
      000321 A3               [24] 1472 	inc	dptr
      000322 E0               [24] 1473 	movx	a,@dptr
      000323 FF               [12] 1474 	mov	r7,a
      000324 90r00r01         [24] 1475 	mov	dptr,#_serial_print_str_text_65536_198
      000327 E0               [24] 1476 	movx	a,@dptr
      000328 F5 F0            [12] 1477 	mov	b,a
      00032A A3               [24] 1478 	inc	dptr
      00032B E0               [24] 1479 	movx	a,@dptr
      00032C 45 F0            [12] 1480 	orl	a,b
      00032E 70 01            [24] 1481 	jnz	00110$
                                   1482 ;	C:\Users\tonyp\Downloads\ch552-turbo-fan-ctrl\src\serial_compat.c:60: while (*text) {
      000330 22               [24] 1483 	ret
      000331                       1484 00110$:
      000331                       1485 00103$:
      000331 8D 82            [24] 1486 	mov	dpl,r5
      000333 8E 83            [24] 1487 	mov	dph,r6
      000335 8F F0            [24] 1488 	mov	b,r7
      000337 12r00r00         [24] 1489 	lcall	__gptrget
      00033A FC               [12] 1490 	mov	r4,a
      00033B 60 23            [24] 1491 	jz	00111$
                                   1492 ;	C:\Users\tonyp\Downloads\ch552-turbo-fan-ctrl\src\serial_compat.c:61: USBSerial_write(*text++);
      00033D 0D               [12] 1493 	inc	r5
      00033E BD 00 01         [24] 1494 	cjne	r5,#0x00,00123$
      000341 0E               [12] 1495 	inc	r6
      000342                       1496 00123$:
      000342 90r00r01         [24] 1497 	mov	dptr,#_serial_print_str_text_65536_198
      000345 ED               [12] 1498 	mov	a,r5
      000346 F0               [24] 1499 	movx	@dptr,a
      000347 EE               [12] 1500 	mov	a,r6
      000348 A3               [24] 1501 	inc	dptr
      000349 F0               [24] 1502 	movx	@dptr,a
      00034A EF               [12] 1503 	mov	a,r7
      00034B A3               [24] 1504 	inc	dptr
      00034C F0               [24] 1505 	movx	@dptr,a
      00034D 8C 82            [24] 1506 	mov	dpl,r4
      00034F C0 07            [24] 1507 	push	ar7
      000351 C0 06            [24] 1508 	push	ar6
      000353 C0 05            [24] 1509 	push	ar5
      000355 12r00r00         [24] 1510 	lcall	_USBSerial_write
      000358 D0 05            [24] 1511 	pop	ar5
      00035A D0 06            [24] 1512 	pop	ar6
      00035C D0 07            [24] 1513 	pop	ar7
      00035E 80 D1            [24] 1514 	sjmp	00103$
      000360                       1515 00111$:
      000360 90r00r01         [24] 1516 	mov	dptr,#_serial_print_str_text_65536_198
      000363 ED               [12] 1517 	mov	a,r5
      000364 F0               [24] 1518 	movx	@dptr,a
      000365 EE               [12] 1519 	mov	a,r6
      000366 A3               [24] 1520 	inc	dptr
      000367 F0               [24] 1521 	movx	@dptr,a
      000368 EF               [12] 1522 	mov	a,r7
      000369 A3               [24] 1523 	inc	dptr
      00036A F0               [24] 1524 	movx	@dptr,a
                                   1525 ;	C:\Users\tonyp\Downloads\ch552-turbo-fan-ctrl\src\serial_compat.c:63: }
      00036B 22               [24] 1526 	ret
                                   1527 ;------------------------------------------------------------
                                   1528 ;Allocation info for local variables in function 'serial_print_int'
                                   1529 ;------------------------------------------------------------
                                   1530 ;value                     Allocated with name '_serial_print_int_value_65536_201'
                                   1531 ;------------------------------------------------------------
                                   1532 ;	C:\Users\tonyp\Downloads\ch552-turbo-fan-ctrl\src\serial_compat.c:65: void serial_print_int(int value) {
                                   1533 ;	-----------------------------------------
                                   1534 ;	 function serial_print_int
                                   1535 ;	-----------------------------------------
      00036C                       1536 _serial_print_int:
      00036C AF 83            [24] 1537 	mov	r7,dph
      00036E E5 82            [12] 1538 	mov	a,dpl
      000370 90r00r04         [24] 1539 	mov	dptr,#_serial_print_int_value_65536_201
      000373 F0               [24] 1540 	movx	@dptr,a
      000374 EF               [12] 1541 	mov	a,r7
      000375 A3               [24] 1542 	inc	dptr
      000376 F0               [24] 1543 	movx	@dptr,a
                                   1544 ;	C:\Users\tonyp\Downloads\ch552-turbo-fan-ctrl\src\serial_compat.c:66: if (value < 0) {
      000377 90r00r04         [24] 1545 	mov	dptr,#_serial_print_int_value_65536_201
      00037A E0               [24] 1546 	movx	a,@dptr
      00037B FE               [12] 1547 	mov	r6,a
      00037C A3               [24] 1548 	inc	dptr
      00037D E0               [24] 1549 	movx	a,@dptr
      00037E FF               [12] 1550 	mov	r7,a
      00037F 30 E7 30         [24] 1551 	jnb	acc.7,00102$
                                   1552 ;	C:\Users\tonyp\Downloads\ch552-turbo-fan-ctrl\src\serial_compat.c:67: USBSerial_write('-');
      000382 75 82 2D         [24] 1553 	mov	dpl,#0x2d
      000385 C0 07            [24] 1554 	push	ar7
      000387 C0 06            [24] 1555 	push	ar6
      000389 12r00r00         [24] 1556 	lcall	_USBSerial_write
      00038C D0 06            [24] 1557 	pop	ar6
      00038E D0 07            [24] 1558 	pop	ar7
                                   1559 ;	C:\Users\tonyp\Downloads\ch552-turbo-fan-ctrl\src\serial_compat.c:68: writeUnsigned((unsigned long)(-value), 10);
      000390 C3               [12] 1560 	clr	c
      000391 E4               [12] 1561 	clr	a
      000392 9E               [12] 1562 	subb	a,r6
      000393 FC               [12] 1563 	mov	r4,a
      000394 E4               [12] 1564 	clr	a
      000395 9F               [12] 1565 	subb	a,r7
      000396 FD               [12] 1566 	mov	r5,a
      000397 33               [12] 1567 	rlc	a
      000398 95 E0            [12] 1568 	subb	a,acc
      00039A FB               [12] 1569 	mov	r3,a
      00039B FA               [12] 1570 	mov	r2,a
      00039C 74 0A            [12] 1571 	mov	a,#0x0a
      00039E C0 E0            [24] 1572 	push	acc
      0003A0 E4               [12] 1573 	clr	a
      0003A1 C0 E0            [24] 1574 	push	acc
      0003A3 8C 82            [24] 1575 	mov	dpl,r4
      0003A5 8D 83            [24] 1576 	mov	dph,r5
      0003A7 8B F0            [24] 1577 	mov	b,r3
      0003A9 EA               [12] 1578 	mov	a,r2
      0003AA 12r00r22         [24] 1579 	lcall	_writeUnsigned
      0003AD 15 81            [12] 1580 	dec	sp
      0003AF 15 81            [12] 1581 	dec	sp
      0003B1 22               [24] 1582 	ret
      0003B2                       1583 00102$:
                                   1584 ;	C:\Users\tonyp\Downloads\ch552-turbo-fan-ctrl\src\serial_compat.c:70: writeUnsigned((unsigned long)value, 10);
      0003B2 EF               [12] 1585 	mov	a,r7
      0003B3 33               [12] 1586 	rlc	a
      0003B4 95 E0            [12] 1587 	subb	a,acc
      0003B6 FD               [12] 1588 	mov	r5,a
      0003B7 FC               [12] 1589 	mov	r4,a
      0003B8 74 0A            [12] 1590 	mov	a,#0x0a
      0003BA C0 E0            [24] 1591 	push	acc
      0003BC E4               [12] 1592 	clr	a
      0003BD C0 E0            [24] 1593 	push	acc
      0003BF 8E 82            [24] 1594 	mov	dpl,r6
      0003C1 8F 83            [24] 1595 	mov	dph,r7
      0003C3 8D F0            [24] 1596 	mov	b,r5
      0003C5 EC               [12] 1597 	mov	a,r4
      0003C6 12r00r22         [24] 1598 	lcall	_writeUnsigned
      0003C9 15 81            [12] 1599 	dec	sp
      0003CB 15 81            [12] 1600 	dec	sp
                                   1601 ;	C:\Users\tonyp\Downloads\ch552-turbo-fan-ctrl\src\serial_compat.c:72: }
      0003CD 22               [24] 1602 	ret
                                   1603 ;------------------------------------------------------------
                                   1604 ;Allocation info for local variables in function 'serial_print_uint'
                                   1605 ;------------------------------------------------------------
                                   1606 ;value                     Allocated with name '_serial_print_uint_value_65536_205'
                                   1607 ;------------------------------------------------------------
                                   1608 ;	C:\Users\tonyp\Downloads\ch552-turbo-fan-ctrl\src\serial_compat.c:74: void serial_print_uint(unsigned long value) {
                                   1609 ;	-----------------------------------------
                                   1610 ;	 function serial_print_uint
                                   1611 ;	-----------------------------------------
      0003CE                       1612 _serial_print_uint:
      0003CE AF 82            [24] 1613 	mov	r7,dpl
      0003D0 AE 83            [24] 1614 	mov	r6,dph
      0003D2 AD F0            [24] 1615 	mov	r5,b
      0003D4 FC               [12] 1616 	mov	r4,a
      0003D5 90r00r06         [24] 1617 	mov	dptr,#_serial_print_uint_value_65536_205
      0003D8 EF               [12] 1618 	mov	a,r7
      0003D9 F0               [24] 1619 	movx	@dptr,a
      0003DA EE               [12] 1620 	mov	a,r6
      0003DB A3               [24] 1621 	inc	dptr
      0003DC F0               [24] 1622 	movx	@dptr,a
      0003DD ED               [12] 1623 	mov	a,r5
      0003DE A3               [24] 1624 	inc	dptr
      0003DF F0               [24] 1625 	movx	@dptr,a
      0003E0 EC               [12] 1626 	mov	a,r4
      0003E1 A3               [24] 1627 	inc	dptr
      0003E2 F0               [24] 1628 	movx	@dptr,a
                                   1629 ;	C:\Users\tonyp\Downloads\ch552-turbo-fan-ctrl\src\serial_compat.c:75: writeUnsigned(value, 10);
      0003E3 90r00r06         [24] 1630 	mov	dptr,#_serial_print_uint_value_65536_205
      0003E6 E0               [24] 1631 	movx	a,@dptr
      0003E7 FC               [12] 1632 	mov	r4,a
      0003E8 A3               [24] 1633 	inc	dptr
      0003E9 E0               [24] 1634 	movx	a,@dptr
      0003EA FD               [12] 1635 	mov	r5,a
      0003EB A3               [24] 1636 	inc	dptr
      0003EC E0               [24] 1637 	movx	a,@dptr
      0003ED FE               [12] 1638 	mov	r6,a
      0003EE A3               [24] 1639 	inc	dptr
      0003EF E0               [24] 1640 	movx	a,@dptr
      0003F0 FF               [12] 1641 	mov	r7,a
      0003F1 74 0A            [12] 1642 	mov	a,#0x0a
      0003F3 C0 E0            [24] 1643 	push	acc
      0003F5 E4               [12] 1644 	clr	a
      0003F6 C0 E0            [24] 1645 	push	acc
      0003F8 8C 82            [24] 1646 	mov	dpl,r4
      0003FA 8D 83            [24] 1647 	mov	dph,r5
      0003FC 8E F0            [24] 1648 	mov	b,r6
      0003FE EF               [12] 1649 	mov	a,r7
      0003FF 12r00r22         [24] 1650 	lcall	_writeUnsigned
      000402 15 81            [12] 1651 	dec	sp
      000404 15 81            [12] 1652 	dec	sp
                                   1653 ;	C:\Users\tonyp\Downloads\ch552-turbo-fan-ctrl\src\serial_compat.c:76: }
      000406 22               [24] 1654 	ret
                                   1655 ;------------------------------------------------------------
                                   1656 ;Allocation info for local variables in function 'serial_print_uint_base'
                                   1657 ;------------------------------------------------------------
                                   1658 ;base                      Allocated with name '_serial_print_uint_base_PARM_2'
                                   1659 ;value                     Allocated with name '_serial_print_uint_base_value_65536_207'
                                   1660 ;------------------------------------------------------------
                                   1661 ;	C:\Users\tonyp\Downloads\ch552-turbo-fan-ctrl\src\serial_compat.c:78: void serial_print_uint_base(unsigned long value, int base) {
                                   1662 ;	-----------------------------------------
                                   1663 ;	 function serial_print_uint_base
                                   1664 ;	-----------------------------------------
      000407                       1665 _serial_print_uint_base:
      000407 AF 82            [24] 1666 	mov	r7,dpl
      000409 AE 83            [24] 1667 	mov	r6,dph
      00040B AD F0            [24] 1668 	mov	r5,b
      00040D FC               [12] 1669 	mov	r4,a
      00040E 90r00r0C         [24] 1670 	mov	dptr,#_serial_print_uint_base_value_65536_207
      000411 EF               [12] 1671 	mov	a,r7
      000412 F0               [24] 1672 	movx	@dptr,a
      000413 EE               [12] 1673 	mov	a,r6
      000414 A3               [24] 1674 	inc	dptr
      000415 F0               [24] 1675 	movx	@dptr,a
      000416 ED               [12] 1676 	mov	a,r5
      000417 A3               [24] 1677 	inc	dptr
      000418 F0               [24] 1678 	movx	@dptr,a
      000419 EC               [12] 1679 	mov	a,r4
      00041A A3               [24] 1680 	inc	dptr
      00041B F0               [24] 1681 	movx	@dptr,a
                                   1682 ;	C:\Users\tonyp\Downloads\ch552-turbo-fan-ctrl\src\serial_compat.c:79: writeUnsigned(value, base);
      00041C 90r00r0C         [24] 1683 	mov	dptr,#_serial_print_uint_base_value_65536_207
      00041F E0               [24] 1684 	movx	a,@dptr
      000420 FC               [12] 1685 	mov	r4,a
      000421 A3               [24] 1686 	inc	dptr
      000422 E0               [24] 1687 	movx	a,@dptr
      000423 FD               [12] 1688 	mov	r5,a
      000424 A3               [24] 1689 	inc	dptr
      000425 E0               [24] 1690 	movx	a,@dptr
      000426 FE               [12] 1691 	mov	r6,a
      000427 A3               [24] 1692 	inc	dptr
      000428 E0               [24] 1693 	movx	a,@dptr
      000429 FF               [12] 1694 	mov	r7,a
      00042A 90r00r0A         [24] 1695 	mov	dptr,#_serial_print_uint_base_PARM_2
      00042D E0               [24] 1696 	movx	a,@dptr
      00042E C0 E0            [24] 1697 	push	acc
      000430 A3               [24] 1698 	inc	dptr
      000431 E0               [24] 1699 	movx	a,@dptr
      000432 C0 E0            [24] 1700 	push	acc
      000434 8C 82            [24] 1701 	mov	dpl,r4
      000436 8D 83            [24] 1702 	mov	dph,r5
      000438 8E F0            [24] 1703 	mov	b,r6
      00043A EF               [12] 1704 	mov	a,r7
      00043B 12r00r22         [24] 1705 	lcall	_writeUnsigned
      00043E 15 81            [12] 1706 	dec	sp
      000440 15 81            [12] 1707 	dec	sp
                                   1708 ;	C:\Users\tonyp\Downloads\ch552-turbo-fan-ctrl\src\serial_compat.c:80: }
      000442 22               [24] 1709 	ret
                                   1710 ;------------------------------------------------------------
                                   1711 ;Allocation info for local variables in function 'serial_print_float'
                                   1712 ;------------------------------------------------------------
                                   1713 ;sloc0                     Allocated with name '_serial_print_float_sloc0_1_0'
                                   1714 ;sloc1                     Allocated with name '_serial_print_float_sloc1_1_0'
                                   1715 ;sloc2                     Allocated with name '_serial_print_float_sloc2_1_0'
                                   1716 ;digits                    Allocated with name '_serial_print_float_PARM_2'
                                   1717 ;value                     Allocated with name '_serial_print_float_value_65536_209'
                                   1718 ;scale                     Allocated with name '_serial_print_float_scale_65536_210'
                                   1719 ;scaled                    Allocated with name '_serial_print_float_scaled_65536_210'
                                   1720 ;int_part                  Allocated with name '_serial_print_float_int_part_65536_210'
                                   1721 ;frac_part                 Allocated with name '_serial_print_float_frac_part_65536_210'
                                   1722 ;i                         Allocated with name '_serial_print_float_i_65536_210'
                                   1723 ;------------------------------------------------------------
                                   1724 ;	C:\Users\tonyp\Downloads\ch552-turbo-fan-ctrl\src\serial_compat.c:82: void serial_print_float(float value, int digits) {
                                   1725 ;	-----------------------------------------
                                   1726 ;	 function serial_print_float
                                   1727 ;	-----------------------------------------
      000443                       1728 _serial_print_float:
      000443 AF 82            [24] 1729 	mov	r7,dpl
      000445 AE 83            [24] 1730 	mov	r6,dph
      000447 AD F0            [24] 1731 	mov	r5,b
      000449 FC               [12] 1732 	mov	r4,a
      00044A 90r00r12         [24] 1733 	mov	dptr,#_serial_print_float_value_65536_209
      00044D EF               [12] 1734 	mov	a,r7
      00044E F0               [24] 1735 	movx	@dptr,a
      00044F EE               [12] 1736 	mov	a,r6
      000450 A3               [24] 1737 	inc	dptr
      000451 F0               [24] 1738 	movx	@dptr,a
      000452 ED               [12] 1739 	mov	a,r5
      000453 A3               [24] 1740 	inc	dptr
      000454 F0               [24] 1741 	movx	@dptr,a
      000455 EC               [12] 1742 	mov	a,r4
      000456 A3               [24] 1743 	inc	dptr
      000457 F0               [24] 1744 	movx	@dptr,a
                                   1745 ;	C:\Users\tonyp\Downloads\ch552-turbo-fan-ctrl\src\serial_compat.c:83: unsigned long scale = 1;
      000458 90r00r16         [24] 1746 	mov	dptr,#_serial_print_float_scale_65536_210
      00045B 74 01            [12] 1747 	mov	a,#0x01
      00045D F0               [24] 1748 	movx	@dptr,a
      00045E E4               [12] 1749 	clr	a
      00045F A3               [24] 1750 	inc	dptr
      000460 F0               [24] 1751 	movx	@dptr,a
      000461 A3               [24] 1752 	inc	dptr
      000462 F0               [24] 1753 	movx	@dptr,a
      000463 A3               [24] 1754 	inc	dptr
      000464 F0               [24] 1755 	movx	@dptr,a
                                   1756 ;	C:\Users\tonyp\Downloads\ch552-turbo-fan-ctrl\src\serial_compat.c:89: if (value < 0.0f) {
      000465 90r00r12         [24] 1757 	mov	dptr,#_serial_print_float_value_65536_209
      000468 E0               [24] 1758 	movx	a,@dptr
      000469 FC               [12] 1759 	mov	r4,a
      00046A A3               [24] 1760 	inc	dptr
      00046B E0               [24] 1761 	movx	a,@dptr
      00046C FD               [12] 1762 	mov	r5,a
      00046D A3               [24] 1763 	inc	dptr
      00046E E0               [24] 1764 	movx	a,@dptr
      00046F FE               [12] 1765 	mov	r6,a
      000470 A3               [24] 1766 	inc	dptr
      000471 E0               [24] 1767 	movx	a,@dptr
      000472 FF               [12] 1768 	mov	r7,a
      000473 C0 07            [24] 1769 	push	ar7
      000475 C0 06            [24] 1770 	push	ar6
      000477 C0 05            [24] 1771 	push	ar5
      000479 C0 04            [24] 1772 	push	ar4
      00047B E4               [12] 1773 	clr	a
      00047C C0 E0            [24] 1774 	push	acc
      00047E C0 E0            [24] 1775 	push	acc
      000480 C0 E0            [24] 1776 	push	acc
      000482 C0 E0            [24] 1777 	push	acc
      000484 8C 82            [24] 1778 	mov	dpl,r4
      000486 8D 83            [24] 1779 	mov	dph,r5
      000488 8E F0            [24] 1780 	mov	b,r6
      00048A EF               [12] 1781 	mov	a,r7
      00048B 12r00r00         [24] 1782 	lcall	___fslt
      00048E AB 82            [24] 1783 	mov	r3,dpl
      000490 E5 81            [12] 1784 	mov	a,sp
      000492 24 FC            [12] 1785 	add	a,#0xfc
      000494 F5 81            [12] 1786 	mov	sp,a
      000496 D0 04            [24] 1787 	pop	ar4
      000498 D0 05            [24] 1788 	pop	ar5
      00049A D0 06            [24] 1789 	pop	ar6
      00049C D0 07            [24] 1790 	pop	ar7
      00049E EB               [12] 1791 	mov	a,r3
      00049F 60 26            [24] 1792 	jz	00102$
                                   1793 ;	C:\Users\tonyp\Downloads\ch552-turbo-fan-ctrl\src\serial_compat.c:90: USBSerial_write('-');
      0004A1 75 82 2D         [24] 1794 	mov	dpl,#0x2d
      0004A4 C0 07            [24] 1795 	push	ar7
      0004A6 C0 06            [24] 1796 	push	ar6
      0004A8 C0 05            [24] 1797 	push	ar5
      0004AA C0 04            [24] 1798 	push	ar4
      0004AC 12r00r00         [24] 1799 	lcall	_USBSerial_write
      0004AF D0 04            [24] 1800 	pop	ar4
      0004B1 D0 05            [24] 1801 	pop	ar5
      0004B3 D0 06            [24] 1802 	pop	ar6
      0004B5 D0 07            [24] 1803 	pop	ar7
                                   1804 ;	C:\Users\tonyp\Downloads\ch552-turbo-fan-ctrl\src\serial_compat.c:91: value = -value;
      0004B7 90r00r12         [24] 1805 	mov	dptr,#_serial_print_float_value_65536_209
      0004BA EC               [12] 1806 	mov	a,r4
      0004BB F0               [24] 1807 	movx	@dptr,a
      0004BC ED               [12] 1808 	mov	a,r5
      0004BD A3               [24] 1809 	inc	dptr
      0004BE F0               [24] 1810 	movx	@dptr,a
      0004BF EE               [12] 1811 	mov	a,r6
      0004C0 A3               [24] 1812 	inc	dptr
      0004C1 F0               [24] 1813 	movx	@dptr,a
      0004C2 EF               [12] 1814 	mov	a,r7
      0004C3 B2 E7            [12] 1815 	cpl	acc.7
      0004C5 A3               [24] 1816 	inc	dptr
      0004C6 F0               [24] 1817 	movx	@dptr,a
      0004C7                       1818 00102$:
                                   1819 ;	C:\Users\tonyp\Downloads\ch552-turbo-fan-ctrl\src\serial_compat.c:94: if (digits < 0) {
      0004C7 90r00r10         [24] 1820 	mov	dptr,#_serial_print_float_PARM_2
      0004CA E0               [24] 1821 	movx	a,@dptr
      0004CB A3               [24] 1822 	inc	dptr
      0004CC E0               [24] 1823 	movx	a,@dptr
      0004CD 30 E7 07         [24] 1824 	jnb	acc.7,00104$
                                   1825 ;	C:\Users\tonyp\Downloads\ch552-turbo-fan-ctrl\src\serial_compat.c:95: digits = 0;
      0004D0 90r00r10         [24] 1826 	mov	dptr,#_serial_print_float_PARM_2
      0004D3 E4               [12] 1827 	clr	a
      0004D4 F0               [24] 1828 	movx	@dptr,a
      0004D5 A3               [24] 1829 	inc	dptr
      0004D6 F0               [24] 1830 	movx	@dptr,a
      0004D7                       1831 00104$:
                                   1832 ;	C:\Users\tonyp\Downloads\ch552-turbo-fan-ctrl\src\serial_compat.c:97: if (digits > 3) {
      0004D7 90r00r10         [24] 1833 	mov	dptr,#_serial_print_float_PARM_2
      0004DA E0               [24] 1834 	movx	a,@dptr
      0004DB FE               [12] 1835 	mov	r6,a
      0004DC A3               [24] 1836 	inc	dptr
      0004DD E0               [24] 1837 	movx	a,@dptr
      0004DE FF               [12] 1838 	mov	r7,a
      0004DF C3               [12] 1839 	clr	c
      0004E0 74 03            [12] 1840 	mov	a,#0x03
      0004E2 9E               [12] 1841 	subb	a,r6
      0004E3 74 80            [12] 1842 	mov	a,#(0x00 ^ 0x80)
      0004E5 8F F0            [24] 1843 	mov	b,r7
      0004E7 63 F0 80         [24] 1844 	xrl	b,#0x80
      0004EA 95 F0            [12] 1845 	subb	a,b
      0004EC 50 09            [24] 1846 	jnc	00122$
                                   1847 ;	C:\Users\tonyp\Downloads\ch552-turbo-fan-ctrl\src\serial_compat.c:98: digits = 3;
      0004EE 90r00r10         [24] 1848 	mov	dptr,#_serial_print_float_PARM_2
      0004F1 74 03            [12] 1849 	mov	a,#0x03
      0004F3 F0               [24] 1850 	movx	@dptr,a
      0004F4 E4               [12] 1851 	clr	a
      0004F5 A3               [24] 1852 	inc	dptr
      0004F6 F0               [24] 1853 	movx	@dptr,a
                                   1854 ;	C:\Users\tonyp\Downloads\ch552-turbo-fan-ctrl\src\serial_compat.c:101: for (i = 0; i < digits; i++) {
      0004F7                       1855 00122$:
      0004F7 90r00r10         [24] 1856 	mov	dptr,#_serial_print_float_PARM_2
      0004FA E0               [24] 1857 	movx	a,@dptr
      0004FB F5*00            [12] 1858 	mov	_serial_print_float_sloc0_1_0,a
      0004FD A3               [24] 1859 	inc	dptr
      0004FE E0               [24] 1860 	movx	a,@dptr
      0004FF F5*01            [12] 1861 	mov	(_serial_print_float_sloc0_1_0 + 1),a
      000501 7C 00            [12] 1862 	mov	r4,#0x00
      000503 7D 00            [12] 1863 	mov	r5,#0x00
      000505                       1864 00114$:
      000505 C3               [12] 1865 	clr	c
      000506 EC               [12] 1866 	mov	a,r4
      000507 95*00            [12] 1867 	subb	a,_serial_print_float_sloc0_1_0
      000509 ED               [12] 1868 	mov	a,r5
      00050A 64 80            [12] 1869 	xrl	a,#0x80
      00050C 85*01 F0         [24] 1870 	mov	b,(_serial_print_float_sloc0_1_0 + 1)
      00050F 63 F0 80         [24] 1871 	xrl	b,#0x80
      000512 95 F0            [12] 1872 	subb	a,b
      000514 50 45            [24] 1873 	jnc	00107$
                                   1874 ;	C:\Users\tonyp\Downloads\ch552-turbo-fan-ctrl\src\serial_compat.c:102: scale *= 10UL;
      000516 C0 05            [24] 1875 	push	ar5
      000518 C0 04            [24] 1876 	push	ar4
      00051A 90r00r16         [24] 1877 	mov	dptr,#_serial_print_float_scale_65536_210
      00051D E0               [24] 1878 	movx	a,@dptr
      00051E C0 E0            [24] 1879 	push	acc
      000520 A3               [24] 1880 	inc	dptr
      000521 E0               [24] 1881 	movx	a,@dptr
      000522 C0 E0            [24] 1882 	push	acc
      000524 A3               [24] 1883 	inc	dptr
      000525 E0               [24] 1884 	movx	a,@dptr
      000526 C0 E0            [24] 1885 	push	acc
      000528 A3               [24] 1886 	inc	dptr
      000529 E0               [24] 1887 	movx	a,@dptr
      00052A C0 E0            [24] 1888 	push	acc
      00052C 90 00 0A         [24] 1889 	mov	dptr,#(0x0a&0x00ff)
      00052F E4               [12] 1890 	clr	a
      000530 F5 F0            [12] 1891 	mov	b,a
      000532 12r00r00         [24] 1892 	lcall	__mullong
      000535 A8 82            [24] 1893 	mov	r0,dpl
      000537 A9 83            [24] 1894 	mov	r1,dph
      000539 AA F0            [24] 1895 	mov	r2,b
      00053B FB               [12] 1896 	mov	r3,a
      00053C E5 81            [12] 1897 	mov	a,sp
      00053E 24 FC            [12] 1898 	add	a,#0xfc
      000540 F5 81            [12] 1899 	mov	sp,a
      000542 D0 04            [24] 1900 	pop	ar4
      000544 D0 05            [24] 1901 	pop	ar5
      000546 90r00r16         [24] 1902 	mov	dptr,#_serial_print_float_scale_65536_210
      000549 E8               [12] 1903 	mov	a,r0
      00054A F0               [24] 1904 	movx	@dptr,a
      00054B E9               [12] 1905 	mov	a,r1
      00054C A3               [24] 1906 	inc	dptr
      00054D F0               [24] 1907 	movx	@dptr,a
      00054E EA               [12] 1908 	mov	a,r2
      00054F A3               [24] 1909 	inc	dptr
      000550 F0               [24] 1910 	movx	@dptr,a
      000551 EB               [12] 1911 	mov	a,r3
      000552 A3               [24] 1912 	inc	dptr
      000553 F0               [24] 1913 	movx	@dptr,a
                                   1914 ;	C:\Users\tonyp\Downloads\ch552-turbo-fan-ctrl\src\serial_compat.c:101: for (i = 0; i < digits; i++) {
      000554 0C               [12] 1915 	inc	r4
      000555 BC 00 AD         [24] 1916 	cjne	r4,#0x00,00114$
      000558 0D               [12] 1917 	inc	r5
      000559 80 AA            [24] 1918 	sjmp	00114$
      00055B                       1919 00107$:
                                   1920 ;	C:\Users\tonyp\Downloads\ch552-turbo-fan-ctrl\src\serial_compat.c:105: scaled = (unsigned long)(value * (float)scale + 0.5f);
      00055B 90r00r16         [24] 1921 	mov	dptr,#_serial_print_float_scale_65536_210
      00055E E0               [24] 1922 	movx	a,@dptr
      00055F FA               [12] 1923 	mov	r2,a
      000560 A3               [24] 1924 	inc	dptr
      000561 E0               [24] 1925 	movx	a,@dptr
      000562 FB               [12] 1926 	mov	r3,a
      000563 A3               [24] 1927 	inc	dptr
      000564 E0               [24] 1928 	movx	a,@dptr
      000565 FC               [12] 1929 	mov	r4,a
      000566 A3               [24] 1930 	inc	dptr
      000567 E0               [24] 1931 	movx	a,@dptr
      000568 FD               [12] 1932 	mov	r5,a
      000569 8A 82            [24] 1933 	mov	dpl,r2
      00056B 8B 83            [24] 1934 	mov	dph,r3
      00056D 8C F0            [24] 1935 	mov	b,r4
      00056F C0 05            [24] 1936 	push	ar5
      000571 C0 04            [24] 1937 	push	ar4
      000573 C0 03            [24] 1938 	push	ar3
      000575 C0 02            [24] 1939 	push	ar2
      000577 12r00r00         [24] 1940 	lcall	___ulong2fs
      00057A 85 82*02         [24] 1941 	mov	_serial_print_float_sloc1_1_0,dpl
      00057D 85 83*03         [24] 1942 	mov	(_serial_print_float_sloc1_1_0 + 1),dph
      000580 85 F0*04         [24] 1943 	mov	(_serial_print_float_sloc1_1_0 + 2),b
      000583 F5*05            [12] 1944 	mov	(_serial_print_float_sloc1_1_0 + 3),a
      000585 90r00r12         [24] 1945 	mov	dptr,#_serial_print_float_value_65536_209
      000588 E0               [24] 1946 	movx	a,@dptr
      000589 F8               [12] 1947 	mov	r0,a
      00058A A3               [24] 1948 	inc	dptr
      00058B E0               [24] 1949 	movx	a,@dptr
      00058C F9               [12] 1950 	mov	r1,a
      00058D A3               [24] 1951 	inc	dptr
      00058E E0               [24] 1952 	movx	a,@dptr
      00058F FE               [12] 1953 	mov	r6,a
      000590 A3               [24] 1954 	inc	dptr
      000591 E0               [24] 1955 	movx	a,@dptr
      000592 FF               [12] 1956 	mov	r7,a
      000593 C0*02            [24] 1957 	push	_serial_print_float_sloc1_1_0
      000595 C0*03            [24] 1958 	push	(_serial_print_float_sloc1_1_0 + 1)
      000597 C0*04            [24] 1959 	push	(_serial_print_float_sloc1_1_0 + 2)
      000599 C0*05            [24] 1960 	push	(_serial_print_float_sloc1_1_0 + 3)
      00059B 88 82            [24] 1961 	mov	dpl,r0
      00059D 89 83            [24] 1962 	mov	dph,r1
      00059F 8E F0            [24] 1963 	mov	b,r6
      0005A1 EF               [12] 1964 	mov	a,r7
      0005A2 12r00r00         [24] 1965 	lcall	___fsmul
      0005A5 A8 82            [24] 1966 	mov	r0,dpl
      0005A7 A9 83            [24] 1967 	mov	r1,dph
      0005A9 AE F0            [24] 1968 	mov	r6,b
      0005AB FF               [12] 1969 	mov	r7,a
      0005AC E5 81            [12] 1970 	mov	a,sp
      0005AE 24 FC            [12] 1971 	add	a,#0xfc
      0005B0 F5 81            [12] 1972 	mov	sp,a
      0005B2 E4               [12] 1973 	clr	a
      0005B3 C0 E0            [24] 1974 	push	acc
      0005B5 C0 E0            [24] 1975 	push	acc
      0005B7 C0 E0            [24] 1976 	push	acc
      0005B9 74 3F            [12] 1977 	mov	a,#0x3f
      0005BB C0 E0            [24] 1978 	push	acc
      0005BD 88 82            [24] 1979 	mov	dpl,r0
      0005BF 89 83            [24] 1980 	mov	dph,r1
      0005C1 8E F0            [24] 1981 	mov	b,r6
      0005C3 EF               [12] 1982 	mov	a,r7
      0005C4 12r00r00         [24] 1983 	lcall	___fsadd
      0005C7 A8 82            [24] 1984 	mov	r0,dpl
      0005C9 A9 83            [24] 1985 	mov	r1,dph
      0005CB AE F0            [24] 1986 	mov	r6,b
      0005CD FF               [12] 1987 	mov	r7,a
      0005CE E5 81            [12] 1988 	mov	a,sp
      0005D0 24 FC            [12] 1989 	add	a,#0xfc
      0005D2 F5 81            [12] 1990 	mov	sp,a
      0005D4 88 82            [24] 1991 	mov	dpl,r0
      0005D6 89 83            [24] 1992 	mov	dph,r1
      0005D8 8E F0            [24] 1993 	mov	b,r6
      0005DA EF               [12] 1994 	mov	a,r7
      0005DB 12r00r00         [24] 1995 	lcall	___fs2ulong
      0005DE 85 82*02         [24] 1996 	mov	_serial_print_float_sloc1_1_0,dpl
      0005E1 85 83*03         [24] 1997 	mov	(_serial_print_float_sloc1_1_0 + 1),dph
      0005E4 85 F0*04         [24] 1998 	mov	(_serial_print_float_sloc1_1_0 + 2),b
      0005E7 F5*05            [12] 1999 	mov	(_serial_print_float_sloc1_1_0 + 3),a
      0005E9 D0 02            [24] 2000 	pop	ar2
      0005EB D0 03            [24] 2001 	pop	ar3
      0005ED D0 04            [24] 2002 	pop	ar4
      0005EF D0 05            [24] 2003 	pop	ar5
                                   2004 ;	C:\Users\tonyp\Downloads\ch552-turbo-fan-ctrl\src\serial_compat.c:106: int_part = scaled / scale;
      0005F1 C0 05            [24] 2005 	push	ar5
      0005F3 C0 04            [24] 2006 	push	ar4
      0005F5 C0 03            [24] 2007 	push	ar3
      0005F7 C0 02            [24] 2008 	push	ar2
      0005F9 C0 02            [24] 2009 	push	ar2
      0005FB C0 03            [24] 2010 	push	ar3
      0005FD C0 04            [24] 2011 	push	ar4
      0005FF C0 05            [24] 2012 	push	ar5
                                   2013 ;	C:\Users\tonyp\Downloads\ch552-turbo-fan-ctrl\src\serial_compat.c:107: frac_part = scaled % scale;
      000601 85*02 82         [24] 2014 	mov	dpl,_serial_print_float_sloc1_1_0
      000604 85*03 83         [24] 2015 	mov	dph,(_serial_print_float_sloc1_1_0 + 1)
      000607 85*04 F0         [24] 2016 	mov	b,(_serial_print_float_sloc1_1_0 + 2)
      00060A E5*05            [12] 2017 	mov	a,(_serial_print_float_sloc1_1_0 + 3)
      00060C 12r00r00         [24] 2018 	lcall	__divulong
      00060F 85 82*06         [24] 2019 	mov	_serial_print_float_sloc2_1_0,dpl
      000612 85 83*07         [24] 2020 	mov	(_serial_print_float_sloc2_1_0 + 1),dph
      000615 85 F0*08         [24] 2021 	mov	(_serial_print_float_sloc2_1_0 + 2),b
      000618 F5*09            [12] 2022 	mov	(_serial_print_float_sloc2_1_0 + 3),a
      00061A E5 81            [12] 2023 	mov	a,sp
      00061C 24 FC            [12] 2024 	add	a,#0xfc
      00061E F5 81            [12] 2025 	mov	sp,a
      000620 D0 02            [24] 2026 	pop	ar2
      000622 D0 03            [24] 2027 	pop	ar3
      000624 D0 04            [24] 2028 	pop	ar4
      000626 D0 05            [24] 2029 	pop	ar5
      000628 C0 05            [24] 2030 	push	ar5
      00062A C0 04            [24] 2031 	push	ar4
      00062C C0 03            [24] 2032 	push	ar3
      00062E C0 02            [24] 2033 	push	ar2
      000630 C0 02            [24] 2034 	push	ar2
      000632 C0 03            [24] 2035 	push	ar3
      000634 C0 04            [24] 2036 	push	ar4
      000636 C0 05            [24] 2037 	push	ar5
      000638 85*02 82         [24] 2038 	mov	dpl,_serial_print_float_sloc1_1_0
      00063B 85*03 83         [24] 2039 	mov	dph,(_serial_print_float_sloc1_1_0 + 1)
      00063E 85*04 F0         [24] 2040 	mov	b,(_serial_print_float_sloc1_1_0 + 2)
      000641 E5*05            [12] 2041 	mov	a,(_serial_print_float_sloc1_1_0 + 3)
      000643 12r00r00         [24] 2042 	lcall	__modulong
      000646 A8 82            [24] 2043 	mov	r0,dpl
      000648 A9 83            [24] 2044 	mov	r1,dph
      00064A AE F0            [24] 2045 	mov	r6,b
      00064C FF               [12] 2046 	mov	r7,a
      00064D E5 81            [12] 2047 	mov	a,sp
      00064F 24 FC            [12] 2048 	add	a,#0xfc
      000651 F5 81            [12] 2049 	mov	sp,a
      000653 90r00r1A         [24] 2050 	mov	dptr,#_serial_print_float_frac_part_65536_210
      000656 E8               [12] 2051 	mov	a,r0
      000657 F0               [24] 2052 	movx	@dptr,a
      000658 E9               [12] 2053 	mov	a,r1
      000659 A3               [24] 2054 	inc	dptr
      00065A F0               [24] 2055 	movx	@dptr,a
      00065B EE               [12] 2056 	mov	a,r6
      00065C A3               [24] 2057 	inc	dptr
      00065D F0               [24] 2058 	movx	@dptr,a
      00065E EF               [12] 2059 	mov	a,r7
      00065F A3               [24] 2060 	inc	dptr
      000660 F0               [24] 2061 	movx	@dptr,a
                                   2062 ;	C:\Users\tonyp\Downloads\ch552-turbo-fan-ctrl\src\serial_compat.c:109: serial_print_uint(int_part);
      000661 85*06 82         [24] 2063 	mov	dpl,_serial_print_float_sloc2_1_0
      000664 85*07 83         [24] 2064 	mov	dph,(_serial_print_float_sloc2_1_0 + 1)
      000667 85*08 F0         [24] 2065 	mov	b,(_serial_print_float_sloc2_1_0 + 2)
      00066A E5*09            [12] 2066 	mov	a,(_serial_print_float_sloc2_1_0 + 3)
      00066C 12r03rCE         [24] 2067 	lcall	_serial_print_uint
      00066F D0 02            [24] 2068 	pop	ar2
      000671 D0 03            [24] 2069 	pop	ar3
      000673 D0 04            [24] 2070 	pop	ar4
      000675 D0 05            [24] 2071 	pop	ar5
                                   2072 ;	C:\Users\tonyp\Downloads\ch552-turbo-fan-ctrl\src\serial_compat.c:111: if (digits > 0) {
      000677 C3               [12] 2073 	clr	c
      000678 E4               [12] 2074 	clr	a
      000679 95*00            [12] 2075 	subb	a,_serial_print_float_sloc0_1_0
      00067B 74 80            [12] 2076 	mov	a,#(0x00 ^ 0x80)
      00067D 85*01 F0         [24] 2077 	mov	b,(_serial_print_float_sloc0_1_0 + 1)
      000680 63 F0 80         [24] 2078 	xrl	b,#0x80
      000683 95 F0            [12] 2079 	subb	a,b
      000685 40 01            [24] 2080 	jc	00156$
      000687 22               [24] 2081 	ret
      000688                       2082 00156$:
                                   2083 ;	C:\Users\tonyp\Downloads\ch552-turbo-fan-ctrl\src\serial_compat.c:112: USBSerial_write('.');
      000688 75 82 2E         [24] 2084 	mov	dpl,#0x2e
      00068B C0 05            [24] 2085 	push	ar5
      00068D C0 04            [24] 2086 	push	ar4
      00068F C0 03            [24] 2087 	push	ar3
      000691 C0 02            [24] 2088 	push	ar2
      000693 12r00r00         [24] 2089 	lcall	_USBSerial_write
      000696 D0 02            [24] 2090 	pop	ar2
      000698 D0 03            [24] 2091 	pop	ar3
      00069A D0 04            [24] 2092 	pop	ar4
      00069C D0 05            [24] 2093 	pop	ar5
                                   2094 ;	C:\Users\tonyp\Downloads\ch552-turbo-fan-ctrl\src\serial_compat.c:114: scale /= 10UL;
      00069E 74 0A            [12] 2095 	mov	a,#0x0a
      0006A0 C0 E0            [24] 2096 	push	acc
      0006A2 E4               [12] 2097 	clr	a
      0006A3 C0 E0            [24] 2098 	push	acc
      0006A5 C0 E0            [24] 2099 	push	acc
      0006A7 C0 E0            [24] 2100 	push	acc
      0006A9 8A 82            [24] 2101 	mov	dpl,r2
      0006AB 8B 83            [24] 2102 	mov	dph,r3
      0006AD 8C F0            [24] 2103 	mov	b,r4
      0006AF ED               [12] 2104 	mov	a,r5
      0006B0 12r00r00         [24] 2105 	lcall	__divulong
      0006B3 AC 82            [24] 2106 	mov	r4,dpl
      0006B5 AD 83            [24] 2107 	mov	r5,dph
      0006B7 AE F0            [24] 2108 	mov	r6,b
      0006B9 FF               [12] 2109 	mov	r7,a
      0006BA E5 81            [12] 2110 	mov	a,sp
      0006BC 24 FC            [12] 2111 	add	a,#0xfc
      0006BE F5 81            [12] 2112 	mov	sp,a
      0006C0 90r00r16         [24] 2113 	mov	dptr,#_serial_print_float_scale_65536_210
      0006C3 EC               [12] 2114 	mov	a,r4
      0006C4 F0               [24] 2115 	movx	@dptr,a
      0006C5 ED               [12] 2116 	mov	a,r5
      0006C6 A3               [24] 2117 	inc	dptr
      0006C7 F0               [24] 2118 	movx	@dptr,a
      0006C8 EE               [12] 2119 	mov	a,r6
      0006C9 A3               [24] 2120 	inc	dptr
      0006CA F0               [24] 2121 	movx	@dptr,a
      0006CB EF               [12] 2122 	mov	a,r7
      0006CC A3               [24] 2123 	inc	dptr
      0006CD F0               [24] 2124 	movx	@dptr,a
                                   2125 ;	C:\Users\tonyp\Downloads\ch552-turbo-fan-ctrl\src\serial_compat.c:115: while (scale > 0) {
      0006CE 90r00r1A         [24] 2126 	mov	dptr,#_serial_print_float_frac_part_65536_210
      0006D1 E0               [24] 2127 	movx	a,@dptr
      0006D2 F5*06            [12] 2128 	mov	_serial_print_float_sloc2_1_0,a
      0006D4 A3               [24] 2129 	inc	dptr
      0006D5 E0               [24] 2130 	movx	a,@dptr
      0006D6 F5*07            [12] 2131 	mov	(_serial_print_float_sloc2_1_0 + 1),a
      0006D8 A3               [24] 2132 	inc	dptr
      0006D9 E0               [24] 2133 	movx	a,@dptr
      0006DA F5*08            [12] 2134 	mov	(_serial_print_float_sloc2_1_0 + 2),a
      0006DC A3               [24] 2135 	inc	dptr
      0006DD E0               [24] 2136 	movx	a,@dptr
      0006DE F5*09            [12] 2137 	mov	(_serial_print_float_sloc2_1_0 + 3),a
      0006E0                       2138 00108$:
      0006E0 90r00r16         [24] 2139 	mov	dptr,#_serial_print_float_scale_65536_210
      0006E3 E0               [24] 2140 	movx	a,@dptr
      0006E4 F8               [12] 2141 	mov	r0,a
      0006E5 A3               [24] 2142 	inc	dptr
      0006E6 E0               [24] 2143 	movx	a,@dptr
      0006E7 F9               [12] 2144 	mov	r1,a
      0006E8 A3               [24] 2145 	inc	dptr
      0006E9 E0               [24] 2146 	movx	a,@dptr
      0006EA FA               [12] 2147 	mov	r2,a
      0006EB A3               [24] 2148 	inc	dptr
      0006EC E0               [24] 2149 	movx	a,@dptr
      0006ED FB               [12] 2150 	mov	r3,a
      0006EE E8               [12] 2151 	mov	a,r0
      0006EF 49               [12] 2152 	orl	a,r1
      0006F0 4A               [12] 2153 	orl	a,r2
      0006F1 4B               [12] 2154 	orl	a,r3
      0006F2 70 01            [24] 2155 	jnz	00157$
      0006F4 22               [24] 2156 	ret
      0006F5                       2157 00157$:
                                   2158 ;	C:\Users\tonyp\Downloads\ch552-turbo-fan-ctrl\src\serial_compat.c:116: USBSerial_write((char)('0' + (frac_part / scale) % 10UL));
      0006F5 C0 03            [24] 2159 	push	ar3
      0006F7 C0 02            [24] 2160 	push	ar2
      0006F9 C0 01            [24] 2161 	push	ar1
      0006FB C0 00            [24] 2162 	push	ar0
      0006FD C0 00            [24] 2163 	push	ar0
      0006FF C0 01            [24] 2164 	push	ar1
      000701 C0 02            [24] 2165 	push	ar2
      000703 C0 03            [24] 2166 	push	ar3
      000705 85*06 82         [24] 2167 	mov	dpl,_serial_print_float_sloc2_1_0
      000708 85*07 83         [24] 2168 	mov	dph,(_serial_print_float_sloc2_1_0 + 1)
      00070B 85*08 F0         [24] 2169 	mov	b,(_serial_print_float_sloc2_1_0 + 2)
      00070E E5*09            [12] 2170 	mov	a,(_serial_print_float_sloc2_1_0 + 3)
      000710 12r00r00         [24] 2171 	lcall	__divulong
      000713 AC 82            [24] 2172 	mov	r4,dpl
      000715 AD 83            [24] 2173 	mov	r5,dph
      000717 AE F0            [24] 2174 	mov	r6,b
      000719 FF               [12] 2175 	mov	r7,a
      00071A E5 81            [12] 2176 	mov	a,sp
      00071C 24 FC            [12] 2177 	add	a,#0xfc
      00071E F5 81            [12] 2178 	mov	sp,a
      000720 74 0A            [12] 2179 	mov	a,#0x0a
      000722 C0 E0            [24] 2180 	push	acc
      000724 E4               [12] 2181 	clr	a
      000725 C0 E0            [24] 2182 	push	acc
      000727 C0 E0            [24] 2183 	push	acc
      000729 C0 E0            [24] 2184 	push	acc
      00072B 8C 82            [24] 2185 	mov	dpl,r4
      00072D 8D 83            [24] 2186 	mov	dph,r5
      00072F 8E F0            [24] 2187 	mov	b,r6
      000731 EF               [12] 2188 	mov	a,r7
      000732 12r00r00         [24] 2189 	lcall	__modulong
      000735 AC 82            [24] 2190 	mov	r4,dpl
      000737 E5 81            [12] 2191 	mov	a,sp
      000739 24 FC            [12] 2192 	add	a,#0xfc
      00073B F5 81            [12] 2193 	mov	sp,a
      00073D 74 30            [12] 2194 	mov	a,#0x30
      00073F 2C               [12] 2195 	add	a,r4
      000740 F5 82            [12] 2196 	mov	dpl,a
      000742 12r00r00         [24] 2197 	lcall	_USBSerial_write
      000745 D0 00            [24] 2198 	pop	ar0
      000747 D0 01            [24] 2199 	pop	ar1
      000749 D0 02            [24] 2200 	pop	ar2
      00074B D0 03            [24] 2201 	pop	ar3
                                   2202 ;	C:\Users\tonyp\Downloads\ch552-turbo-fan-ctrl\src\serial_compat.c:117: scale /= 10UL;
      00074D 74 0A            [12] 2203 	mov	a,#0x0a
      00074F C0 E0            [24] 2204 	push	acc
      000751 E4               [12] 2205 	clr	a
      000752 C0 E0            [24] 2206 	push	acc
      000754 C0 E0            [24] 2207 	push	acc
      000756 C0 E0            [24] 2208 	push	acc
      000758 88 82            [24] 2209 	mov	dpl,r0
      00075A 89 83            [24] 2210 	mov	dph,r1
      00075C 8A F0            [24] 2211 	mov	b,r2
      00075E EB               [12] 2212 	mov	a,r3
      00075F 12r00r00         [24] 2213 	lcall	__divulong
      000762 AC 82            [24] 2214 	mov	r4,dpl
      000764 AD 83            [24] 2215 	mov	r5,dph
      000766 AE F0            [24] 2216 	mov	r6,b
      000768 FF               [12] 2217 	mov	r7,a
      000769 E5 81            [12] 2218 	mov	a,sp
      00076B 24 FC            [12] 2219 	add	a,#0xfc
      00076D F5 81            [12] 2220 	mov	sp,a
      00076F 90r00r16         [24] 2221 	mov	dptr,#_serial_print_float_scale_65536_210
      000772 EC               [12] 2222 	mov	a,r4
      000773 F0               [24] 2223 	movx	@dptr,a
      000774 ED               [12] 2224 	mov	a,r5
      000775 A3               [24] 2225 	inc	dptr
      000776 F0               [24] 2226 	movx	@dptr,a
      000777 EE               [12] 2227 	mov	a,r6
      000778 A3               [24] 2228 	inc	dptr
      000779 F0               [24] 2229 	movx	@dptr,a
      00077A EF               [12] 2230 	mov	a,r7
      00077B A3               [24] 2231 	inc	dptr
      00077C F0               [24] 2232 	movx	@dptr,a
                                   2233 ;	C:\Users\tonyp\Downloads\ch552-turbo-fan-ctrl\src\serial_compat.c:120: }
      00077D 02r06rE0         [24] 2234 	ljmp	00108$
                                   2235 ;------------------------------------------------------------
                                   2236 ;Allocation info for local variables in function 'serial_println'
                                   2237 ;------------------------------------------------------------
                                   2238 ;	C:\Users\tonyp\Downloads\ch552-turbo-fan-ctrl\src\serial_compat.c:122: void serial_println(void) {
                                   2239 ;	-----------------------------------------
                                   2240 ;	 function serial_println
                                   2241 ;	-----------------------------------------
      000780                       2242 _serial_println:
                                   2243 ;	C:\Users\tonyp\Downloads\ch552-turbo-fan-ctrl\src\serial_compat.c:123: USBSerial_write('\r');
      000780 75 82 0D         [24] 2244 	mov	dpl,#0x0d
      000783 12r00r00         [24] 2245 	lcall	_USBSerial_write
                                   2246 ;	C:\Users\tonyp\Downloads\ch552-turbo-fan-ctrl\src\serial_compat.c:124: USBSerial_write('\n');
      000786 75 82 0A         [24] 2247 	mov	dpl,#0x0a
                                   2248 ;	C:\Users\tonyp\Downloads\ch552-turbo-fan-ctrl\src\serial_compat.c:125: }
      000789 02r00r00         [24] 2249 	ljmp	_USBSerial_write
                                   2250 ;------------------------------------------------------------
                                   2251 ;Allocation info for local variables in function 'serial_println_str'
                                   2252 ;------------------------------------------------------------
                                   2253 ;text                      Allocated with name '_serial_println_str_text_65536_220'
                                   2254 ;------------------------------------------------------------
                                   2255 ;	C:\Users\tonyp\Downloads\ch552-turbo-fan-ctrl\src\serial_compat.c:127: void serial_println_str(const char* text) {
                                   2256 ;	-----------------------------------------
                                   2257 ;	 function serial_println_str
                                   2258 ;	-----------------------------------------
      00078C                       2259 _serial_println_str:
      00078C AF F0            [24] 2260 	mov	r7,b
      00078E AE 83            [24] 2261 	mov	r6,dph
      000790 E5 82            [12] 2262 	mov	a,dpl
      000792 90r00r1E         [24] 2263 	mov	dptr,#_serial_println_str_text_65536_220
      000795 F0               [24] 2264 	movx	@dptr,a
      000796 EE               [12] 2265 	mov	a,r6
      000797 A3               [24] 2266 	inc	dptr
      000798 F0               [24] 2267 	movx	@dptr,a
      000799 EF               [12] 2268 	mov	a,r7
      00079A A3               [24] 2269 	inc	dptr
      00079B F0               [24] 2270 	movx	@dptr,a
                                   2271 ;	C:\Users\tonyp\Downloads\ch552-turbo-fan-ctrl\src\serial_compat.c:128: serial_print_str(text);
      00079C 90r00r1E         [24] 2272 	mov	dptr,#_serial_println_str_text_65536_220
      00079F E0               [24] 2273 	movx	a,@dptr
      0007A0 FD               [12] 2274 	mov	r5,a
      0007A1 A3               [24] 2275 	inc	dptr
      0007A2 E0               [24] 2276 	movx	a,@dptr
      0007A3 FE               [12] 2277 	mov	r6,a
      0007A4 A3               [24] 2278 	inc	dptr
      0007A5 E0               [24] 2279 	movx	a,@dptr
      0007A6 FF               [12] 2280 	mov	r7,a
      0007A7 8D 82            [24] 2281 	mov	dpl,r5
      0007A9 8E 83            [24] 2282 	mov	dph,r6
      0007AB 8F F0            [24] 2283 	mov	b,r7
      0007AD 12r03r09         [24] 2284 	lcall	_serial_print_str
                                   2285 ;	C:\Users\tonyp\Downloads\ch552-turbo-fan-ctrl\src\serial_compat.c:129: serial_println();
                                   2286 ;	C:\Users\tonyp\Downloads\ch552-turbo-fan-ctrl\src\serial_compat.c:130: }
      0007B0 02r07r80         [24] 2287 	ljmp	_serial_println
                                   2288 ;------------------------------------------------------------
                                   2289 ;Allocation info for local variables in function 'serial_println_int'
                                   2290 ;------------------------------------------------------------
                                   2291 ;value                     Allocated with name '_serial_println_int_value_65536_222'
                                   2292 ;------------------------------------------------------------
                                   2293 ;	C:\Users\tonyp\Downloads\ch552-turbo-fan-ctrl\src\serial_compat.c:132: void serial_println_int(int value) {
                                   2294 ;	-----------------------------------------
                                   2295 ;	 function serial_println_int
                                   2296 ;	-----------------------------------------
      0007B3                       2297 _serial_println_int:
      0007B3 AF 83            [24] 2298 	mov	r7,dph
      0007B5 E5 82            [12] 2299 	mov	a,dpl
      0007B7 90r00r21         [24] 2300 	mov	dptr,#_serial_println_int_value_65536_222
      0007BA F0               [24] 2301 	movx	@dptr,a
      0007BB EF               [12] 2302 	mov	a,r7
      0007BC A3               [24] 2303 	inc	dptr
      0007BD F0               [24] 2304 	movx	@dptr,a
                                   2305 ;	C:\Users\tonyp\Downloads\ch552-turbo-fan-ctrl\src\serial_compat.c:133: serial_print_int(value);
      0007BE 90r00r21         [24] 2306 	mov	dptr,#_serial_println_int_value_65536_222
      0007C1 E0               [24] 2307 	movx	a,@dptr
      0007C2 FE               [12] 2308 	mov	r6,a
      0007C3 A3               [24] 2309 	inc	dptr
      0007C4 E0               [24] 2310 	movx	a,@dptr
      0007C5 FF               [12] 2311 	mov	r7,a
      0007C6 8E 82            [24] 2312 	mov	dpl,r6
      0007C8 8F 83            [24] 2313 	mov	dph,r7
      0007CA 12r03r6C         [24] 2314 	lcall	_serial_print_int
                                   2315 ;	C:\Users\tonyp\Downloads\ch552-turbo-fan-ctrl\src\serial_compat.c:134: serial_println();
                                   2316 ;	C:\Users\tonyp\Downloads\ch552-turbo-fan-ctrl\src\serial_compat.c:135: }
      0007CD 02r07r80         [24] 2317 	ljmp	_serial_println
                                   2318 ;------------------------------------------------------------
                                   2319 ;Allocation info for local variables in function 'serial_println_uint'
                                   2320 ;------------------------------------------------------------
                                   2321 ;value                     Allocated with name '_serial_println_uint_value_65536_224'
                                   2322 ;------------------------------------------------------------
                                   2323 ;	C:\Users\tonyp\Downloads\ch552-turbo-fan-ctrl\src\serial_compat.c:137: void serial_println_uint(unsigned long value) {
                                   2324 ;	-----------------------------------------
                                   2325 ;	 function serial_println_uint
                                   2326 ;	-----------------------------------------
      0007D0                       2327 _serial_println_uint:
      0007D0 AF 82            [24] 2328 	mov	r7,dpl
      0007D2 AE 83            [24] 2329 	mov	r6,dph
      0007D4 AD F0            [24] 2330 	mov	r5,b
      0007D6 FC               [12] 2331 	mov	r4,a
      0007D7 90r00r23         [24] 2332 	mov	dptr,#_serial_println_uint_value_65536_224
      0007DA EF               [12] 2333 	mov	a,r7
      0007DB F0               [24] 2334 	movx	@dptr,a
      0007DC EE               [12] 2335 	mov	a,r6
      0007DD A3               [24] 2336 	inc	dptr
      0007DE F0               [24] 2337 	movx	@dptr,a
      0007DF ED               [12] 2338 	mov	a,r5
      0007E0 A3               [24] 2339 	inc	dptr
      0007E1 F0               [24] 2340 	movx	@dptr,a
      0007E2 EC               [12] 2341 	mov	a,r4
      0007E3 A3               [24] 2342 	inc	dptr
      0007E4 F0               [24] 2343 	movx	@dptr,a
                                   2344 ;	C:\Users\tonyp\Downloads\ch552-turbo-fan-ctrl\src\serial_compat.c:138: serial_print_uint(value);
      0007E5 90r00r23         [24] 2345 	mov	dptr,#_serial_println_uint_value_65536_224
      0007E8 E0               [24] 2346 	movx	a,@dptr
      0007E9 FC               [12] 2347 	mov	r4,a
      0007EA A3               [24] 2348 	inc	dptr
      0007EB E0               [24] 2349 	movx	a,@dptr
      0007EC FD               [12] 2350 	mov	r5,a
      0007ED A3               [24] 2351 	inc	dptr
      0007EE E0               [24] 2352 	movx	a,@dptr
      0007EF FE               [12] 2353 	mov	r6,a
      0007F0 A3               [24] 2354 	inc	dptr
      0007F1 E0               [24] 2355 	movx	a,@dptr
      0007F2 8C 82            [24] 2356 	mov	dpl,r4
      0007F4 8D 83            [24] 2357 	mov	dph,r5
      0007F6 8E F0            [24] 2358 	mov	b,r6
      0007F8 12r03rCE         [24] 2359 	lcall	_serial_print_uint
                                   2360 ;	C:\Users\tonyp\Downloads\ch552-turbo-fan-ctrl\src\serial_compat.c:139: serial_println();
                                   2361 ;	C:\Users\tonyp\Downloads\ch552-turbo-fan-ctrl\src\serial_compat.c:140: }
      0007FB 02r07r80         [24] 2362 	ljmp	_serial_println
                                   2363 ;------------------------------------------------------------
                                   2364 ;Allocation info for local variables in function 'serial_println_float'
                                   2365 ;------------------------------------------------------------
                                   2366 ;digits                    Allocated with name '_serial_println_float_PARM_2'
                                   2367 ;value                     Allocated with name '_serial_println_float_value_65536_226'
                                   2368 ;------------------------------------------------------------
                                   2369 ;	C:\Users\tonyp\Downloads\ch552-turbo-fan-ctrl\src\serial_compat.c:142: void serial_println_float(float value, int digits) {
                                   2370 ;	-----------------------------------------
                                   2371 ;	 function serial_println_float
                                   2372 ;	-----------------------------------------
      0007FE                       2373 _serial_println_float:
      0007FE AF 82            [24] 2374 	mov	r7,dpl
      000800 AE 83            [24] 2375 	mov	r6,dph
      000802 AD F0            [24] 2376 	mov	r5,b
      000804 FC               [12] 2377 	mov	r4,a
      000805 90r00r29         [24] 2378 	mov	dptr,#_serial_println_float_value_65536_226
      000808 EF               [12] 2379 	mov	a,r7
      000809 F0               [24] 2380 	movx	@dptr,a
      00080A EE               [12] 2381 	mov	a,r6
      00080B A3               [24] 2382 	inc	dptr
      00080C F0               [24] 2383 	movx	@dptr,a
      00080D ED               [12] 2384 	mov	a,r5
      00080E A3               [24] 2385 	inc	dptr
      00080F F0               [24] 2386 	movx	@dptr,a
      000810 EC               [12] 2387 	mov	a,r4
      000811 A3               [24] 2388 	inc	dptr
      000812 F0               [24] 2389 	movx	@dptr,a
                                   2390 ;	C:\Users\tonyp\Downloads\ch552-turbo-fan-ctrl\src\serial_compat.c:143: serial_print_float(value, digits);
      000813 90r00r29         [24] 2391 	mov	dptr,#_serial_println_float_value_65536_226
      000816 E0               [24] 2392 	movx	a,@dptr
      000817 FC               [12] 2393 	mov	r4,a
      000818 A3               [24] 2394 	inc	dptr
      000819 E0               [24] 2395 	movx	a,@dptr
      00081A FD               [12] 2396 	mov	r5,a
      00081B A3               [24] 2397 	inc	dptr
      00081C E0               [24] 2398 	movx	a,@dptr
      00081D FE               [12] 2399 	mov	r6,a
      00081E A3               [24] 2400 	inc	dptr
      00081F E0               [24] 2401 	movx	a,@dptr
      000820 FF               [12] 2402 	mov	r7,a
      000821 90r00r27         [24] 2403 	mov	dptr,#_serial_println_float_PARM_2
      000824 E0               [24] 2404 	movx	a,@dptr
      000825 FA               [12] 2405 	mov	r2,a
      000826 A3               [24] 2406 	inc	dptr
      000827 E0               [24] 2407 	movx	a,@dptr
      000828 FB               [12] 2408 	mov	r3,a
      000829 90r00r10         [24] 2409 	mov	dptr,#_serial_print_float_PARM_2
      00082C EA               [12] 2410 	mov	a,r2
      00082D F0               [24] 2411 	movx	@dptr,a
      00082E EB               [12] 2412 	mov	a,r3
      00082F A3               [24] 2413 	inc	dptr
      000830 F0               [24] 2414 	movx	@dptr,a
      000831 8C 82            [24] 2415 	mov	dpl,r4
      000833 8D 83            [24] 2416 	mov	dph,r5
      000835 8E F0            [24] 2417 	mov	b,r6
      000837 EF               [12] 2418 	mov	a,r7
      000838 12r04r43         [24] 2419 	lcall	_serial_print_float
                                   2420 ;	C:\Users\tonyp\Downloads\ch552-turbo-fan-ctrl\src\serial_compat.c:144: serial_println();
                                   2421 ;	C:\Users\tonyp\Downloads\ch552-turbo-fan-ctrl\src\serial_compat.c:145: }
      00083B 02r07r80         [24] 2422 	ljmp	_serial_println
                                   2423 	.area CSEG    (CODE)
                                   2424 	.area CONST   (CODE)
                                   2425 	.area XINIT   (CODE)
                                   2426 	.area CABS    (ABS,CODE)
