                                      1 ;--------------------------------------------------------
                                      2 ; File Created by SDCC : free open source ISO C Compiler 
                                      3 ; Version 4.2.2 #13407 (MINGW32)
                                      4 ;--------------------------------------------------------
                                      5 	.module usb_protocol
                                      6 	.optsdcc -mmcs51 --model-large
                                      7 	
                                      8 ;--------------------------------------------------------
                                      9 ; Public variables in this module
                                     10 ;--------------------------------------------------------
                                     11 	.globl _serial_println_float
                                     12 	.globl _serial_println_uint
                                     13 	.globl _serial_println_int
                                     14 	.globl _serial_println_str
                                     15 	.globl _serial_println
                                     16 	.globl _serial_print_float
                                     17 	.globl _serial_print_uint_base
                                     18 	.globl _serial_print_uint
                                     19 	.globl _serial_print_str
                                     20 	.globl _serial_write
                                     21 	.globl _serial_read
                                     22 	.globl _serial_available
                                     23 	.globl _serial_begin
                                     24 	.globl _millis
                                     25 	.globl _UIF_BUS_RST
                                     26 	.globl _UIF_DETECT
                                     27 	.globl _UIF_TRANSFER
                                     28 	.globl _UIF_SUSPEND
                                     29 	.globl _UIF_HST_SOF
                                     30 	.globl _UIF_FIFO_OV
                                     31 	.globl _U_SIE_FREE
                                     32 	.globl _U_TOG_OK
                                     33 	.globl _U_IS_NAK
                                     34 	.globl _S0_R_FIFO0
                                     35 	.globl _S0_R_FIFO1
                                     36 	.globl _S0_T_FIFO
                                     37 	.globl _S0_FREE
                                     38 	.globl _S0_IF_BYTE
                                     39 	.globl _S0_IF_FIRST
                                     40 	.globl _S0_IF_OV
                                     41 	.globl _S0_FST_ACT
                                     42 	.globl _CP_RL2
                                     43 	.globl _C_T2
                                     44 	.globl _TR2
                                     45 	.globl _EXEN2
                                     46 	.globl _TCLK
                                     47 	.globl _RCLK
                                     48 	.globl _EXF2
                                     49 	.globl _CAP1F
                                     50 	.globl _TF2
                                     51 	.globl _RI
                                     52 	.globl _TI
                                     53 	.globl _RB8
                                     54 	.globl _TB8
                                     55 	.globl _REN
                                     56 	.globl _SM2
                                     57 	.globl _SM1
                                     58 	.globl _SM0
                                     59 	.globl _IT0
                                     60 	.globl _IE0
                                     61 	.globl _IT1
                                     62 	.globl _IE1
                                     63 	.globl _TR0
                                     64 	.globl _TF0
                                     65 	.globl _TR1
                                     66 	.globl _TF1
                                     67 	.globl _P4_OUT_0
                                     68 	.globl _P4_OUT_1
                                     69 	.globl _P4_OUT_2
                                     70 	.globl _P4_OUT_3
                                     71 	.globl _P4_OUT_4
                                     72 	.globl _P4_OUT_5
                                     73 	.globl _P4_OUT_6
                                     74 	.globl _P4_OUT_7
                                     75 	.globl _RXD1_
                                     76 	.globl _LED2
                                     77 	.globl _CAP3_
                                     78 	.globl _PWM3_
                                     79 	.globl _PWM1_
                                     80 	.globl _TXD1_
                                     81 	.globl _TNOW_
                                     82 	.globl _LED3
                                     83 	.globl _PWM2_
                                     84 	.globl _SCS_
                                     85 	.globl _SCK_
                                     86 	.globl _P3_0
                                     87 	.globl _P3_1
                                     88 	.globl _P3_2
                                     89 	.globl _P3_3
                                     90 	.globl _P3_4
                                     91 	.globl _P3_5
                                     92 	.globl _P3_6
                                     93 	.globl _P3_7
                                     94 	.globl _RXD
                                     95 	.globl _TXD
                                     96 	.globl _INT0
                                     97 	.globl _LED0
                                     98 	.globl _INT1
                                     99 	.globl _LED1
                                    100 	.globl _T0
                                    101 	.globl _XCS0
                                    102 	.globl _LEDC
                                    103 	.globl _T1
                                    104 	.globl _DA6
                                    105 	.globl _WR
                                    106 	.globl _RD
                                    107 	.globl _P2_0
                                    108 	.globl _P2_1
                                    109 	.globl _P2_2
                                    110 	.globl _P2_3
                                    111 	.globl _P2_4
                                    112 	.globl _P2_5
                                    113 	.globl _P2_6
                                    114 	.globl _P2_7
                                    115 	.globl _MOSI1
                                    116 	.globl _MISO1
                                    117 	.globl _SCK1
                                    118 	.globl _PWM1
                                    119 	.globl _CAP2_
                                    120 	.globl _T2EX_
                                    121 	.globl _PWM2
                                    122 	.globl _TNOW
                                    123 	.globl _RXD1
                                    124 	.globl _DA7
                                    125 	.globl _TXD1
                                    126 	.globl _P1_0
                                    127 	.globl _P1_1
                                    128 	.globl _P1_2
                                    129 	.globl _P1_3
                                    130 	.globl _P1_4
                                    131 	.globl _P1_5
                                    132 	.globl _P1_6
                                    133 	.globl _P1_7
                                    134 	.globl _CAP1
                                    135 	.globl _T2
                                    136 	.globl _CAP2
                                    137 	.globl _T2EX
                                    138 	.globl _CAP3
                                    139 	.globl _PWM3
                                    140 	.globl _SCS
                                    141 	.globl _MOSI
                                    142 	.globl _MISO
                                    143 	.globl _SCK
                                    144 	.globl _AIN0
                                    145 	.globl _AIN1
                                    146 	.globl _AIN2
                                    147 	.globl _AIN3
                                    148 	.globl _AIN4
                                    149 	.globl _AIN5
                                    150 	.globl _AIN6
                                    151 	.globl _AIN7
                                    152 	.globl _P0_0
                                    153 	.globl _P0_1
                                    154 	.globl _P0_2
                                    155 	.globl _P0_3
                                    156 	.globl _P0_4
                                    157 	.globl _P0_5
                                    158 	.globl _P0_6
                                    159 	.globl _P0_7
                                    160 	.globl _UDTR
                                    161 	.globl _URTS
                                    162 	.globl _RXD_
                                    163 	.globl _TXD_
                                    164 	.globl _UCTS
                                    165 	.globl _UDSR
                                    166 	.globl _URI
                                    167 	.globl _UDCD
                                    168 	.globl _IE_SPI0
                                    169 	.globl _IE_TMR3
                                    170 	.globl _IE_USB
                                    171 	.globl _IE_ADC
                                    172 	.globl _IE_UART1
                                    173 	.globl _IE_PWM1
                                    174 	.globl _IE_GPIO
                                    175 	.globl _IE_WDOG
                                    176 	.globl _PX0
                                    177 	.globl _PT0
                                    178 	.globl _PX1
                                    179 	.globl _PT1
                                    180 	.globl _PS
                                    181 	.globl _PT2
                                    182 	.globl _PL_FLAG
                                    183 	.globl _PH_FLAG
                                    184 	.globl _EX0
                                    185 	.globl _ET0
                                    186 	.globl _EX1
                                    187 	.globl _ET1
                                    188 	.globl _ES
                                    189 	.globl _ET2
                                    190 	.globl _E_DIS
                                    191 	.globl _EA
                                    192 	.globl _P
                                    193 	.globl _F1
                                    194 	.globl _OV
                                    195 	.globl _RS0
                                    196 	.globl _RS1
                                    197 	.globl _F0
                                    198 	.globl _AC
                                    199 	.globl _CY
                                    200 	.globl _USB_DMA_AH
                                    201 	.globl _USB_DMA_AL
                                    202 	.globl _USB_DMA
                                    203 	.globl _UHUB1_CTRL
                                    204 	.globl _UDEV_CTRL
                                    205 	.globl _USB_DEV_AD
                                    206 	.globl _USB_CTRL
                                    207 	.globl _USB_INT_EN
                                    208 	.globl _UEP4_T_LEN
                                    209 	.globl _UEP4_CTRL
                                    210 	.globl _UEP0_T_LEN
                                    211 	.globl _UEP0_CTRL
                                    212 	.globl _USB_HUB_ST
                                    213 	.globl _USB_MIS_ST
                                    214 	.globl _USB_INT_ST
                                    215 	.globl _USB_INT_FG
                                    216 	.globl _UEP3_T_LEN
                                    217 	.globl _UEP3_CTRL
                                    218 	.globl _UEP2_T_LEN
                                    219 	.globl _UEP2_CTRL
                                    220 	.globl _UEP1_T_LEN
                                    221 	.globl _UEP1_CTRL
                                    222 	.globl _USB_RX_LEN
                                    223 	.globl _ADC_EX_SW
                                    224 	.globl _ADC_SETUP
                                    225 	.globl _ADC_FIFO_H
                                    226 	.globl _ADC_FIFO_L
                                    227 	.globl _ADC_FIFO
                                    228 	.globl _ADC_CHANN
                                    229 	.globl _ADC_CTRL
                                    230 	.globl _ADC_STAT
                                    231 	.globl _ADC_CK_SE
                                    232 	.globl _ADC_DMA_CN
                                    233 	.globl _ADC_DMA_AH
                                    234 	.globl _ADC_DMA_AL
                                    235 	.globl _ADC_DMA
                                    236 	.globl _SER1_ADDR
                                    237 	.globl _SER1_MSR
                                    238 	.globl _SER1_LSR
                                    239 	.globl _SER1_MCR
                                    240 	.globl _SER1_LCR
                                    241 	.globl _SER1_IIR
                                    242 	.globl _SER1_IER
                                    243 	.globl _SER1_FIFO
                                    244 	.globl _SPI1_CK_SE
                                    245 	.globl _SPI1_CTRL
                                    246 	.globl _SPI1_DATA
                                    247 	.globl _SPI1_STAT
                                    248 	.globl _SPI0_SETUP
                                    249 	.globl _SPI0_CK_SE
                                    250 	.globl _SPI0_CTRL
                                    251 	.globl _SPI0_DATA
                                    252 	.globl _SPI0_STAT
                                    253 	.globl _PWM_CYCLE
                                    254 	.globl _PWM_CK_SE
                                    255 	.globl _PWM_CTRL
                                    256 	.globl _PWM_DATA
                                    257 	.globl _PWM_DATA2
                                    258 	.globl _T3_FIFO_H
                                    259 	.globl _T3_FIFO_L
                                    260 	.globl _T3_FIFO
                                    261 	.globl _T3_DMA_AH
                                    262 	.globl _T3_DMA_AL
                                    263 	.globl _T3_DMA
                                    264 	.globl _T3_DMA_CN
                                    265 	.globl _T3_CTRL
                                    266 	.globl _T3_STAT
                                    267 	.globl _T3_END_H
                                    268 	.globl _T3_END_L
                                    269 	.globl _T3_END
                                    270 	.globl _T3_COUNT_H
                                    271 	.globl _T3_COUNT_L
                                    272 	.globl _T3_COUNT
                                    273 	.globl _T3_SETUP
                                    274 	.globl _TH2
                                    275 	.globl _TL2
                                    276 	.globl _T2COUNT
                                    277 	.globl _RCAP2H
                                    278 	.globl _RCAP2L
                                    279 	.globl _RCAP2
                                    280 	.globl _T2MOD
                                    281 	.globl _T2CON
                                    282 	.globl _SBUF
                                    283 	.globl _SCON
                                    284 	.globl _TH1
                                    285 	.globl _TH0
                                    286 	.globl _TL1
                                    287 	.globl _TL0
                                    288 	.globl _TMOD
                                    289 	.globl _TCON
                                    290 	.globl _XBUS_SPEED
                                    291 	.globl _XBUS_AUX
                                    292 	.globl _PIN_FUNC
                                    293 	.globl _PORT_CFG
                                    294 	.globl _P5_IN
                                    295 	.globl _P4_PU
                                    296 	.globl _P4_DIR
                                    297 	.globl _P4_IN
                                    298 	.globl _P4_OUT
                                    299 	.globl _P3_PU
                                    300 	.globl _P3_DIR
                                    301 	.globl _P3
                                    302 	.globl _P2_PU
                                    303 	.globl _P2_DIR
                                    304 	.globl _P2
                                    305 	.globl _P1_PU
                                    306 	.globl _P1_DIR
                                    307 	.globl _P1_IE
                                    308 	.globl _P1
                                    309 	.globl _P0_PU
                                    310 	.globl _P0_DIR
                                    311 	.globl _P0
                                    312 	.globl _ROM_CTRL
                                    313 	.globl _ROM_DATA_H
                                    314 	.globl _ROM_DATA_L
                                    315 	.globl _ROM_DATA
                                    316 	.globl _ROM_ADDR_H
                                    317 	.globl _ROM_ADDR_L
                                    318 	.globl _ROM_ADDR
                                    319 	.globl _GPIO_IE
                                    320 	.globl _IP_EX
                                    321 	.globl _IE_EX
                                    322 	.globl _IP
                                    323 	.globl _IE
                                    324 	.globl _WDOG_COUNT
                                    325 	.globl _RESET_KEEP
                                    326 	.globl _WAKE_CTRL
                                    327 	.globl _SLEEP_CTRL
                                    328 	.globl _CLOCK_CFG
                                    329 	.globl _PLL_CFG
                                    330 	.globl _PCON
                                    331 	.globl _GLOBAL_CFG
                                    332 	.globl _SAFE_MOD
                                    333 	.globl _DPH
                                    334 	.globl _DPL
                                    335 	.globl _SP
                                    336 	.globl _B
                                    337 	.globl _ACC
                                    338 	.globl _PSW
                                    339 	.globl _USBController_sendStatus_PARM_2
                                    340 	.globl _LED_DMA_XL
                                    341 	.globl _LED_DMA_XH
                                    342 	.globl _LED_DMA_CN
                                    343 	.globl _LED_DMA_AL
                                    344 	.globl _LED_DMA_AH
                                    345 	.globl _LED_CK_SE
                                    346 	.globl _LED_DATA
                                    347 	.globl _LED_CTRL
                                    348 	.globl _LED_STAT
                                    349 	.globl _UEP3_DMA_L
                                    350 	.globl _UEP3_DMA_H
                                    351 	.globl _UEP2_DMA_L
                                    352 	.globl _UEP2_DMA_H
                                    353 	.globl _UEP1_DMA_L
                                    354 	.globl _UEP1_DMA_H
                                    355 	.globl _UEP0_DMA_L
                                    356 	.globl _UEP0_DMA_H
                                    357 	.globl _UEP2_3_MOD
                                    358 	.globl _UEP4_1_MOD
                                    359 	.globl _pLED_DMA_XL
                                    360 	.globl _pLED_DMA_XH
                                    361 	.globl _pLED_DMA_CN
                                    362 	.globl _pLED_DMA_AL
                                    363 	.globl _pLED_DMA_AH
                                    364 	.globl _pLED_CK_SE
                                    365 	.globl _pLED_DATA
                                    366 	.globl _pLED_CTRL
                                    367 	.globl _pLED_STAT
                                    368 	.globl _pUEP3_DMA_L
                                    369 	.globl _pUEP3_DMA_H
                                    370 	.globl _pUEP2_DMA_L
                                    371 	.globl _pUEP2_DMA_H
                                    372 	.globl _pUEP1_DMA_L
                                    373 	.globl _pUEP1_DMA_H
                                    374 	.globl _pUEP0_DMA_L
                                    375 	.globl _pUEP0_DMA_H
                                    376 	.globl _pUEP2_3_MOD
                                    377 	.globl _pUEP4_1_MOD
                                    378 	.globl _USBController_begin
                                    379 	.globl _USBController_update
                                    380 	.globl _USBController_sendStatus
                                    381 	.globl _USBController_isConnected
                                    382 	.globl _USBController_getTargetVoltage
                                    383 	.globl _USBController_isOverrideActive
                                    384 ;--------------------------------------------------------
                                    385 ; special function registers
                                    386 ;--------------------------------------------------------
                                    387 	.area RSEG    (ABS,DATA)
      000000                        388 	.org 0x0000
                           0000D0   389 _PSW	=	0x00d0
                           0000E0   390 _ACC	=	0x00e0
                           0000F0   391 _B	=	0x00f0
                           000081   392 _SP	=	0x0081
                           000082   393 _DPL	=	0x0082
                           000083   394 _DPH	=	0x0083
                           0000A1   395 _SAFE_MOD	=	0x00a1
                           0000B1   396 _GLOBAL_CFG	=	0x00b1
                           000087   397 _PCON	=	0x0087
                           0000B2   398 _PLL_CFG	=	0x00b2
                           0000B3   399 _CLOCK_CFG	=	0x00b3
                           0000EA   400 _SLEEP_CTRL	=	0x00ea
                           0000EB   401 _WAKE_CTRL	=	0x00eb
                           0000FE   402 _RESET_KEEP	=	0x00fe
                           0000FF   403 _WDOG_COUNT	=	0x00ff
                           0000A8   404 _IE	=	0x00a8
                           0000B8   405 _IP	=	0x00b8
                           0000E8   406 _IE_EX	=	0x00e8
                           0000E9   407 _IP_EX	=	0x00e9
                           0000CF   408 _GPIO_IE	=	0x00cf
                           008584   409 _ROM_ADDR	=	0x8584
                           000084   410 _ROM_ADDR_L	=	0x0084
                           000085   411 _ROM_ADDR_H	=	0x0085
                           008F8E   412 _ROM_DATA	=	0x8f8e
                           00008E   413 _ROM_DATA_L	=	0x008e
                           00008F   414 _ROM_DATA_H	=	0x008f
                           000086   415 _ROM_CTRL	=	0x0086
                           000080   416 _P0	=	0x0080
                           0000C4   417 _P0_DIR	=	0x00c4
                           0000C5   418 _P0_PU	=	0x00c5
                           000090   419 _P1	=	0x0090
                           0000B9   420 _P1_IE	=	0x00b9
                           0000BA   421 _P1_DIR	=	0x00ba
                           0000BB   422 _P1_PU	=	0x00bb
                           0000A0   423 _P2	=	0x00a0
                           0000BC   424 _P2_DIR	=	0x00bc
                           0000BD   425 _P2_PU	=	0x00bd
                           0000B0   426 _P3	=	0x00b0
                           0000BE   427 _P3_DIR	=	0x00be
                           0000BF   428 _P3_PU	=	0x00bf
                           0000C0   429 _P4_OUT	=	0x00c0
                           0000C1   430 _P4_IN	=	0x00c1
                           0000C2   431 _P4_DIR	=	0x00c2
                           0000C3   432 _P4_PU	=	0x00c3
                           0000C7   433 _P5_IN	=	0x00c7
                           0000C6   434 _PORT_CFG	=	0x00c6
                           0000CE   435 _PIN_FUNC	=	0x00ce
                           0000A2   436 _XBUS_AUX	=	0x00a2
                           0000FD   437 _XBUS_SPEED	=	0x00fd
                           000088   438 _TCON	=	0x0088
                           000089   439 _TMOD	=	0x0089
                           00008A   440 _TL0	=	0x008a
                           00008B   441 _TL1	=	0x008b
                           00008C   442 _TH0	=	0x008c
                           00008D   443 _TH1	=	0x008d
                           000098   444 _SCON	=	0x0098
                           000099   445 _SBUF	=	0x0099
                           0000C8   446 _T2CON	=	0x00c8
                           0000C9   447 _T2MOD	=	0x00c9
                           00CBCA   448 _RCAP2	=	0xcbca
                           0000CA   449 _RCAP2L	=	0x00ca
                           0000CB   450 _RCAP2H	=	0x00cb
                           00CDCC   451 _T2COUNT	=	0xcdcc
                           0000CC   452 _TL2	=	0x00cc
                           0000CD   453 _TH2	=	0x00cd
                           0000A3   454 _T3_SETUP	=	0x00a3
                           00A5A4   455 _T3_COUNT	=	0xa5a4
                           0000A4   456 _T3_COUNT_L	=	0x00a4
                           0000A5   457 _T3_COUNT_H	=	0x00a5
                           00A7A6   458 _T3_END	=	0xa7a6
                           0000A6   459 _T3_END_L	=	0x00a6
                           0000A7   460 _T3_END_H	=	0x00a7
                           0000A9   461 _T3_STAT	=	0x00a9
                           0000AA   462 _T3_CTRL	=	0x00aa
                           0000AB   463 _T3_DMA_CN	=	0x00ab
                           00ADAC   464 _T3_DMA	=	0xadac
                           0000AC   465 _T3_DMA_AL	=	0x00ac
                           0000AD   466 _T3_DMA_AH	=	0x00ad
                           00AFAE   467 _T3_FIFO	=	0xafae
                           0000AE   468 _T3_FIFO_L	=	0x00ae
                           0000AF   469 _T3_FIFO_H	=	0x00af
                           00009B   470 _PWM_DATA2	=	0x009b
                           00009C   471 _PWM_DATA	=	0x009c
                           00009D   472 _PWM_CTRL	=	0x009d
                           00009E   473 _PWM_CK_SE	=	0x009e
                           00009F   474 _PWM_CYCLE	=	0x009f
                           0000F8   475 _SPI0_STAT	=	0x00f8
                           0000F9   476 _SPI0_DATA	=	0x00f9
                           0000FA   477 _SPI0_CTRL	=	0x00fa
                           0000FB   478 _SPI0_CK_SE	=	0x00fb
                           0000FC   479 _SPI0_SETUP	=	0x00fc
                           0000B4   480 _SPI1_STAT	=	0x00b4
                           0000B5   481 _SPI1_DATA	=	0x00b5
                           0000B6   482 _SPI1_CTRL	=	0x00b6
                           0000B7   483 _SPI1_CK_SE	=	0x00b7
                           00009A   484 _SER1_FIFO	=	0x009a
                           000091   485 _SER1_IER	=	0x0091
                           000092   486 _SER1_IIR	=	0x0092
                           000093   487 _SER1_LCR	=	0x0093
                           000094   488 _SER1_MCR	=	0x0094
                           000095   489 _SER1_LSR	=	0x0095
                           000096   490 _SER1_MSR	=	0x0096
                           000097   491 _SER1_ADDR	=	0x0097
                           00EDEC   492 _ADC_DMA	=	0xedec
                           0000EC   493 _ADC_DMA_AL	=	0x00ec
                           0000ED   494 _ADC_DMA_AH	=	0x00ed
                           0000EE   495 _ADC_DMA_CN	=	0x00ee
                           0000EF   496 _ADC_CK_SE	=	0x00ef
                           0000F1   497 _ADC_STAT	=	0x00f1
                           0000F2   498 _ADC_CTRL	=	0x00f2
                           0000F3   499 _ADC_CHANN	=	0x00f3
                           00F5F4   500 _ADC_FIFO	=	0xf5f4
                           0000F4   501 _ADC_FIFO_L	=	0x00f4
                           0000F5   502 _ADC_FIFO_H	=	0x00f5
                           0000F6   503 _ADC_SETUP	=	0x00f6
                           0000F7   504 _ADC_EX_SW	=	0x00f7
                           0000D1   505 _USB_RX_LEN	=	0x00d1
                           0000D2   506 _UEP1_CTRL	=	0x00d2
                           0000D3   507 _UEP1_T_LEN	=	0x00d3
                           0000D4   508 _UEP2_CTRL	=	0x00d4
                           0000D5   509 _UEP2_T_LEN	=	0x00d5
                           0000D6   510 _UEP3_CTRL	=	0x00d6
                           0000D7   511 _UEP3_T_LEN	=	0x00d7
                           0000D8   512 _USB_INT_FG	=	0x00d8
                           0000D9   513 _USB_INT_ST	=	0x00d9
                           0000DA   514 _USB_MIS_ST	=	0x00da
                           0000DB   515 _USB_HUB_ST	=	0x00db
                           0000DC   516 _UEP0_CTRL	=	0x00dc
                           0000DD   517 _UEP0_T_LEN	=	0x00dd
                           0000DE   518 _UEP4_CTRL	=	0x00de
                           0000DF   519 _UEP4_T_LEN	=	0x00df
                           0000E1   520 _USB_INT_EN	=	0x00e1
                           0000E2   521 _USB_CTRL	=	0x00e2
                           0000E3   522 _USB_DEV_AD	=	0x00e3
                           0000E4   523 _UDEV_CTRL	=	0x00e4
                           0000E5   524 _UHUB1_CTRL	=	0x00e5
                           00E7E6   525 _USB_DMA	=	0xe7e6
                           0000E6   526 _USB_DMA_AL	=	0x00e6
                           0000E7   527 _USB_DMA_AH	=	0x00e7
                                    528 ;--------------------------------------------------------
                                    529 ; special function bits
                                    530 ;--------------------------------------------------------
                                    531 	.area RSEG    (ABS,DATA)
      000000                        532 	.org 0x0000
                           0000D7   533 _CY	=	0x00d7
                           0000D6   534 _AC	=	0x00d6
                           0000D5   535 _F0	=	0x00d5
                           0000D4   536 _RS1	=	0x00d4
                           0000D3   537 _RS0	=	0x00d3
                           0000D2   538 _OV	=	0x00d2
                           0000D1   539 _F1	=	0x00d1
                           0000D0   540 _P	=	0x00d0
                           0000AF   541 _EA	=	0x00af
                           0000AE   542 _E_DIS	=	0x00ae
                           0000AD   543 _ET2	=	0x00ad
                           0000AC   544 _ES	=	0x00ac
                           0000AB   545 _ET1	=	0x00ab
                           0000AA   546 _EX1	=	0x00aa
                           0000A9   547 _ET0	=	0x00a9
                           0000A8   548 _EX0	=	0x00a8
                           0000BF   549 _PH_FLAG	=	0x00bf
                           0000BE   550 _PL_FLAG	=	0x00be
                           0000BD   551 _PT2	=	0x00bd
                           0000BC   552 _PS	=	0x00bc
                           0000BB   553 _PT1	=	0x00bb
                           0000BA   554 _PX1	=	0x00ba
                           0000B9   555 _PT0	=	0x00b9
                           0000B8   556 _PX0	=	0x00b8
                           0000EF   557 _IE_WDOG	=	0x00ef
                           0000EE   558 _IE_GPIO	=	0x00ee
                           0000ED   559 _IE_PWM1	=	0x00ed
                           0000EC   560 _IE_UART1	=	0x00ec
                           0000EB   561 _IE_ADC	=	0x00eb
                           0000EA   562 _IE_USB	=	0x00ea
                           0000E9   563 _IE_TMR3	=	0x00e9
                           0000E8   564 _IE_SPI0	=	0x00e8
                           000087   565 _UDCD	=	0x0087
                           000086   566 _URI	=	0x0086
                           000085   567 _UDSR	=	0x0085
                           000084   568 _UCTS	=	0x0084
                           000083   569 _TXD_	=	0x0083
                           000082   570 _RXD_	=	0x0082
                           000081   571 _URTS	=	0x0081
                           000080   572 _UDTR	=	0x0080
                           000087   573 _P0_7	=	0x0087
                           000086   574 _P0_6	=	0x0086
                           000085   575 _P0_5	=	0x0085
                           000084   576 _P0_4	=	0x0084
                           000083   577 _P0_3	=	0x0083
                           000082   578 _P0_2	=	0x0082
                           000081   579 _P0_1	=	0x0081
                           000080   580 _P0_0	=	0x0080
                           000097   581 _AIN7	=	0x0097
                           000096   582 _AIN6	=	0x0096
                           000095   583 _AIN5	=	0x0095
                           000094   584 _AIN4	=	0x0094
                           000093   585 _AIN3	=	0x0093
                           000092   586 _AIN2	=	0x0092
                           000091   587 _AIN1	=	0x0091
                           000090   588 _AIN0	=	0x0090
                           000097   589 _SCK	=	0x0097
                           000096   590 _MISO	=	0x0096
                           000095   591 _MOSI	=	0x0095
                           000094   592 _SCS	=	0x0094
                           000092   593 _PWM3	=	0x0092
                           000092   594 _CAP3	=	0x0092
                           000091   595 _T2EX	=	0x0091
                           000091   596 _CAP2	=	0x0091
                           000090   597 _T2	=	0x0090
                           000090   598 _CAP1	=	0x0090
                           000097   599 _P1_7	=	0x0097
                           000096   600 _P1_6	=	0x0096
                           000095   601 _P1_5	=	0x0095
                           000094   602 _P1_4	=	0x0094
                           000093   603 _P1_3	=	0x0093
                           000092   604 _P1_2	=	0x0092
                           000091   605 _P1_1	=	0x0091
                           000090   606 _P1_0	=	0x0090
                           0000A7   607 _TXD1	=	0x00a7
                           0000A7   608 _DA7	=	0x00a7
                           0000A6   609 _RXD1	=	0x00a6
                           0000A5   610 _TNOW	=	0x00a5
                           0000A5   611 _PWM2	=	0x00a5
                           0000A5   612 _T2EX_	=	0x00a5
                           0000A5   613 _CAP2_	=	0x00a5
                           0000A4   614 _PWM1	=	0x00a4
                           0000A3   615 _SCK1	=	0x00a3
                           0000A2   616 _MISO1	=	0x00a2
                           0000A1   617 _MOSI1	=	0x00a1
                           0000A7   618 _P2_7	=	0x00a7
                           0000A6   619 _P2_6	=	0x00a6
                           0000A5   620 _P2_5	=	0x00a5
                           0000A4   621 _P2_4	=	0x00a4
                           0000A3   622 _P2_3	=	0x00a3
                           0000A2   623 _P2_2	=	0x00a2
                           0000A1   624 _P2_1	=	0x00a1
                           0000A0   625 _P2_0	=	0x00a0
                           0000B7   626 _RD	=	0x00b7
                           0000B6   627 _WR	=	0x00b6
                           0000B5   628 _DA6	=	0x00b5
                           0000B5   629 _T1	=	0x00b5
                           0000B4   630 _LEDC	=	0x00b4
                           0000B4   631 _XCS0	=	0x00b4
                           0000B4   632 _T0	=	0x00b4
                           0000B3   633 _LED1	=	0x00b3
                           0000B3   634 _INT1	=	0x00b3
                           0000B2   635 _LED0	=	0x00b2
                           0000B2   636 _INT0	=	0x00b2
                           0000B1   637 _TXD	=	0x00b1
                           0000B0   638 _RXD	=	0x00b0
                           0000B7   639 _P3_7	=	0x00b7
                           0000B6   640 _P3_6	=	0x00b6
                           0000B5   641 _P3_5	=	0x00b5
                           0000B4   642 _P3_4	=	0x00b4
                           0000B3   643 _P3_3	=	0x00b3
                           0000B2   644 _P3_2	=	0x00b2
                           0000B1   645 _P3_1	=	0x00b1
                           0000B0   646 _P3_0	=	0x00b0
                           0000C7   647 _SCK_	=	0x00c7
                           0000C6   648 _SCS_	=	0x00c6
                           0000C5   649 _PWM2_	=	0x00c5
                           0000C4   650 _LED3	=	0x00c4
                           0000C4   651 _TNOW_	=	0x00c4
                           0000C4   652 _TXD1_	=	0x00c4
                           0000C3   653 _PWM1_	=	0x00c3
                           0000C2   654 _PWM3_	=	0x00c2
                           0000C2   655 _CAP3_	=	0x00c2
                           0000C0   656 _LED2	=	0x00c0
                           0000C0   657 _RXD1_	=	0x00c0
                           0000C7   658 _P4_OUT_7	=	0x00c7
                           0000C6   659 _P4_OUT_6	=	0x00c6
                           0000C5   660 _P4_OUT_5	=	0x00c5
                           0000C4   661 _P4_OUT_4	=	0x00c4
                           0000C3   662 _P4_OUT_3	=	0x00c3
                           0000C2   663 _P4_OUT_2	=	0x00c2
                           0000C1   664 _P4_OUT_1	=	0x00c1
                           0000C0   665 _P4_OUT_0	=	0x00c0
                           00008F   666 _TF1	=	0x008f
                           00008E   667 _TR1	=	0x008e
                           00008D   668 _TF0	=	0x008d
                           00008C   669 _TR0	=	0x008c
                           00008B   670 _IE1	=	0x008b
                           00008A   671 _IT1	=	0x008a
                           000089   672 _IE0	=	0x0089
                           000088   673 _IT0	=	0x0088
                           00009F   674 _SM0	=	0x009f
                           00009E   675 _SM1	=	0x009e
                           00009D   676 _SM2	=	0x009d
                           00009C   677 _REN	=	0x009c
                           00009B   678 _TB8	=	0x009b
                           00009A   679 _RB8	=	0x009a
                           000099   680 _TI	=	0x0099
                           000098   681 _RI	=	0x0098
                           0000CF   682 _TF2	=	0x00cf
                           0000CF   683 _CAP1F	=	0x00cf
                           0000CE   684 _EXF2	=	0x00ce
                           0000CD   685 _RCLK	=	0x00cd
                           0000CC   686 _TCLK	=	0x00cc
                           0000CB   687 _EXEN2	=	0x00cb
                           0000CA   688 _TR2	=	0x00ca
                           0000C9   689 _C_T2	=	0x00c9
                           0000C8   690 _CP_RL2	=	0x00c8
                           0000FF   691 _S0_FST_ACT	=	0x00ff
                           0000FE   692 _S0_IF_OV	=	0x00fe
                           0000FD   693 _S0_IF_FIRST	=	0x00fd
                           0000FC   694 _S0_IF_BYTE	=	0x00fc
                           0000FB   695 _S0_FREE	=	0x00fb
                           0000FA   696 _S0_T_FIFO	=	0x00fa
                           0000F9   697 _S0_R_FIFO1	=	0x00f9
                           0000F8   698 _S0_R_FIFO0	=	0x00f8
                           0000DF   699 _U_IS_NAK	=	0x00df
                           0000DE   700 _U_TOG_OK	=	0x00de
                           0000DD   701 _U_SIE_FREE	=	0x00dd
                           0000DC   702 _UIF_FIFO_OV	=	0x00dc
                           0000DB   703 _UIF_HST_SOF	=	0x00db
                           0000DA   704 _UIF_SUSPEND	=	0x00da
                           0000D9   705 _UIF_TRANSFER	=	0x00d9
                           0000D8   706 _UIF_DETECT	=	0x00d8
                           0000D8   707 _UIF_BUS_RST	=	0x00d8
                                    708 ;--------------------------------------------------------
                                    709 ; overlayable register banks
                                    710 ;--------------------------------------------------------
                                    711 	.area REG_BANK_0	(REL,OVR,DATA)
      000000                        712 	.ds 8
                                    713 ;--------------------------------------------------------
                                    714 ; overlayable bit register bank
                                    715 ;--------------------------------------------------------
                                    716 	.area BIT_BANK	(REL,OVR,DATA)
      000000                        717 bits:
      000000                        718 	.ds 1
                           008000   719 	b0 = bits[0]
                           008100   720 	b1 = bits[1]
                           008200   721 	b2 = bits[2]
                           008300   722 	b3 = bits[3]
                           008400   723 	b4 = bits[4]
                           008500   724 	b5 = bits[5]
                           008600   725 	b6 = bits[6]
                           008700   726 	b7 = bits[7]
                                    727 ;--------------------------------------------------------
                                    728 ; internal ram data
                                    729 ;--------------------------------------------------------
                                    730 	.area DSEG    (DATA)
      000000                        731 _usb_handleCommand_sloc0_1_0:
      000000                        732 	.ds 3
      000003                        733 _USBController_update_sloc0_1_0:
      000003                        734 	.ds 3
      000006                        735 _USBController_update_sloc1_1_0:
      000006                        736 	.ds 3
      000009                        737 _USBController_update_sloc2_1_0:
      000009                        738 	.ds 3
      00000C                        739 _USBController_update_sloc3_1_0:
      00000C                        740 	.ds 3
      00000F                        741 _USBController_update_sloc4_1_0:
      00000F                        742 	.ds 4
                                    743 ;--------------------------------------------------------
                                    744 ; overlayable items in internal ram
                                    745 ;--------------------------------------------------------
                                    746 ;--------------------------------------------------------
                                    747 ; indirectly addressable internal ram data
                                    748 ;--------------------------------------------------------
                                    749 	.area ISEG    (DATA)
                                    750 ;--------------------------------------------------------
                                    751 ; absolute internal ram data
                                    752 ;--------------------------------------------------------
                                    753 	.area IABS    (ABS,DATA)
                                    754 	.area IABS    (ABS,DATA)
                                    755 ;--------------------------------------------------------
                                    756 ; bit data
                                    757 ;--------------------------------------------------------
                                    758 	.area BSEG    (BIT)
                                    759 ;--------------------------------------------------------
                                    760 ; paged external ram data
                                    761 ;--------------------------------------------------------
                                    762 	.area PSEG    (PAG,XDATA)
                           002546   763 _pUEP4_1_MOD	=	0x2546
                           002547   764 _pUEP2_3_MOD	=	0x2547
                           002548   765 _pUEP0_DMA_H	=	0x2548
                           002549   766 _pUEP0_DMA_L	=	0x2549
                           00254A   767 _pUEP1_DMA_H	=	0x254a
                           00254B   768 _pUEP1_DMA_L	=	0x254b
                           00254C   769 _pUEP2_DMA_H	=	0x254c
                           00254D   770 _pUEP2_DMA_L	=	0x254d
                           00254E   771 _pUEP3_DMA_H	=	0x254e
                           00254F   772 _pUEP3_DMA_L	=	0x254f
                           002980   773 _pLED_STAT	=	0x2980
                           002981   774 _pLED_CTRL	=	0x2981
                           002982   775 _pLED_DATA	=	0x2982
                           002983   776 _pLED_CK_SE	=	0x2983
                           002984   777 _pLED_DMA_AH	=	0x2984
                           002985   778 _pLED_DMA_AL	=	0x2985
                           002986   779 _pLED_DMA_CN	=	0x2986
                           002988   780 _pLED_DMA_XH	=	0x2988
                           002989   781 _pLED_DMA_XL	=	0x2989
                                    782 ;--------------------------------------------------------
                                    783 ; uninitialized external ram data
                                    784 ;--------------------------------------------------------
                                    785 	.area XSEG    (XDATA)
                           002446   786 _UEP4_1_MOD	=	0x2446
                           002447   787 _UEP2_3_MOD	=	0x2447
                           002448   788 _UEP0_DMA_H	=	0x2448
                           002449   789 _UEP0_DMA_L	=	0x2449
                           00244A   790 _UEP1_DMA_H	=	0x244a
                           00244B   791 _UEP1_DMA_L	=	0x244b
                           00244C   792 _UEP2_DMA_H	=	0x244c
                           00244D   793 _UEP2_DMA_L	=	0x244d
                           00244E   794 _UEP3_DMA_H	=	0x244e
                           00244F   795 _UEP3_DMA_L	=	0x244f
                           002880   796 _LED_STAT	=	0x2880
                           002881   797 _LED_CTRL	=	0x2881
                           002882   798 _LED_DATA	=	0x2882
                           002883   799 _LED_CK_SE	=	0x2883
                           002884   800 _LED_DMA_AH	=	0x2884
                           002885   801 _LED_DMA_AL	=	0x2885
                           002886   802 _LED_DMA_CN	=	0x2886
                           002888   803 _LED_DMA_XH	=	0x2888
                           002889   804 _LED_DMA_XL	=	0x2889
      000000                        805 _usb_set_connected_uc_65536_216:
      000000                        806 	.ds 3
      000003                        807 _usb_reply_ok_key_value_PARM_2:
      000003                        808 	.ds 3
      000006                        809 _usb_reply_ok_key_value_key_65536_218:
      000006                        810 	.ds 3
      000009                        811 _usb_reply_ok_key_uint_PARM_2:
      000009                        812 	.ds 4
      00000D                        813 _usb_reply_ok_key_uint_key_65536_221:
      00000D                        814 	.ds 3
      000010                        815 _usb_reply_ok_key_float1_PARM_2:
      000010                        816 	.ds 4
      000014                        817 _usb_reply_ok_key_float1_key_65536_223:
      000014                        818 	.ds 3
      000017                        819 _usb_reply_ok_key_float2_PARM_2:
      000017                        820 	.ds 4
      00001B                        821 _usb_reply_ok_key_float2_key_65536_225:
      00001B                        822 	.ds 3
      00001E                        823 _usb_print_key_segment_PARM_2:
      00001E                        824 	.ds 1
      00001F                        825 _usb_print_key_segment_key_65536_232:
      00001F                        826 	.ds 3
      000022                        827 _usb_handleCommand_PARM_2:
      000022                        828 	.ds 3
      000025                        829 _usb_handleCommand_uc_65536_253:
      000025                        830 	.ds 3
      000028                        831 _USBController_begin_uc_65536_265:
      000028                        832 	.ds 3
      00002B                        833 _USBController_update_uc_65536_267:
      00002B                        834 	.ds 3
      00002E                        835 _USBController_sendStatus_PARM_2:
      00002E                        836 	.ds 3
      000031                        837 _USBController_isConnected_uc_65536_278:
      000031                        838 	.ds 3
      000034                        839 _USBController_getTargetVoltage_uc_65536_280:
      000034                        840 	.ds 3
      000037                        841 _USBController_isOverrideActive_uc_65536_282:
      000037                        842 	.ds 3
                                    843 ;--------------------------------------------------------
                                    844 ; absolute external ram data
                                    845 ;--------------------------------------------------------
                                    846 	.area XABS    (ABS,XDATA)
                                    847 ;--------------------------------------------------------
                                    848 ; initialized external ram data
                                    849 ;--------------------------------------------------------
                                    850 	.area XISEG   (XDATA)
                                    851 	.area HOME    (CODE)
                                    852 	.area GSINIT0 (CODE)
                                    853 	.area GSINIT1 (CODE)
                                    854 	.area GSINIT2 (CODE)
                                    855 	.area GSINIT3 (CODE)
                                    856 	.area GSINIT4 (CODE)
                                    857 	.area GSINIT5 (CODE)
                                    858 	.area GSINIT  (CODE)
                                    859 	.area GSFINAL (CODE)
                                    860 	.area CSEG    (CODE)
                                    861 ;--------------------------------------------------------
                                    862 ; global & static initialisations
                                    863 ;--------------------------------------------------------
                                    864 	.area HOME    (CODE)
                                    865 	.area GSINIT  (CODE)
                                    866 	.area GSFINAL (CODE)
                                    867 	.area GSINIT  (CODE)
                                    868 ;--------------------------------------------------------
                                    869 ; Home
                                    870 ;--------------------------------------------------------
                                    871 	.area HOME    (CODE)
                                    872 	.area HOME    (CODE)
                                    873 ;--------------------------------------------------------
                                    874 ; code
                                    875 ;--------------------------------------------------------
                                    876 	.area CSEG    (CODE)
                                    877 ;------------------------------------------------------------
                                    878 ;Allocation info for local variables in function 'usb_str_eq'
                                    879 ;------------------------------------------------------------
                                    880 ;b                         Allocated to stack - _bp -5
                                    881 ;a                         Allocated to registers r5 r6 r7 
                                    882 ;sloc0                     Allocated to stack - _bp +1
                                    883 ;sloc1                     Allocated to stack - _bp +4
                                    884 ;sloc2                     Allocated to stack - _bp +5
                                    885 ;------------------------------------------------------------
                                    886 ;	C:\Users\tonyp\Downloads\ch552-turbo-fan-ctrl\src\usb_protocol.c:17: static bool usb_str_eq(const char* a, const char* b) SDCC_REENTRANT {
                                    887 ;	-----------------------------------------
                                    888 ;	 function usb_str_eq
                                    889 ;	-----------------------------------------
      000000                        890 _usb_str_eq:
                           000007   891 	ar7 = 0x07
                           000006   892 	ar6 = 0x06
                           000005   893 	ar5 = 0x05
                           000004   894 	ar4 = 0x04
                           000003   895 	ar3 = 0x03
                           000002   896 	ar2 = 0x02
                           000001   897 	ar1 = 0x01
                           000000   898 	ar0 = 0x00
      000000 C0*00            [24]  899 	push	_bp
      000002 E5 81            [12]  900 	mov	a,sp
      000004 F5*00            [12]  901 	mov	_bp,a
      000006 24 05            [12]  902 	add	a,#0x05
      000008 F5 81            [12]  903 	mov	sp,a
      00000A AD 82            [24]  904 	mov	r5,dpl
      00000C AE 83            [24]  905 	mov	r6,dph
      00000E AF F0            [24]  906 	mov	r7,b
                                    907 ;	C:\Users\tonyp\Downloads\ch552-turbo-fan-ctrl\src\usb_protocol.c:18: while (*a && *b) {
      000010 8D 02            [24]  908 	mov	ar2,r5
      000012 8E 03            [24]  909 	mov	ar3,r6
      000014 8F 04            [24]  910 	mov	ar4,r7
      000016 E5*00            [12]  911 	mov	a,_bp
      000018 24 FB            [12]  912 	add	a,#0xfb
      00001A F8               [12]  913 	mov	r0,a
      00001B A9*00            [24]  914 	mov	r1,_bp
      00001D 09               [12]  915 	inc	r1
      00001E E6               [12]  916 	mov	a,@r0
      00001F F7               [12]  917 	mov	@r1,a
      000020 08               [12]  918 	inc	r0
      000021 E6               [12]  919 	mov	a,@r0
      000022 09               [12]  920 	inc	r1
      000023 F7               [12]  921 	mov	@r1,a
      000024 08               [12]  922 	inc	r0
      000025 E6               [12]  923 	mov	a,@r0
      000026 09               [12]  924 	inc	r1
      000027 F7               [12]  925 	mov	@r1,a
      000028                        926 00104$:
      000028 8A 82            [24]  927 	mov	dpl,r2
      00002A 8B 83            [24]  928 	mov	dph,r3
      00002C 8C F0            [24]  929 	mov	b,r4
      00002E E5*00            [12]  930 	mov	a,_bp
      000030 24 04            [12]  931 	add	a,#0x04
      000032 F8               [12]  932 	mov	r0,a
      000033 12r00r00         [24]  933 	lcall	__gptrget
      000036 F6               [12]  934 	mov	@r0,a
      000037 E5*00            [12]  935 	mov	a,_bp
      000039 24 04            [12]  936 	add	a,#0x04
      00003B F8               [12]  937 	mov	r0,a
      00003C E6               [12]  938 	mov	a,@r0
      00003D 60 5B            [24]  939 	jz	00106$
      00003F A8*00            [24]  940 	mov	r0,_bp
      000041 08               [12]  941 	inc	r0
      000042 86 82            [24]  942 	mov	dpl,@r0
      000044 08               [12]  943 	inc	r0
      000045 86 83            [24]  944 	mov	dph,@r0
      000047 08               [12]  945 	inc	r0
      000048 86 F0            [24]  946 	mov	b,@r0
      00004A E5*00            [12]  947 	mov	a,_bp
      00004C 24 05            [12]  948 	add	a,#0x05
      00004E F9               [12]  949 	mov	r1,a
      00004F 12r00r00         [24]  950 	lcall	__gptrget
      000052 F7               [12]  951 	mov	@r1,a
      000053 E5*00            [12]  952 	mov	a,_bp
      000055 24 05            [12]  953 	add	a,#0x05
      000057 F8               [12]  954 	mov	r0,a
      000058 E6               [12]  955 	mov	a,@r0
      000059 60 3F            [24]  956 	jz	00106$
                                    957 ;	C:\Users\tonyp\Downloads\ch552-turbo-fan-ctrl\src\usb_protocol.c:19: if (*a != *b) {
      00005B E5*00            [12]  958 	mov	a,_bp
      00005D 24 04            [12]  959 	add	a,#0x04
      00005F F8               [12]  960 	mov	r0,a
      000060 E5*00            [12]  961 	mov	a,_bp
      000062 24 05            [12]  962 	add	a,#0x05
      000064 F9               [12]  963 	mov	r1,a
      000065 86 F0            [24]  964 	mov	b,@r0
      000067 E7               [12]  965 	mov	a,@r1
      000068 B5 F0 02         [24]  966 	cjne	a,b,00134$
      00006B 80 05            [24]  967 	sjmp	00102$
      00006D                        968 00134$:
                                    969 ;	C:\Users\tonyp\Downloads\ch552-turbo-fan-ctrl\src\usb_protocol.c:20: return false;
      00006D 75 82 00         [24]  970 	mov	dpl,#0x00
      000070 80 57            [24]  971 	sjmp	00107$
      000072                        972 00102$:
                                    973 ;	C:\Users\tonyp\Downloads\ch552-turbo-fan-ctrl\src\usb_protocol.c:22: a++;
      000072 0A               [12]  974 	inc	r2
      000073 BA 00 01         [24]  975 	cjne	r2,#0x00,00135$
      000076 0B               [12]  976 	inc	r3
      000077                        977 00135$:
      000077 8A 05            [24]  978 	mov	ar5,r2
      000079 8B 06            [24]  979 	mov	ar6,r3
      00007B 8C 07            [24]  980 	mov	ar7,r4
                                    981 ;	C:\Users\tonyp\Downloads\ch552-turbo-fan-ctrl\src\usb_protocol.c:23: b++;
      00007D A8*00            [24]  982 	mov	r0,_bp
      00007F 08               [12]  983 	inc	r0
      000080 06               [12]  984 	inc	@r0
      000081 B6 00 02         [24]  985 	cjne	@r0,#0x00,00136$
      000084 08               [12]  986 	inc	r0
      000085 06               [12]  987 	inc	@r0
      000086                        988 00136$:
      000086 A8*00            [24]  989 	mov	r0,_bp
      000088 08               [12]  990 	inc	r0
      000089 E5*00            [12]  991 	mov	a,_bp
      00008B 24 FB            [12]  992 	add	a,#0xfb
      00008D F9               [12]  993 	mov	r1,a
      00008E E6               [12]  994 	mov	a,@r0
      00008F F7               [12]  995 	mov	@r1,a
      000090 08               [12]  996 	inc	r0
      000091 E6               [12]  997 	mov	a,@r0
      000092 09               [12]  998 	inc	r1
      000093 F7               [12]  999 	mov	@r1,a
      000094 08               [12] 1000 	inc	r0
      000095 E6               [12] 1001 	mov	a,@r0
      000096 09               [12] 1002 	inc	r1
      000097 F7               [12] 1003 	mov	@r1,a
      000098 80 8E            [24] 1004 	sjmp	00104$
      00009A                       1005 00106$:
                                   1006 ;	C:\Users\tonyp\Downloads\ch552-turbo-fan-ctrl\src\usb_protocol.c:25: return (*a == '\0') && (*b == '\0');
      00009A 8D 82            [24] 1007 	mov	dpl,r5
      00009C 8E 83            [24] 1008 	mov	dph,r6
      00009E 8F F0            [24] 1009 	mov	b,r7
      0000A0 12r00r00         [24] 1010 	lcall	__gptrget
      0000A3 70 18            [24] 1011 	jnz	00109$
      0000A5 E5*00            [12] 1012 	mov	a,_bp
      0000A7 24 FB            [12] 1013 	add	a,#0xfb
      0000A9 F8               [12] 1014 	mov	r0,a
      0000AA 86 05            [24] 1015 	mov	ar5,@r0
      0000AC 08               [12] 1016 	inc	r0
      0000AD 86 06            [24] 1017 	mov	ar6,@r0
      0000AF 08               [12] 1018 	inc	r0
      0000B0 86 07            [24] 1019 	mov	ar7,@r0
      0000B2 8D 82            [24] 1020 	mov	dpl,r5
      0000B4 8E 83            [24] 1021 	mov	dph,r6
      0000B6 8F F0            [24] 1022 	mov	b,r7
      0000B8 12r00r00         [24] 1023 	lcall	__gptrget
      0000BB 60 04            [24] 1024 	jz	00110$
      0000BD                       1025 00109$:
                                   1026 ;	assignBit
      0000BD C2*00            [12] 1027 	clr	b0
      0000BF 80 02            [24] 1028 	sjmp	00111$
      0000C1                       1029 00110$:
                                   1030 ;	assignBit
      0000C1 D2*00            [12] 1031 	setb	b0
      0000C3                       1032 00111$:
      0000C3 A2*00            [12] 1033 	mov	c,b0
      0000C5 E4               [12] 1034 	clr	a
      0000C6 33               [12] 1035 	rlc	a
      0000C7 F5 82            [12] 1036 	mov	dpl,a
      0000C9                       1037 00107$:
                                   1038 ;	C:\Users\tonyp\Downloads\ch552-turbo-fan-ctrl\src\usb_protocol.c:26: }
      0000C9 85*00 81         [24] 1039 	mov	sp,_bp
      0000CC D0*00            [24] 1040 	pop	_bp
      0000CE 22               [24] 1041 	ret
                                   1042 ;------------------------------------------------------------
                                   1043 ;Allocation info for local variables in function 'usb_starts_with'
                                   1044 ;------------------------------------------------------------
                                   1045 ;prefix                    Allocated to stack - _bp -5
                                   1046 ;s                         Allocated to registers 
                                   1047 ;sloc0                     Allocated to stack - _bp +1
                                   1048 ;------------------------------------------------------------
                                   1049 ;	C:\Users\tonyp\Downloads\ch552-turbo-fan-ctrl\src\usb_protocol.c:28: static bool usb_starts_with(const char* s, const char* prefix) SDCC_REENTRANT {
                                   1050 ;	-----------------------------------------
                                   1051 ;	 function usb_starts_with
                                   1052 ;	-----------------------------------------
      0000CF                       1053 _usb_starts_with:
      0000CF C0*00            [24] 1054 	push	_bp
      0000D1 85 81*00         [24] 1055 	mov	_bp,sp
      0000D4 05 81            [12] 1056 	inc	sp
      0000D6 AD 82            [24] 1057 	mov	r5,dpl
      0000D8 AE 83            [24] 1058 	mov	r6,dph
      0000DA AF F0            [24] 1059 	mov	r7,b
                                   1060 ;	C:\Users\tonyp\Downloads\ch552-turbo-fan-ctrl\src\usb_protocol.c:29: while (*prefix) {
      0000DC E5*00            [12] 1061 	mov	a,_bp
      0000DE 24 FB            [12] 1062 	add	a,#0xfb
      0000E0 F8               [12] 1063 	mov	r0,a
      0000E1 86 02            [24] 1064 	mov	ar2,@r0
      0000E3 08               [12] 1065 	inc	r0
      0000E4 86 03            [24] 1066 	mov	ar3,@r0
      0000E6 08               [12] 1067 	inc	r0
      0000E7 86 04            [24] 1068 	mov	ar4,@r0
      0000E9                       1069 00103$:
      0000E9 8A 82            [24] 1070 	mov	dpl,r2
      0000EB 8B 83            [24] 1071 	mov	dph,r3
      0000ED 8C F0            [24] 1072 	mov	b,r4
      0000EF A8*00            [24] 1073 	mov	r0,_bp
      0000F1 08               [12] 1074 	inc	r0
      0000F2 12r00r00         [24] 1075 	lcall	__gptrget
      0000F5 F6               [12] 1076 	mov	@r0,a
      0000F6 A8*00            [24] 1077 	mov	r0,_bp
      0000F8 08               [12] 1078 	inc	r0
      0000F9 E6               [12] 1079 	mov	a,@r0
      0000FA 60 36            [24] 1080 	jz	00105$
                                   1081 ;	C:\Users\tonyp\Downloads\ch552-turbo-fan-ctrl\src\usb_protocol.c:30: if (*s != *prefix) {
      0000FC C0 02            [24] 1082 	push	ar2
      0000FE C0 03            [24] 1083 	push	ar3
      000100 C0 04            [24] 1084 	push	ar4
      000102 8D 82            [24] 1085 	mov	dpl,r5
      000104 8E 83            [24] 1086 	mov	dph,r6
      000106 8F F0            [24] 1087 	mov	b,r7
      000108 12r00r00         [24] 1088 	lcall	__gptrget
      00010B FC               [12] 1089 	mov	r4,a
      00010C A8*00            [24] 1090 	mov	r0,_bp
      00010E 08               [12] 1091 	inc	r0
      00010F E6               [12] 1092 	mov	a,@r0
      000110 B5 04 08         [24] 1093 	cjne	a,ar4,00121$
      000113 D0 04            [24] 1094 	pop	ar4
      000115 D0 03            [24] 1095 	pop	ar3
      000117 D0 02            [24] 1096 	pop	ar2
      000119 80 0B            [24] 1097 	sjmp	00102$
      00011B                       1098 00121$:
      00011B D0 04            [24] 1099 	pop	ar4
      00011D D0 03            [24] 1100 	pop	ar3
      00011F D0 02            [24] 1101 	pop	ar2
                                   1102 ;	C:\Users\tonyp\Downloads\ch552-turbo-fan-ctrl\src\usb_protocol.c:31: return false;
      000121 75 82 00         [24] 1103 	mov	dpl,#0x00
      000124 80 0F            [24] 1104 	sjmp	00106$
      000126                       1105 00102$:
                                   1106 ;	C:\Users\tonyp\Downloads\ch552-turbo-fan-ctrl\src\usb_protocol.c:33: s++;
      000126 0D               [12] 1107 	inc	r5
      000127 BD 00 01         [24] 1108 	cjne	r5,#0x00,00122$
      00012A 0E               [12] 1109 	inc	r6
      00012B                       1110 00122$:
                                   1111 ;	C:\Users\tonyp\Downloads\ch552-turbo-fan-ctrl\src\usb_protocol.c:34: prefix++;
      00012B 0A               [12] 1112 	inc	r2
      00012C BA 00 BA         [24] 1113 	cjne	r2,#0x00,00103$
      00012F 0B               [12] 1114 	inc	r3
      000130 80 B7            [24] 1115 	sjmp	00103$
      000132                       1116 00105$:
                                   1117 ;	C:\Users\tonyp\Downloads\ch552-turbo-fan-ctrl\src\usb_protocol.c:36: return true;
      000132 75 82 01         [24] 1118 	mov	dpl,#0x01
      000135                       1119 00106$:
                                   1120 ;	C:\Users\tonyp\Downloads\ch552-turbo-fan-ctrl\src\usb_protocol.c:37: }
      000135 15 81            [12] 1121 	dec	sp
      000137 D0*00            [24] 1122 	pop	_bp
      000139 22               [24] 1123 	ret
                                   1124 ;------------------------------------------------------------
                                   1125 ;Allocation info for local variables in function 'usb_find_char'
                                   1126 ;------------------------------------------------------------
                                   1127 ;c                         Allocated to stack - _bp -3
                                   1128 ;s                         Allocated to registers r5 r6 r7 
                                   1129 ;sloc0                     Allocated to stack - _bp +1
                                   1130 ;------------------------------------------------------------
                                   1131 ;	C:\Users\tonyp\Downloads\ch552-turbo-fan-ctrl\src\usb_protocol.c:39: static const char* usb_find_char(const char* s, char c) SDCC_REENTRANT {
                                   1132 ;	-----------------------------------------
                                   1133 ;	 function usb_find_char
                                   1134 ;	-----------------------------------------
      00013A                       1135 _usb_find_char:
      00013A C0*00            [24] 1136 	push	_bp
      00013C 85 81*00         [24] 1137 	mov	_bp,sp
      00013F 05 81            [12] 1138 	inc	sp
      000141 AD 82            [24] 1139 	mov	r5,dpl
      000143 AE 83            [24] 1140 	mov	r6,dph
      000145 AF F0            [24] 1141 	mov	r7,b
                                   1142 ;	C:\Users\tonyp\Downloads\ch552-turbo-fan-ctrl\src\usb_protocol.c:40: while (*s) {
      000147 8D 02            [24] 1143 	mov	ar2,r5
      000149 8E 03            [24] 1144 	mov	ar3,r6
      00014B 8F 04            [24] 1145 	mov	ar4,r7
      00014D                       1146 00103$:
      00014D 8A 82            [24] 1147 	mov	dpl,r2
      00014F 8B 83            [24] 1148 	mov	dph,r3
      000151 8C F0            [24] 1149 	mov	b,r4
      000153 A8*00            [24] 1150 	mov	r0,_bp
      000155 08               [12] 1151 	inc	r0
      000156 12r00r00         [24] 1152 	lcall	__gptrget
      000159 F6               [12] 1153 	mov	@r0,a
      00015A A8*00            [24] 1154 	mov	r0,_bp
      00015C 08               [12] 1155 	inc	r0
      00015D E6               [12] 1156 	mov	a,@r0
      00015E 60 23            [24] 1157 	jz	00105$
                                   1158 ;	C:\Users\tonyp\Downloads\ch552-turbo-fan-ctrl\src\usb_protocol.c:41: if (*s == c) {
      000160 A8*00            [24] 1159 	mov	r0,_bp
      000162 08               [12] 1160 	inc	r0
      000163 E5*00            [12] 1161 	mov	a,_bp
      000165 24 FD            [12] 1162 	add	a,#0xfd
      000167 F9               [12] 1163 	mov	r1,a
      000168 86 F0            [24] 1164 	mov	b,@r0
      00016A E7               [12] 1165 	mov	a,@r1
      00016B B5 F0 08         [24] 1166 	cjne	a,b,00102$
                                   1167 ;	C:\Users\tonyp\Downloads\ch552-turbo-fan-ctrl\src\usb_protocol.c:42: return s;
      00016E 8D 82            [24] 1168 	mov	dpl,r5
      000170 8E 83            [24] 1169 	mov	dph,r6
      000172 8F F0            [24] 1170 	mov	b,r7
      000174 80 13            [24] 1171 	sjmp	00106$
      000176                       1172 00102$:
                                   1173 ;	C:\Users\tonyp\Downloads\ch552-turbo-fan-ctrl\src\usb_protocol.c:44: s++;
      000176 0A               [12] 1174 	inc	r2
      000177 BA 00 01         [24] 1175 	cjne	r2,#0x00,00123$
      00017A 0B               [12] 1176 	inc	r3
      00017B                       1177 00123$:
      00017B 8A 05            [24] 1178 	mov	ar5,r2
      00017D 8B 06            [24] 1179 	mov	ar6,r3
      00017F 8C 07            [24] 1180 	mov	ar7,r4
      000181 80 CA            [24] 1181 	sjmp	00103$
      000183                       1182 00105$:
                                   1183 ;	C:\Users\tonyp\Downloads\ch552-turbo-fan-ctrl\src\usb_protocol.c:46: return (const char*)0;
      000183 90 00 00         [24] 1184 	mov	dptr,#0x0000
      000186 75 F0 00         [24] 1185 	mov	b,#0x00
      000189                       1186 00106$:
                                   1187 ;	C:\Users\tonyp\Downloads\ch552-turbo-fan-ctrl\src\usb_protocol.c:47: }
      000189 15 81            [12] 1188 	dec	sp
      00018B D0*00            [24] 1189 	pop	_bp
      00018D 22               [24] 1190 	ret
                                   1191 ;------------------------------------------------------------
                                   1192 ;Allocation info for local variables in function 'usb_parse_u32'
                                   1193 ;------------------------------------------------------------
                                   1194 ;s                         Allocated to registers 
                                   1195 ;v                         Allocated to stack - _bp +8
                                   1196 ;sloc0                     Allocated to stack - _bp +5
                                   1197 ;sloc1                     Allocated to stack - _bp +1
                                   1198 ;------------------------------------------------------------
                                   1199 ;	C:\Users\tonyp\Downloads\ch552-turbo-fan-ctrl\src\usb_protocol.c:49: static uint32_t usb_parse_u32(const char* s) SDCC_REENTRANT {
                                   1200 ;	-----------------------------------------
                                   1201 ;	 function usb_parse_u32
                                   1202 ;	-----------------------------------------
      00018E                       1203 _usb_parse_u32:
      00018E C0*00            [24] 1204 	push	_bp
      000190 E5 81            [12] 1205 	mov	a,sp
      000192 F5*00            [12] 1206 	mov	_bp,a
      000194 24 0B            [12] 1207 	add	a,#0x0b
      000196 F5 81            [12] 1208 	mov	sp,a
      000198 C8               [12] 1209 	xch	a,r0
      000199 E5*00            [12] 1210 	mov	a,_bp
      00019B 24 05            [12] 1211 	add	a,#0x05
      00019D C8               [12] 1212 	xch	a,r0
      00019E A6 82            [24] 1213 	mov	@r0,dpl
      0001A0 08               [12] 1214 	inc	r0
      0001A1 A6 83            [24] 1215 	mov	@r0,dph
      0001A3 08               [12] 1216 	inc	r0
      0001A4 A6 F0            [24] 1217 	mov	@r0,b
                                   1218 ;	C:\Users\tonyp\Downloads\ch552-turbo-fan-ctrl\src\usb_protocol.c:50: uint32_t v = 0;
      0001A6 E5*00            [12] 1219 	mov	a,_bp
      0001A8 24 08            [12] 1220 	add	a,#0x08
      0001AA F8               [12] 1221 	mov	r0,a
      0001AB E4               [12] 1222 	clr	a
      0001AC F6               [12] 1223 	mov	@r0,a
      0001AD 08               [12] 1224 	inc	r0
      0001AE F6               [12] 1225 	mov	@r0,a
      0001AF 08               [12] 1226 	inc	r0
      0001B0 F6               [12] 1227 	mov	@r0,a
      0001B1 08               [12] 1228 	inc	r0
      0001B2 F6               [12] 1229 	mov	@r0,a
                                   1230 ;	C:\Users\tonyp\Downloads\ch552-turbo-fan-ctrl\src\usb_protocol.c:51: while (*s >= '0' && *s <= '9') {
      0001B3                       1231 00102$:
      0001B3 E5*00            [12] 1232 	mov	a,_bp
      0001B5 24 05            [12] 1233 	add	a,#0x05
      0001B7 F8               [12] 1234 	mov	r0,a
      0001B8 86 82            [24] 1235 	mov	dpl,@r0
      0001BA 08               [12] 1236 	inc	r0
      0001BB 86 83            [24] 1237 	mov	dph,@r0
      0001BD 08               [12] 1238 	inc	r0
      0001BE 86 F0            [24] 1239 	mov	b,@r0
      0001C0 12r00r00         [24] 1240 	lcall	__gptrget
      0001C3 FC               [12] 1241 	mov	r4,a
      0001C4 BC 30 00         [24] 1242 	cjne	r4,#0x30,00120$
      0001C7                       1243 00120$:
      0001C7 40 78            [24] 1244 	jc	00104$
      0001C9 EC               [12] 1245 	mov	a,r4
      0001CA 24 C6            [12] 1246 	add	a,#0xff - 0x39
      0001CC 40 73            [24] 1247 	jc	00104$
                                   1248 ;	C:\Users\tonyp\Downloads\ch552-turbo-fan-ctrl\src\usb_protocol.c:52: v = v * 10u + (uint32_t)(*s - '0');
      0001CE C0 04            [24] 1249 	push	ar4
      0001D0 E5*00            [12] 1250 	mov	a,_bp
      0001D2 24 08            [12] 1251 	add	a,#0x08
      0001D4 F8               [12] 1252 	mov	r0,a
      0001D5 E6               [12] 1253 	mov	a,@r0
      0001D6 C0 E0            [24] 1254 	push	acc
      0001D8 08               [12] 1255 	inc	r0
      0001D9 E6               [12] 1256 	mov	a,@r0
      0001DA C0 E0            [24] 1257 	push	acc
      0001DC 08               [12] 1258 	inc	r0
      0001DD E6               [12] 1259 	mov	a,@r0
      0001DE C0 E0            [24] 1260 	push	acc
      0001E0 08               [12] 1261 	inc	r0
      0001E1 E6               [12] 1262 	mov	a,@r0
      0001E2 C0 E0            [24] 1263 	push	acc
      0001E4 90 00 0A         [24] 1264 	mov	dptr,#(0x0a&0x00ff)
      0001E7 E4               [12] 1265 	clr	a
      0001E8 F5 F0            [12] 1266 	mov	b,a
      0001EA 12r00r00         [24] 1267 	lcall	__mullong
      0001ED A8*00            [24] 1268 	mov	r0,_bp
      0001EF 08               [12] 1269 	inc	r0
      0001F0 A6 82            [24] 1270 	mov	@r0,dpl
      0001F2 08               [12] 1271 	inc	r0
      0001F3 A6 83            [24] 1272 	mov	@r0,dph
      0001F5 08               [12] 1273 	inc	r0
      0001F6 A6 F0            [24] 1274 	mov	@r0,b
      0001F8 08               [12] 1275 	inc	r0
      0001F9 F6               [12] 1276 	mov	@r0,a
      0001FA E5 81            [12] 1277 	mov	a,sp
      0001FC 24 FC            [12] 1278 	add	a,#0xfc
      0001FE F5 81            [12] 1279 	mov	sp,a
      000200 D0 04            [24] 1280 	pop	ar4
      000202 7D 00            [12] 1281 	mov	r5,#0x00
      000204 EC               [12] 1282 	mov	a,r4
      000205 24 D0            [12] 1283 	add	a,#0xd0
      000207 FC               [12] 1284 	mov	r4,a
      000208 ED               [12] 1285 	mov	a,r5
      000209 34 FF            [12] 1286 	addc	a,#0xff
      00020B FD               [12] 1287 	mov	r5,a
      00020C 33               [12] 1288 	rlc	a
      00020D 95 E0            [12] 1289 	subb	a,acc
      00020F FE               [12] 1290 	mov	r6,a
      000210 FF               [12] 1291 	mov	r7,a
      000211 A8*00            [24] 1292 	mov	r0,_bp
      000213 08               [12] 1293 	inc	r0
      000214 EC               [12] 1294 	mov	a,r4
      000215 26               [12] 1295 	add	a,@r0
      000216 FC               [12] 1296 	mov	r4,a
      000217 ED               [12] 1297 	mov	a,r5
      000218 08               [12] 1298 	inc	r0
      000219 36               [12] 1299 	addc	a,@r0
      00021A FD               [12] 1300 	mov	r5,a
      00021B EE               [12] 1301 	mov	a,r6
      00021C 08               [12] 1302 	inc	r0
      00021D 36               [12] 1303 	addc	a,@r0
      00021E FE               [12] 1304 	mov	r6,a
      00021F EF               [12] 1305 	mov	a,r7
      000220 08               [12] 1306 	inc	r0
      000221 36               [12] 1307 	addc	a,@r0
      000222 FF               [12] 1308 	mov	r7,a
      000223 E5*00            [12] 1309 	mov	a,_bp
      000225 24 08            [12] 1310 	add	a,#0x08
      000227 F8               [12] 1311 	mov	r0,a
      000228 A6 04            [24] 1312 	mov	@r0,ar4
      00022A 08               [12] 1313 	inc	r0
      00022B A6 05            [24] 1314 	mov	@r0,ar5
      00022D 08               [12] 1315 	inc	r0
      00022E A6 06            [24] 1316 	mov	@r0,ar6
      000230 08               [12] 1317 	inc	r0
      000231 A6 07            [24] 1318 	mov	@r0,ar7
                                   1319 ;	C:\Users\tonyp\Downloads\ch552-turbo-fan-ctrl\src\usb_protocol.c:53: s++;
      000233 E5*00            [12] 1320 	mov	a,_bp
      000235 24 05            [12] 1321 	add	a,#0x05
      000237 F8               [12] 1322 	mov	r0,a
      000238 06               [12] 1323 	inc	@r0
      000239 B6 00 02         [24] 1324 	cjne	@r0,#0x00,00123$
      00023C 08               [12] 1325 	inc	r0
      00023D 06               [12] 1326 	inc	@r0
      00023E                       1327 00123$:
      00023E 02r01rB3         [24] 1328 	ljmp	00102$
      000241                       1329 00104$:
                                   1330 ;	C:\Users\tonyp\Downloads\ch552-turbo-fan-ctrl\src\usb_protocol.c:55: return v;
      000241 E5*00            [12] 1331 	mov	a,_bp
      000243 24 08            [12] 1332 	add	a,#0x08
      000245 F8               [12] 1333 	mov	r0,a
      000246 86 82            [24] 1334 	mov	dpl,@r0
      000248 08               [12] 1335 	inc	r0
      000249 86 83            [24] 1336 	mov	dph,@r0
      00024B 08               [12] 1337 	inc	r0
      00024C 86 F0            [24] 1338 	mov	b,@r0
      00024E 08               [12] 1339 	inc	r0
      00024F E6               [12] 1340 	mov	a,@r0
                                   1341 ;	C:\Users\tonyp\Downloads\ch552-turbo-fan-ctrl\src\usb_protocol.c:56: }
      000250 85*00 81         [24] 1342 	mov	sp,_bp
      000253 D0*00            [24] 1343 	pop	_bp
      000255 22               [24] 1344 	ret
                                   1345 ;------------------------------------------------------------
                                   1346 ;Allocation info for local variables in function 'usb_parse_i32'
                                   1347 ;------------------------------------------------------------
                                   1348 ;s                         Allocated to registers r5 r6 r7 
                                   1349 ;sign                      Allocated to stack - _bp +4
                                   1350 ;v                         Allocated to registers r2 r4 
                                   1351 ;sloc0                     Allocated to stack - _bp +1
                                   1352 ;------------------------------------------------------------
                                   1353 ;	C:\Users\tonyp\Downloads\ch552-turbo-fan-ctrl\src\usb_protocol.c:58: static int usb_parse_i32(const char* s) SDCC_REENTRANT {
                                   1354 ;	-----------------------------------------
                                   1355 ;	 function usb_parse_i32
                                   1356 ;	-----------------------------------------
      000256                       1357 _usb_parse_i32:
      000256 C0*00            [24] 1358 	push	_bp
      000258 E5 81            [12] 1359 	mov	a,sp
      00025A F5*00            [12] 1360 	mov	_bp,a
      00025C 24 05            [12] 1361 	add	a,#0x05
      00025E F5 81            [12] 1362 	mov	sp,a
      000260 AD 82            [24] 1363 	mov	r5,dpl
      000262 AE 83            [24] 1364 	mov	r6,dph
      000264 AF F0            [24] 1365 	mov	r7,b
                                   1366 ;	C:\Users\tonyp\Downloads\ch552-turbo-fan-ctrl\src\usb_protocol.c:59: int sign = 1;
      000266 E5*00            [12] 1367 	mov	a,_bp
      000268 24 04            [12] 1368 	add	a,#0x04
      00026A F8               [12] 1369 	mov	r0,a
      00026B 76 01            [12] 1370 	mov	@r0,#0x01
      00026D 08               [12] 1371 	inc	r0
      00026E 76 00            [12] 1372 	mov	@r0,#0x00
                                   1373 ;	C:\Users\tonyp\Downloads\ch552-turbo-fan-ctrl\src\usb_protocol.c:60: int v = 0;
      000270 7A 00            [12] 1374 	mov	r2,#0x00
      000272 7C 00            [12] 1375 	mov	r4,#0x00
                                   1376 ;	C:\Users\tonyp\Downloads\ch552-turbo-fan-ctrl\src\usb_protocol.c:61: if (*s == '-') {
      000274 8D 82            [24] 1377 	mov	dpl,r5
      000276 8E 83            [24] 1378 	mov	dph,r6
      000278 8F F0            [24] 1379 	mov	b,r7
      00027A 12r00r00         [24] 1380 	lcall	__gptrget
      00027D FB               [12] 1381 	mov	r3,a
      00027E BB 2D 11         [24] 1382 	cjne	r3,#0x2d,00104$
                                   1383 ;	C:\Users\tonyp\Downloads\ch552-turbo-fan-ctrl\src\usb_protocol.c:62: sign = -1;
      000281 E5*00            [12] 1384 	mov	a,_bp
      000283 24 04            [12] 1385 	add	a,#0x04
      000285 F8               [12] 1386 	mov	r0,a
      000286 76 FF            [12] 1387 	mov	@r0,#0xff
      000288 08               [12] 1388 	inc	r0
      000289 76 FF            [12] 1389 	mov	@r0,#0xff
                                   1390 ;	C:\Users\tonyp\Downloads\ch552-turbo-fan-ctrl\src\usb_protocol.c:63: s++;
      00028B 0D               [12] 1391 	inc	r5
      00028C BD 00 0B         [24] 1392 	cjne	r5,#0x00,00116$
      00028F 0E               [12] 1393 	inc	r6
      000290 80 08            [24] 1394 	sjmp	00116$
      000292                       1395 00104$:
                                   1396 ;	C:\Users\tonyp\Downloads\ch552-turbo-fan-ctrl\src\usb_protocol.c:64: } else if (*s == '+') {
      000292 BB 2B 05         [24] 1397 	cjne	r3,#0x2b,00116$
                                   1398 ;	C:\Users\tonyp\Downloads\ch552-turbo-fan-ctrl\src\usb_protocol.c:65: s++;
      000295 0D               [12] 1399 	inc	r5
      000296 BD 00 01         [24] 1400 	cjne	r5,#0x00,00138$
      000299 0E               [12] 1401 	inc	r6
      00029A                       1402 00138$:
                                   1403 ;	C:\Users\tonyp\Downloads\ch552-turbo-fan-ctrl\src\usb_protocol.c:67: while (*s >= '0' && *s <= '9') {
      00029A                       1404 00116$:
      00029A A8*00            [24] 1405 	mov	r0,_bp
      00029C 08               [12] 1406 	inc	r0
      00029D A6 05            [24] 1407 	mov	@r0,ar5
      00029F 08               [12] 1408 	inc	r0
      0002A0 A6 06            [24] 1409 	mov	@r0,ar6
      0002A2 08               [12] 1410 	inc	r0
      0002A3 A6 07            [24] 1411 	mov	@r0,ar7
      0002A5                       1412 00107$:
      0002A5 A8*00            [24] 1413 	mov	r0,_bp
      0002A7 08               [12] 1414 	inc	r0
      0002A8 86 82            [24] 1415 	mov	dpl,@r0
      0002AA 08               [12] 1416 	inc	r0
      0002AB 86 83            [24] 1417 	mov	dph,@r0
      0002AD 08               [12] 1418 	inc	r0
      0002AE 86 F0            [24] 1419 	mov	b,@r0
      0002B0 12r00r00         [24] 1420 	lcall	__gptrget
      0002B3 FB               [12] 1421 	mov	r3,a
      0002B4 BB 30 00         [24] 1422 	cjne	r3,#0x30,00139$
      0002B7                       1423 00139$:
      0002B7 40 3A            [24] 1424 	jc	00109$
      0002B9 EB               [12] 1425 	mov	a,r3
      0002BA 24 C6            [12] 1426 	add	a,#0xff - 0x39
      0002BC 40 35            [24] 1427 	jc	00109$
                                   1428 ;	C:\Users\tonyp\Downloads\ch552-turbo-fan-ctrl\src\usb_protocol.c:68: v = v * 10 + (*s - '0');
      0002BE C0 03            [24] 1429 	push	ar3
      0002C0 C0 02            [24] 1430 	push	ar2
      0002C2 C0 04            [24] 1431 	push	ar4
      0002C4 90 00 0A         [24] 1432 	mov	dptr,#0x000a
      0002C7 12r00r00         [24] 1433 	lcall	__mulint
      0002CA AE 82            [24] 1434 	mov	r6,dpl
      0002CC AF 83            [24] 1435 	mov	r7,dph
      0002CE 15 81            [12] 1436 	dec	sp
      0002D0 15 81            [12] 1437 	dec	sp
      0002D2 D0 03            [24] 1438 	pop	ar3
      0002D4 7D 00            [12] 1439 	mov	r5,#0x00
      0002D6 EB               [12] 1440 	mov	a,r3
      0002D7 24 D0            [12] 1441 	add	a,#0xd0
      0002D9 FB               [12] 1442 	mov	r3,a
      0002DA ED               [12] 1443 	mov	a,r5
      0002DB 34 FF            [12] 1444 	addc	a,#0xff
      0002DD FD               [12] 1445 	mov	r5,a
      0002DE EB               [12] 1446 	mov	a,r3
      0002DF 2E               [12] 1447 	add	a,r6
      0002E0 FE               [12] 1448 	mov	r6,a
      0002E1 ED               [12] 1449 	mov	a,r5
      0002E2 3F               [12] 1450 	addc	a,r7
      0002E3 FF               [12] 1451 	mov	r7,a
      0002E4 8E 02            [24] 1452 	mov	ar2,r6
      0002E6 8F 04            [24] 1453 	mov	ar4,r7
                                   1454 ;	C:\Users\tonyp\Downloads\ch552-turbo-fan-ctrl\src\usb_protocol.c:69: s++;
      0002E8 A8*00            [24] 1455 	mov	r0,_bp
      0002EA 08               [12] 1456 	inc	r0
      0002EB 06               [12] 1457 	inc	@r0
      0002EC B6 00 02         [24] 1458 	cjne	@r0,#0x00,00142$
      0002EF 08               [12] 1459 	inc	r0
      0002F0 06               [12] 1460 	inc	@r0
      0002F1                       1461 00142$:
      0002F1 80 B2            [24] 1462 	sjmp	00107$
      0002F3                       1463 00109$:
                                   1464 ;	C:\Users\tonyp\Downloads\ch552-turbo-fan-ctrl\src\usb_protocol.c:71: return sign * v;
      0002F3 C0 02            [24] 1465 	push	ar2
      0002F5 C0 04            [24] 1466 	push	ar4
      0002F7 E5*00            [12] 1467 	mov	a,_bp
      0002F9 24 04            [12] 1468 	add	a,#0x04
      0002FB F8               [12] 1469 	mov	r0,a
      0002FC 86 82            [24] 1470 	mov	dpl,@r0
      0002FE 08               [12] 1471 	inc	r0
      0002FF 86 83            [24] 1472 	mov	dph,@r0
      000301 12r00r00         [24] 1473 	lcall	__mulint
      000304 AE 82            [24] 1474 	mov	r6,dpl
      000306 AF 83            [24] 1475 	mov	r7,dph
      000308 15 81            [12] 1476 	dec	sp
      00030A 15 81            [12] 1477 	dec	sp
      00030C 8E 82            [24] 1478 	mov	dpl,r6
      00030E 8F 83            [24] 1479 	mov	dph,r7
                                   1480 ;	C:\Users\tonyp\Downloads\ch552-turbo-fan-ctrl\src\usb_protocol.c:72: }
      000310 85*00 81         [24] 1481 	mov	sp,_bp
      000313 D0*00            [24] 1482 	pop	_bp
      000315 22               [24] 1483 	ret
                                   1484 ;------------------------------------------------------------
                                   1485 ;Allocation info for local variables in function 'usb_parse_float'
                                   1486 ;------------------------------------------------------------
                                   1487 ;s                         Allocated to registers 
                                   1488 ;sign                      Allocated to registers r3 r2 
                                   1489 ;int_part                  Allocated to stack - _bp +12
                                   1490 ;frac_part                 Allocated to stack - _bp +16
                                   1491 ;frac_scale                Allocated to stack - _bp +20
                                   1492 ;sloc0                     Allocated to stack - _bp +5
                                   1493 ;sloc1                     Allocated to stack - _bp +8
                                   1494 ;sloc2                     Allocated to stack - _bp +1
                                   1495 ;------------------------------------------------------------
                                   1496 ;	C:\Users\tonyp\Downloads\ch552-turbo-fan-ctrl\src\usb_protocol.c:74: static float usb_parse_float(const char* s) SDCC_REENTRANT {
                                   1497 ;	-----------------------------------------
                                   1498 ;	 function usb_parse_float
                                   1499 ;	-----------------------------------------
      000316                       1500 _usb_parse_float:
      000316 C0*00            [24] 1501 	push	_bp
      000318 E5 81            [12] 1502 	mov	a,sp
      00031A F5*00            [12] 1503 	mov	_bp,a
      00031C 24 17            [12] 1504 	add	a,#0x17
      00031E F5 81            [12] 1505 	mov	sp,a
      000320 AC 82            [24] 1506 	mov	r4,dpl
      000322 AE 83            [24] 1507 	mov	r6,dph
      000324 AF F0            [24] 1508 	mov	r7,b
                                   1509 ;	C:\Users\tonyp\Downloads\ch552-turbo-fan-ctrl\src\usb_protocol.c:75: int sign = 1;
      000326 7B 01            [12] 1510 	mov	r3,#0x01
      000328 7A 00            [12] 1511 	mov	r2,#0x00
                                   1512 ;	C:\Users\tonyp\Downloads\ch552-turbo-fan-ctrl\src\usb_protocol.c:76: float int_part = 0.0f;
      00032A E5*00            [12] 1513 	mov	a,_bp
      00032C 24 0C            [12] 1514 	add	a,#0x0c
      00032E F8               [12] 1515 	mov	r0,a
      00032F E4               [12] 1516 	clr	a
      000330 F6               [12] 1517 	mov	@r0,a
      000331 08               [12] 1518 	inc	r0
      000332 F6               [12] 1519 	mov	@r0,a
      000333 08               [12] 1520 	inc	r0
      000334 F6               [12] 1521 	mov	@r0,a
      000335 08               [12] 1522 	inc	r0
      000336 F6               [12] 1523 	mov	@r0,a
                                   1524 ;	C:\Users\tonyp\Downloads\ch552-turbo-fan-ctrl\src\usb_protocol.c:77: float frac_part = 0.0f;
      000337 E5*00            [12] 1525 	mov	a,_bp
      000339 24 10            [12] 1526 	add	a,#0x10
      00033B F8               [12] 1527 	mov	r0,a
      00033C E4               [12] 1528 	clr	a
      00033D F6               [12] 1529 	mov	@r0,a
      00033E 08               [12] 1530 	inc	r0
      00033F F6               [12] 1531 	mov	@r0,a
      000340 08               [12] 1532 	inc	r0
      000341 F6               [12] 1533 	mov	@r0,a
      000342 08               [12] 1534 	inc	r0
      000343 F6               [12] 1535 	mov	@r0,a
                                   1536 ;	C:\Users\tonyp\Downloads\ch552-turbo-fan-ctrl\src\usb_protocol.c:78: float frac_scale = 1.0f;
      000344 E5*00            [12] 1537 	mov	a,_bp
      000346 24 14            [12] 1538 	add	a,#0x14
      000348 F8               [12] 1539 	mov	r0,a
      000349 E4               [12] 1540 	clr	a
      00034A F6               [12] 1541 	mov	@r0,a
      00034B 08               [12] 1542 	inc	r0
      00034C F6               [12] 1543 	mov	@r0,a
      00034D 08               [12] 1544 	inc	r0
      00034E 76 80            [12] 1545 	mov	@r0,#0x80
      000350 08               [12] 1546 	inc	r0
      000351 76 3F            [12] 1547 	mov	@r0,#0x3f
                                   1548 ;	C:\Users\tonyp\Downloads\ch552-turbo-fan-ctrl\src\usb_protocol.c:80: if (*s == '-') {
      000353 8C 82            [24] 1549 	mov	dpl,r4
      000355 8E 83            [24] 1550 	mov	dph,r6
      000357 8F F0            [24] 1551 	mov	b,r7
      000359 12r00r00         [24] 1552 	lcall	__gptrget
      00035C FD               [12] 1553 	mov	r5,a
      00035D BD 2D 0B         [24] 1554 	cjne	r5,#0x2d,00104$
                                   1555 ;	C:\Users\tonyp\Downloads\ch552-turbo-fan-ctrl\src\usb_protocol.c:81: sign = -1;
      000360 7B FF            [12] 1556 	mov	r3,#0xff
      000362 7A FF            [12] 1557 	mov	r2,#0xff
                                   1558 ;	C:\Users\tonyp\Downloads\ch552-turbo-fan-ctrl\src\usb_protocol.c:82: s++;
      000364 0C               [12] 1559 	inc	r4
      000365 BC 00 0B         [24] 1560 	cjne	r4,#0x00,00122$
      000368 0E               [12] 1561 	inc	r6
      000369 80 08            [24] 1562 	sjmp	00122$
      00036B                       1563 00104$:
                                   1564 ;	C:\Users\tonyp\Downloads\ch552-turbo-fan-ctrl\src\usb_protocol.c:83: } else if (*s == '+') {
      00036B BD 2B 05         [24] 1565 	cjne	r5,#0x2b,00122$
                                   1566 ;	C:\Users\tonyp\Downloads\ch552-turbo-fan-ctrl\src\usb_protocol.c:84: s++;
      00036E 0C               [12] 1567 	inc	r4
      00036F BC 00 01         [24] 1568 	cjne	r4,#0x00,00170$
      000372 0E               [12] 1569 	inc	r6
      000373                       1570 00170$:
                                   1571 ;	C:\Users\tonyp\Downloads\ch552-turbo-fan-ctrl\src\usb_protocol.c:87: while (*s >= '0' && *s <= '9') {
      000373                       1572 00122$:
      000373 E5*00            [12] 1573 	mov	a,_bp
      000375 24 05            [12] 1574 	add	a,#0x05
      000377 F8               [12] 1575 	mov	r0,a
      000378 A6 04            [24] 1576 	mov	@r0,ar4
      00037A 08               [12] 1577 	inc	r0
      00037B A6 06            [24] 1578 	mov	@r0,ar6
      00037D 08               [12] 1579 	inc	r0
      00037E A6 07            [24] 1580 	mov	@r0,ar7
      000380                       1581 00107$:
      000380 E5*00            [12] 1582 	mov	a,_bp
      000382 24 05            [12] 1583 	add	a,#0x05
      000384 F8               [12] 1584 	mov	r0,a
      000385 86 82            [24] 1585 	mov	dpl,@r0
      000387 08               [12] 1586 	inc	r0
      000388 86 83            [24] 1587 	mov	dph,@r0
      00038A 08               [12] 1588 	inc	r0
      00038B 86 F0            [24] 1589 	mov	b,@r0
      00038D 12r00r00         [24] 1590 	lcall	__gptrget
      000390 FE               [12] 1591 	mov	r6,a
      000391 BE 30 00         [24] 1592 	cjne	r6,#0x30,00171$
      000394                       1593 00171$:
      000394 50 03            [24] 1594 	jnc	00172$
      000396 02r04r47         [24] 1595 	ljmp	00109$
      000399                       1596 00172$:
      000399 EE               [12] 1597 	mov	a,r6
      00039A 24 C6            [12] 1598 	add	a,#0xff - 0x39
      00039C 50 03            [24] 1599 	jnc	00173$
      00039E 02r04r47         [24] 1600 	ljmp	00109$
      0003A1                       1601 00173$:
                                   1602 ;	C:\Users\tonyp\Downloads\ch552-turbo-fan-ctrl\src\usb_protocol.c:88: int_part = int_part * 10.0f + (float)(*s - '0');
      0003A1 C0 06            [24] 1603 	push	ar6
      0003A3 C0 03            [24] 1604 	push	ar3
      0003A5 C0 02            [24] 1605 	push	ar2
      0003A7 E5*00            [12] 1606 	mov	a,_bp
      0003A9 24 0C            [12] 1607 	add	a,#0x0c
      0003AB F8               [12] 1608 	mov	r0,a
      0003AC E6               [12] 1609 	mov	a,@r0
      0003AD C0 E0            [24] 1610 	push	acc
      0003AF 08               [12] 1611 	inc	r0
      0003B0 E6               [12] 1612 	mov	a,@r0
      0003B1 C0 E0            [24] 1613 	push	acc
      0003B3 08               [12] 1614 	inc	r0
      0003B4 E6               [12] 1615 	mov	a,@r0
      0003B5 C0 E0            [24] 1616 	push	acc
      0003B7 08               [12] 1617 	inc	r0
      0003B8 E6               [12] 1618 	mov	a,@r0
      0003B9 C0 E0            [24] 1619 	push	acc
      0003BB 90 00 00         [24] 1620 	mov	dptr,#0x0000
      0003BE 75 F0 20         [24] 1621 	mov	b,#0x20
      0003C1 74 41            [12] 1622 	mov	a,#0x41
      0003C3 12r00r00         [24] 1623 	lcall	___fsmul
      0003C6 C8               [12] 1624 	xch	a,r0
      0003C7 E5*00            [12] 1625 	mov	a,_bp
      0003C9 24 08            [12] 1626 	add	a,#0x08
      0003CB C8               [12] 1627 	xch	a,r0
      0003CC A6 82            [24] 1628 	mov	@r0,dpl
      0003CE 08               [12] 1629 	inc	r0
      0003CF A6 83            [24] 1630 	mov	@r0,dph
      0003D1 08               [12] 1631 	inc	r0
      0003D2 A6 F0            [24] 1632 	mov	@r0,b
      0003D4 08               [12] 1633 	inc	r0
      0003D5 F6               [12] 1634 	mov	@r0,a
      0003D6 E5 81            [12] 1635 	mov	a,sp
      0003D8 24 FC            [12] 1636 	add	a,#0xfc
      0003DA F5 81            [12] 1637 	mov	sp,a
      0003DC D0 02            [24] 1638 	pop	ar2
      0003DE D0 03            [24] 1639 	pop	ar3
      0003E0 D0 06            [24] 1640 	pop	ar6
      0003E2 7C 00            [12] 1641 	mov	r4,#0x00
      0003E4 EE               [12] 1642 	mov	a,r6
      0003E5 24 D0            [12] 1643 	add	a,#0xd0
      0003E7 FE               [12] 1644 	mov	r6,a
      0003E8 EC               [12] 1645 	mov	a,r4
      0003E9 34 FF            [12] 1646 	addc	a,#0xff
      0003EB FC               [12] 1647 	mov	r4,a
      0003EC 8E 82            [24] 1648 	mov	dpl,r6
      0003EE 8C 83            [24] 1649 	mov	dph,r4
      0003F0 C0 03            [24] 1650 	push	ar3
      0003F2 C0 02            [24] 1651 	push	ar2
      0003F4 12r00r00         [24] 1652 	lcall	___sint2fs
      0003F7 AC 82            [24] 1653 	mov	r4,dpl
      0003F9 AD 83            [24] 1654 	mov	r5,dph
      0003FB AE F0            [24] 1655 	mov	r6,b
      0003FD FF               [12] 1656 	mov	r7,a
      0003FE C0 04            [24] 1657 	push	ar4
      000400 C0 05            [24] 1658 	push	ar5
      000402 C0 06            [24] 1659 	push	ar6
      000404 C0 07            [24] 1660 	push	ar7
      000406 E5*00            [12] 1661 	mov	a,_bp
      000408 24 08            [12] 1662 	add	a,#0x08
      00040A F8               [12] 1663 	mov	r0,a
      00040B 86 82            [24] 1664 	mov	dpl,@r0
      00040D 08               [12] 1665 	inc	r0
      00040E 86 83            [24] 1666 	mov	dph,@r0
      000410 08               [12] 1667 	inc	r0
      000411 86 F0            [24] 1668 	mov	b,@r0
      000413 08               [12] 1669 	inc	r0
      000414 E6               [12] 1670 	mov	a,@r0
      000415 12r00r00         [24] 1671 	lcall	___fsadd
      000418 AE 82            [24] 1672 	mov	r6,dpl
      00041A AD 83            [24] 1673 	mov	r5,dph
      00041C AC F0            [24] 1674 	mov	r4,b
      00041E FF               [12] 1675 	mov	r7,a
      00041F E5 81            [12] 1676 	mov	a,sp
      000421 24 FC            [12] 1677 	add	a,#0xfc
      000423 F5 81            [12] 1678 	mov	sp,a
      000425 D0 02            [24] 1679 	pop	ar2
      000427 D0 03            [24] 1680 	pop	ar3
      000429 E5*00            [12] 1681 	mov	a,_bp
      00042B 24 0C            [12] 1682 	add	a,#0x0c
      00042D F8               [12] 1683 	mov	r0,a
      00042E A6 06            [24] 1684 	mov	@r0,ar6
      000430 08               [12] 1685 	inc	r0
      000431 A6 05            [24] 1686 	mov	@r0,ar5
      000433 08               [12] 1687 	inc	r0
      000434 A6 04            [24] 1688 	mov	@r0,ar4
      000436 08               [12] 1689 	inc	r0
      000437 A6 07            [24] 1690 	mov	@r0,ar7
                                   1691 ;	C:\Users\tonyp\Downloads\ch552-turbo-fan-ctrl\src\usb_protocol.c:89: s++;
      000439 E5*00            [12] 1692 	mov	a,_bp
      00043B 24 05            [12] 1693 	add	a,#0x05
      00043D F8               [12] 1694 	mov	r0,a
      00043E 06               [12] 1695 	inc	@r0
      00043F B6 00 02         [24] 1696 	cjne	@r0,#0x00,00174$
      000442 08               [12] 1697 	inc	r0
      000443 06               [12] 1698 	inc	@r0
      000444                       1699 00174$:
      000444 02r03r80         [24] 1700 	ljmp	00107$
      000447                       1701 00109$:
                                   1702 ;	C:\Users\tonyp\Downloads\ch552-turbo-fan-ctrl\src\usb_protocol.c:92: if (*s == '.') {
      000447 E5*00            [12] 1703 	mov	a,_bp
      000449 24 05            [12] 1704 	add	a,#0x05
      00044B F8               [12] 1705 	mov	r0,a
      00044C 86 82            [24] 1706 	mov	dpl,@r0
      00044E 08               [12] 1707 	inc	r0
      00044F 86 83            [24] 1708 	mov	dph,@r0
      000451 08               [12] 1709 	inc	r0
      000452 86 F0            [24] 1710 	mov	b,@r0
      000454 12r00r00         [24] 1711 	lcall	__gptrget
      000457 FF               [12] 1712 	mov	r7,a
      000458 BF 2E 02         [24] 1713 	cjne	r7,#0x2e,00175$
      00045B 80 03            [24] 1714 	sjmp	00176$
      00045D                       1715 00175$:
      00045D 02r05r75         [24] 1716 	ljmp	00115$
      000460                       1717 00176$:
                                   1718 ;	C:\Users\tonyp\Downloads\ch552-turbo-fan-ctrl\src\usb_protocol.c:93: s++;
      000460 E5*00            [12] 1719 	mov	a,_bp
      000462 24 05            [12] 1720 	add	a,#0x05
      000464 F8               [12] 1721 	mov	r0,a
      000465 E5*00            [12] 1722 	mov	a,_bp
      000467 24 08            [12] 1723 	add	a,#0x08
      000469 F9               [12] 1724 	mov	r1,a
      00046A 74 01            [12] 1725 	mov	a,#0x01
      00046C 26               [12] 1726 	add	a,@r0
      00046D F7               [12] 1727 	mov	@r1,a
      00046E E4               [12] 1728 	clr	a
      00046F 08               [12] 1729 	inc	r0
      000470 36               [12] 1730 	addc	a,@r0
      000471 09               [12] 1731 	inc	r1
      000472 F7               [12] 1732 	mov	@r1,a
      000473 08               [12] 1733 	inc	r0
      000474 E6               [12] 1734 	mov	a,@r0
      000475 09               [12] 1735 	inc	r1
      000476 F7               [12] 1736 	mov	@r1,a
                                   1737 ;	C:\Users\tonyp\Downloads\ch552-turbo-fan-ctrl\src\usb_protocol.c:94: while (*s >= '0' && *s <= '9') {
      000477                       1738 00111$:
      000477 E5*00            [12] 1739 	mov	a,_bp
      000479 24 08            [12] 1740 	add	a,#0x08
      00047B F8               [12] 1741 	mov	r0,a
      00047C 86 82            [24] 1742 	mov	dpl,@r0
      00047E 08               [12] 1743 	inc	r0
      00047F 86 83            [24] 1744 	mov	dph,@r0
      000481 08               [12] 1745 	inc	r0
      000482 86 F0            [24] 1746 	mov	b,@r0
      000484 12r00r00         [24] 1747 	lcall	__gptrget
      000487 FC               [12] 1748 	mov	r4,a
      000488 BC 30 00         [24] 1749 	cjne	r4,#0x30,00177$
      00048B                       1750 00177$:
      00048B 50 03            [24] 1751 	jnc	00178$
      00048D 02r05r75         [24] 1752 	ljmp	00115$
      000490                       1753 00178$:
      000490 EC               [12] 1754 	mov	a,r4
      000491 24 C6            [12] 1755 	add	a,#0xff - 0x39
      000493 50 03            [24] 1756 	jnc	00179$
      000495 02r05r75         [24] 1757 	ljmp	00115$
      000498                       1758 00179$:
                                   1759 ;	C:\Users\tonyp\Downloads\ch552-turbo-fan-ctrl\src\usb_protocol.c:95: frac_part = frac_part * 10.0f + (float)(*s - '0');
      000498 C0 04            [24] 1760 	push	ar4
      00049A C0 03            [24] 1761 	push	ar3
      00049C C0 02            [24] 1762 	push	ar2
      00049E E5*00            [12] 1763 	mov	a,_bp
      0004A0 24 10            [12] 1764 	add	a,#0x10
      0004A2 F8               [12] 1765 	mov	r0,a
      0004A3 E6               [12] 1766 	mov	a,@r0
      0004A4 C0 E0            [24] 1767 	push	acc
      0004A6 08               [12] 1768 	inc	r0
      0004A7 E6               [12] 1769 	mov	a,@r0
      0004A8 C0 E0            [24] 1770 	push	acc
      0004AA 08               [12] 1771 	inc	r0
      0004AB E6               [12] 1772 	mov	a,@r0
      0004AC C0 E0            [24] 1773 	push	acc
      0004AE 08               [12] 1774 	inc	r0
      0004AF E6               [12] 1775 	mov	a,@r0
      0004B0 C0 E0            [24] 1776 	push	acc
      0004B2 90 00 00         [24] 1777 	mov	dptr,#0x0000
      0004B5 75 F0 20         [24] 1778 	mov	b,#0x20
      0004B8 74 41            [12] 1779 	mov	a,#0x41
      0004BA 12r00r00         [24] 1780 	lcall	___fsmul
      0004BD A8*00            [24] 1781 	mov	r0,_bp
      0004BF 08               [12] 1782 	inc	r0
      0004C0 A6 82            [24] 1783 	mov	@r0,dpl
      0004C2 08               [12] 1784 	inc	r0
      0004C3 A6 83            [24] 1785 	mov	@r0,dph
      0004C5 08               [12] 1786 	inc	r0
      0004C6 A6 F0            [24] 1787 	mov	@r0,b
      0004C8 08               [12] 1788 	inc	r0
      0004C9 F6               [12] 1789 	mov	@r0,a
      0004CA E5 81            [12] 1790 	mov	a,sp
      0004CC 24 FC            [12] 1791 	add	a,#0xfc
      0004CE F5 81            [12] 1792 	mov	sp,a
      0004D0 D0 02            [24] 1793 	pop	ar2
      0004D2 D0 03            [24] 1794 	pop	ar3
      0004D4 D0 04            [24] 1795 	pop	ar4
      0004D6 7D 00            [12] 1796 	mov	r5,#0x00
      0004D8 EC               [12] 1797 	mov	a,r4
      0004D9 24 D0            [12] 1798 	add	a,#0xd0
      0004DB FC               [12] 1799 	mov	r4,a
      0004DC ED               [12] 1800 	mov	a,r5
      0004DD 34 FF            [12] 1801 	addc	a,#0xff
      0004DF FD               [12] 1802 	mov	r5,a
      0004E0 8C 82            [24] 1803 	mov	dpl,r4
      0004E2 8D 83            [24] 1804 	mov	dph,r5
      0004E4 C0 03            [24] 1805 	push	ar3
      0004E6 C0 02            [24] 1806 	push	ar2
      0004E8 12r00r00         [24] 1807 	lcall	___sint2fs
      0004EB AC 82            [24] 1808 	mov	r4,dpl
      0004ED AD 83            [24] 1809 	mov	r5,dph
      0004EF AE F0            [24] 1810 	mov	r6,b
      0004F1 FF               [12] 1811 	mov	r7,a
      0004F2 C0 04            [24] 1812 	push	ar4
      0004F4 C0 05            [24] 1813 	push	ar5
      0004F6 C0 06            [24] 1814 	push	ar6
      0004F8 C0 07            [24] 1815 	push	ar7
      0004FA A8*00            [24] 1816 	mov	r0,_bp
      0004FC 08               [12] 1817 	inc	r0
      0004FD 86 82            [24] 1818 	mov	dpl,@r0
      0004FF 08               [12] 1819 	inc	r0
      000500 86 83            [24] 1820 	mov	dph,@r0
      000502 08               [12] 1821 	inc	r0
      000503 86 F0            [24] 1822 	mov	b,@r0
      000505 08               [12] 1823 	inc	r0
      000506 E6               [12] 1824 	mov	a,@r0
      000507 12r00r00         [24] 1825 	lcall	___fsadd
      00050A AC 82            [24] 1826 	mov	r4,dpl
      00050C AD 83            [24] 1827 	mov	r5,dph
      00050E AE F0            [24] 1828 	mov	r6,b
      000510 FF               [12] 1829 	mov	r7,a
      000511 E5 81            [12] 1830 	mov	a,sp
      000513 24 FC            [12] 1831 	add	a,#0xfc
      000515 F5 81            [12] 1832 	mov	sp,a
      000517 E5*00            [12] 1833 	mov	a,_bp
      000519 24 10            [12] 1834 	add	a,#0x10
      00051B F8               [12] 1835 	mov	r0,a
      00051C A6 04            [24] 1836 	mov	@r0,ar4
      00051E 08               [12] 1837 	inc	r0
      00051F A6 05            [24] 1838 	mov	@r0,ar5
      000521 08               [12] 1839 	inc	r0
      000522 A6 06            [24] 1840 	mov	@r0,ar6
      000524 08               [12] 1841 	inc	r0
      000525 A6 07            [24] 1842 	mov	@r0,ar7
                                   1843 ;	C:\Users\tonyp\Downloads\ch552-turbo-fan-ctrl\src\usb_protocol.c:96: frac_scale *= 10.0f;
      000527 E5*00            [12] 1844 	mov	a,_bp
      000529 24 14            [12] 1845 	add	a,#0x14
      00052B F8               [12] 1846 	mov	r0,a
      00052C E6               [12] 1847 	mov	a,@r0
      00052D C0 E0            [24] 1848 	push	acc
      00052F 08               [12] 1849 	inc	r0
      000530 E6               [12] 1850 	mov	a,@r0
      000531 C0 E0            [24] 1851 	push	acc
      000533 08               [12] 1852 	inc	r0
      000534 E6               [12] 1853 	mov	a,@r0
      000535 C0 E0            [24] 1854 	push	acc
      000537 08               [12] 1855 	inc	r0
      000538 E6               [12] 1856 	mov	a,@r0
      000539 C0 E0            [24] 1857 	push	acc
      00053B 90 00 00         [24] 1858 	mov	dptr,#0x0000
      00053E 75 F0 20         [24] 1859 	mov	b,#0x20
      000541 74 41            [12] 1860 	mov	a,#0x41
      000543 12r00r00         [24] 1861 	lcall	___fsmul
      000546 AC 82            [24] 1862 	mov	r4,dpl
      000548 AD 83            [24] 1863 	mov	r5,dph
      00054A AE F0            [24] 1864 	mov	r6,b
      00054C FF               [12] 1865 	mov	r7,a
      00054D E5 81            [12] 1866 	mov	a,sp
      00054F 24 FC            [12] 1867 	add	a,#0xfc
      000551 F5 81            [12] 1868 	mov	sp,a
      000553 D0 02            [24] 1869 	pop	ar2
      000555 D0 03            [24] 1870 	pop	ar3
      000557 E5*00            [12] 1871 	mov	a,_bp
      000559 24 14            [12] 1872 	add	a,#0x14
      00055B F8               [12] 1873 	mov	r0,a
      00055C A6 04            [24] 1874 	mov	@r0,ar4
      00055E 08               [12] 1875 	inc	r0
      00055F A6 05            [24] 1876 	mov	@r0,ar5
      000561 08               [12] 1877 	inc	r0
      000562 A6 06            [24] 1878 	mov	@r0,ar6
      000564 08               [12] 1879 	inc	r0
      000565 A6 07            [24] 1880 	mov	@r0,ar7
                                   1881 ;	C:\Users\tonyp\Downloads\ch552-turbo-fan-ctrl\src\usb_protocol.c:97: s++;
      000567 E5*00            [12] 1882 	mov	a,_bp
      000569 24 08            [12] 1883 	add	a,#0x08
      00056B F8               [12] 1884 	mov	r0,a
      00056C 06               [12] 1885 	inc	@r0
      00056D B6 00 02         [24] 1886 	cjne	@r0,#0x00,00180$
      000570 08               [12] 1887 	inc	r0
      000571 06               [12] 1888 	inc	@r0
      000572                       1889 00180$:
      000572 02r04r77         [24] 1890 	ljmp	00111$
      000575                       1891 00115$:
                                   1892 ;	C:\Users\tonyp\Downloads\ch552-turbo-fan-ctrl\src\usb_protocol.c:101: return (float)sign * (int_part + frac_part / frac_scale);
      000575 8B 82            [24] 1893 	mov	dpl,r3
      000577 8A 83            [24] 1894 	mov	dph,r2
      000579 12r00r00         [24] 1895 	lcall	___sint2fs
      00057C A8*00            [24] 1896 	mov	r0,_bp
      00057E 08               [12] 1897 	inc	r0
      00057F A6 82            [24] 1898 	mov	@r0,dpl
      000581 08               [12] 1899 	inc	r0
      000582 A6 83            [24] 1900 	mov	@r0,dph
      000584 08               [12] 1901 	inc	r0
      000585 A6 F0            [24] 1902 	mov	@r0,b
      000587 08               [12] 1903 	inc	r0
      000588 F6               [12] 1904 	mov	@r0,a
      000589 E5*00            [12] 1905 	mov	a,_bp
      00058B 24 14            [12] 1906 	add	a,#0x14
      00058D F8               [12] 1907 	mov	r0,a
      00058E E6               [12] 1908 	mov	a,@r0
      00058F C0 E0            [24] 1909 	push	acc
      000591 08               [12] 1910 	inc	r0
      000592 E6               [12] 1911 	mov	a,@r0
      000593 C0 E0            [24] 1912 	push	acc
      000595 08               [12] 1913 	inc	r0
      000596 E6               [12] 1914 	mov	a,@r0
      000597 C0 E0            [24] 1915 	push	acc
      000599 08               [12] 1916 	inc	r0
      00059A E6               [12] 1917 	mov	a,@r0
      00059B C0 E0            [24] 1918 	push	acc
      00059D E5*00            [12] 1919 	mov	a,_bp
      00059F 24 10            [12] 1920 	add	a,#0x10
      0005A1 F8               [12] 1921 	mov	r0,a
      0005A2 86 82            [24] 1922 	mov	dpl,@r0
      0005A4 08               [12] 1923 	inc	r0
      0005A5 86 83            [24] 1924 	mov	dph,@r0
      0005A7 08               [12] 1925 	inc	r0
      0005A8 86 F0            [24] 1926 	mov	b,@r0
      0005AA 08               [12] 1927 	inc	r0
      0005AB E6               [12] 1928 	mov	a,@r0
      0005AC 12r00r00         [24] 1929 	lcall	___fsdiv
      0005AF AA 82            [24] 1930 	mov	r2,dpl
      0005B1 AB 83            [24] 1931 	mov	r3,dph
      0005B3 AE F0            [24] 1932 	mov	r6,b
      0005B5 FF               [12] 1933 	mov	r7,a
      0005B6 E5 81            [12] 1934 	mov	a,sp
      0005B8 24 FC            [12] 1935 	add	a,#0xfc
      0005BA F5 81            [12] 1936 	mov	sp,a
      0005BC C0 02            [24] 1937 	push	ar2
      0005BE C0 03            [24] 1938 	push	ar3
      0005C0 C0 06            [24] 1939 	push	ar6
      0005C2 C0 07            [24] 1940 	push	ar7
      0005C4 E5*00            [12] 1941 	mov	a,_bp
      0005C6 24 0C            [12] 1942 	add	a,#0x0c
      0005C8 F8               [12] 1943 	mov	r0,a
      0005C9 86 82            [24] 1944 	mov	dpl,@r0
      0005CB 08               [12] 1945 	inc	r0
      0005CC 86 83            [24] 1946 	mov	dph,@r0
      0005CE 08               [12] 1947 	inc	r0
      0005CF 86 F0            [24] 1948 	mov	b,@r0
      0005D1 08               [12] 1949 	inc	r0
      0005D2 E6               [12] 1950 	mov	a,@r0
      0005D3 12r00r00         [24] 1951 	lcall	___fsadd
      0005D6 AC 82            [24] 1952 	mov	r4,dpl
      0005D8 AD 83            [24] 1953 	mov	r5,dph
      0005DA AE F0            [24] 1954 	mov	r6,b
      0005DC FF               [12] 1955 	mov	r7,a
      0005DD E5 81            [12] 1956 	mov	a,sp
      0005DF 24 FC            [12] 1957 	add	a,#0xfc
      0005E1 F5 81            [12] 1958 	mov	sp,a
      0005E3 C0 04            [24] 1959 	push	ar4
      0005E5 C0 05            [24] 1960 	push	ar5
      0005E7 C0 06            [24] 1961 	push	ar6
      0005E9 C0 07            [24] 1962 	push	ar7
      0005EB A8*00            [24] 1963 	mov	r0,_bp
      0005ED 08               [12] 1964 	inc	r0
      0005EE 86 82            [24] 1965 	mov	dpl,@r0
      0005F0 08               [12] 1966 	inc	r0
      0005F1 86 83            [24] 1967 	mov	dph,@r0
      0005F3 08               [12] 1968 	inc	r0
      0005F4 86 F0            [24] 1969 	mov	b,@r0
      0005F6 08               [12] 1970 	inc	r0
      0005F7 E6               [12] 1971 	mov	a,@r0
      0005F8 12r00r00         [24] 1972 	lcall	___fsmul
      0005FB AC 82            [24] 1973 	mov	r4,dpl
      0005FD AD 83            [24] 1974 	mov	r5,dph
      0005FF AE F0            [24] 1975 	mov	r6,b
      000601 FF               [12] 1976 	mov	r7,a
      000602 E5 81            [12] 1977 	mov	a,sp
      000604 24 FC            [12] 1978 	add	a,#0xfc
      000606 F5 81            [12] 1979 	mov	sp,a
      000608 8C 82            [24] 1980 	mov	dpl,r4
      00060A 8D 83            [24] 1981 	mov	dph,r5
      00060C 8E F0            [24] 1982 	mov	b,r6
      00060E EF               [12] 1983 	mov	a,r7
                                   1984 ;	C:\Users\tonyp\Downloads\ch552-turbo-fan-ctrl\src\usb_protocol.c:102: }
      00060F 85*00 81         [24] 1985 	mov	sp,_bp
      000612 D0*00            [24] 1986 	pop	_bp
      000614 22               [24] 1987 	ret
                                   1988 ;------------------------------------------------------------
                                   1989 ;Allocation info for local variables in function 'usb_set_connected'
                                   1990 ;------------------------------------------------------------
                                   1991 ;uc                        Allocated with name '_usb_set_connected_uc_65536_216'
                                   1992 ;------------------------------------------------------------
                                   1993 ;	C:\Users\tonyp\Downloads\ch552-turbo-fan-ctrl\src\usb_protocol.c:104: static void usb_set_connected(USBController* uc) {
                                   1994 ;	-----------------------------------------
                                   1995 ;	 function usb_set_connected
                                   1996 ;	-----------------------------------------
      000615                       1997 _usb_set_connected:
      000615 AF F0            [24] 1998 	mov	r7,b
      000617 AE 83            [24] 1999 	mov	r6,dph
      000619 E5 82            [12] 2000 	mov	a,dpl
      00061B 90r00r00         [24] 2001 	mov	dptr,#_usb_set_connected_uc_65536_216
      00061E F0               [24] 2002 	movx	@dptr,a
      00061F EE               [12] 2003 	mov	a,r6
      000620 A3               [24] 2004 	inc	dptr
      000621 F0               [24] 2005 	movx	@dptr,a
      000622 EF               [12] 2006 	mov	a,r7
      000623 A3               [24] 2007 	inc	dptr
      000624 F0               [24] 2008 	movx	@dptr,a
                                   2009 ;	C:\Users\tonyp\Downloads\ch552-turbo-fan-ctrl\src\usb_protocol.c:105: uc->is_connected = true;
      000625 90r00r00         [24] 2010 	mov	dptr,#_usb_set_connected_uc_65536_216
      000628 E0               [24] 2011 	movx	a,@dptr
      000629 FD               [12] 2012 	mov	r5,a
      00062A A3               [24] 2013 	inc	dptr
      00062B E0               [24] 2014 	movx	a,@dptr
      00062C FE               [12] 2015 	mov	r6,a
      00062D A3               [24] 2016 	inc	dptr
      00062E E0               [24] 2017 	movx	a,@dptr
      00062F FF               [12] 2018 	mov	r7,a
      000630 8D 82            [24] 2019 	mov	dpl,r5
      000632 8E 83            [24] 2020 	mov	dph,r6
      000634 8F F0            [24] 2021 	mov	b,r7
      000636 74 01            [12] 2022 	mov	a,#0x01
      000638 12r00r00         [24] 2023 	lcall	__gptrput
                                   2024 ;	C:\Users\tonyp\Downloads\ch552-turbo-fan-ctrl\src\usb_protocol.c:106: uc->pairing_state = PAIRING_DONE;
      00063B 2D               [12] 2025 	add	a,r5
      00063C FA               [12] 2026 	mov	r2,a
      00063D E4               [12] 2027 	clr	a
      00063E 3E               [12] 2028 	addc	a,r6
      00063F FB               [12] 2029 	mov	r3,a
      000640 8F 04            [24] 2030 	mov	ar4,r7
      000642 8A 82            [24] 2031 	mov	dpl,r2
      000644 8B 83            [24] 2032 	mov	dph,r3
      000646 8C F0            [24] 2033 	mov	b,r4
      000648 74 02            [12] 2034 	mov	a,#0x02
      00064A 12r00r00         [24] 2035 	lcall	__gptrput
                                   2036 ;	C:\Users\tonyp\Downloads\ch552-turbo-fan-ctrl\src\usb_protocol.c:107: uc->last_heartbeat = millis();
      00064D 2D               [12] 2037 	add	a,r5
      00064E FD               [12] 2038 	mov	r5,a
      00064F E4               [12] 2039 	clr	a
      000650 3E               [12] 2040 	addc	a,r6
      000651 FE               [12] 2041 	mov	r6,a
      000652 C0 07            [24] 2042 	push	ar7
      000654 C0 06            [24] 2043 	push	ar6
      000656 C0 05            [24] 2044 	push	ar5
      000658 12r00r00         [24] 2045 	lcall	_millis
      00065B A9 82            [24] 2046 	mov	r1,dpl
      00065D AA 83            [24] 2047 	mov	r2,dph
      00065F AB F0            [24] 2048 	mov	r3,b
      000661 FC               [12] 2049 	mov	r4,a
      000662 D0 05            [24] 2050 	pop	ar5
      000664 D0 06            [24] 2051 	pop	ar6
      000666 D0 07            [24] 2052 	pop	ar7
      000668 8D 82            [24] 2053 	mov	dpl,r5
      00066A 8E 83            [24] 2054 	mov	dph,r6
      00066C 8F F0            [24] 2055 	mov	b,r7
      00066E E9               [12] 2056 	mov	a,r1
      00066F 12r00r00         [24] 2057 	lcall	__gptrput
      000672 A3               [24] 2058 	inc	dptr
      000673 EA               [12] 2059 	mov	a,r2
      000674 12r00r00         [24] 2060 	lcall	__gptrput
      000677 A3               [24] 2061 	inc	dptr
      000678 EB               [12] 2062 	mov	a,r3
      000679 12r00r00         [24] 2063 	lcall	__gptrput
      00067C A3               [24] 2064 	inc	dptr
      00067D EC               [12] 2065 	mov	a,r4
                                   2066 ;	C:\Users\tonyp\Downloads\ch552-turbo-fan-ctrl\src\usb_protocol.c:108: }
      00067E 02r00r00         [24] 2067 	ljmp	__gptrput
                                   2068 ;------------------------------------------------------------
                                   2069 ;Allocation info for local variables in function 'usb_reply_ok_key_value'
                                   2070 ;------------------------------------------------------------
                                   2071 ;value                     Allocated with name '_usb_reply_ok_key_value_PARM_2'
                                   2072 ;key                       Allocated with name '_usb_reply_ok_key_value_key_65536_218'
                                   2073 ;------------------------------------------------------------
                                   2074 ;	C:\Users\tonyp\Downloads\ch552-turbo-fan-ctrl\src\usb_protocol.c:110: static void usb_reply_ok_key_value(const char* key, const char* value) {
                                   2075 ;	-----------------------------------------
                                   2076 ;	 function usb_reply_ok_key_value
                                   2077 ;	-----------------------------------------
      000681                       2078 _usb_reply_ok_key_value:
      000681 AF F0            [24] 2079 	mov	r7,b
      000683 AE 83            [24] 2080 	mov	r6,dph
      000685 E5 82            [12] 2081 	mov	a,dpl
      000687 90r00r06         [24] 2082 	mov	dptr,#_usb_reply_ok_key_value_key_65536_218
      00068A F0               [24] 2083 	movx	@dptr,a
      00068B EE               [12] 2084 	mov	a,r6
      00068C A3               [24] 2085 	inc	dptr
      00068D F0               [24] 2086 	movx	@dptr,a
      00068E EF               [12] 2087 	mov	a,r7
      00068F A3               [24] 2088 	inc	dptr
      000690 F0               [24] 2089 	movx	@dptr,a
                                   2090 ;	C:\Users\tonyp\Downloads\ch552-turbo-fan-ctrl\src\usb_protocol.c:111: serial_print_str("OK:");
      000691 90r00r00         [24] 2091 	mov	dptr,#___str_0
      000694 75 F0 80         [24] 2092 	mov	b,#0x80
      000697 12r00r00         [24] 2093 	lcall	_serial_print_str
                                   2094 ;	C:\Users\tonyp\Downloads\ch552-turbo-fan-ctrl\src\usb_protocol.c:112: serial_print_str(key);
      00069A 90r00r06         [24] 2095 	mov	dptr,#_usb_reply_ok_key_value_key_65536_218
      00069D E0               [24] 2096 	movx	a,@dptr
      00069E FD               [12] 2097 	mov	r5,a
      00069F A3               [24] 2098 	inc	dptr
      0006A0 E0               [24] 2099 	movx	a,@dptr
      0006A1 FE               [12] 2100 	mov	r6,a
      0006A2 A3               [24] 2101 	inc	dptr
      0006A3 E0               [24] 2102 	movx	a,@dptr
      0006A4 FF               [12] 2103 	mov	r7,a
      0006A5 8D 82            [24] 2104 	mov	dpl,r5
      0006A7 8E 83            [24] 2105 	mov	dph,r6
      0006A9 8F F0            [24] 2106 	mov	b,r7
      0006AB 12r00r00         [24] 2107 	lcall	_serial_print_str
                                   2108 ;	C:\Users\tonyp\Downloads\ch552-turbo-fan-ctrl\src\usb_protocol.c:113: if (value) {
      0006AE 90r00r03         [24] 2109 	mov	dptr,#_usb_reply_ok_key_value_PARM_2
      0006B1 E0               [24] 2110 	movx	a,@dptr
      0006B2 FD               [12] 2111 	mov	r5,a
      0006B3 A3               [24] 2112 	inc	dptr
      0006B4 E0               [24] 2113 	movx	a,@dptr
      0006B5 FE               [12] 2114 	mov	r6,a
      0006B6 A3               [24] 2115 	inc	dptr
      0006B7 E0               [24] 2116 	movx	a,@dptr
      0006B8 FF               [12] 2117 	mov	r7,a
      0006B9 90r00r03         [24] 2118 	mov	dptr,#_usb_reply_ok_key_value_PARM_2
      0006BC E0               [24] 2119 	movx	a,@dptr
      0006BD F5 F0            [12] 2120 	mov	b,a
      0006BF A3               [24] 2121 	inc	dptr
      0006C0 E0               [24] 2122 	movx	a,@dptr
      0006C1 45 F0            [12] 2123 	orl	a,b
      0006C3 60 1E            [24] 2124 	jz	00102$
                                   2125 ;	C:\Users\tonyp\Downloads\ch552-turbo-fan-ctrl\src\usb_protocol.c:114: serial_print_str("=");
      0006C5 90r00r04         [24] 2126 	mov	dptr,#___str_1
      0006C8 75 F0 80         [24] 2127 	mov	b,#0x80
      0006CB C0 07            [24] 2128 	push	ar7
      0006CD C0 06            [24] 2129 	push	ar6
      0006CF C0 05            [24] 2130 	push	ar5
      0006D1 12r00r00         [24] 2131 	lcall	_serial_print_str
      0006D4 D0 05            [24] 2132 	pop	ar5
      0006D6 D0 06            [24] 2133 	pop	ar6
      0006D8 D0 07            [24] 2134 	pop	ar7
                                   2135 ;	C:\Users\tonyp\Downloads\ch552-turbo-fan-ctrl\src\usb_protocol.c:115: serial_print_str(value);
      0006DA 8D 82            [24] 2136 	mov	dpl,r5
      0006DC 8E 83            [24] 2137 	mov	dph,r6
      0006DE 8F F0            [24] 2138 	mov	b,r7
      0006E0 12r00r00         [24] 2139 	lcall	_serial_print_str
      0006E3                       2140 00102$:
                                   2141 ;	C:\Users\tonyp\Downloads\ch552-turbo-fan-ctrl\src\usb_protocol.c:117: serial_println();
                                   2142 ;	C:\Users\tonyp\Downloads\ch552-turbo-fan-ctrl\src\usb_protocol.c:118: }
      0006E3 02r00r00         [24] 2143 	ljmp	_serial_println
                                   2144 ;------------------------------------------------------------
                                   2145 ;Allocation info for local variables in function 'usb_reply_ok_key_uint'
                                   2146 ;------------------------------------------------------------
                                   2147 ;value                     Allocated with name '_usb_reply_ok_key_uint_PARM_2'
                                   2148 ;key                       Allocated with name '_usb_reply_ok_key_uint_key_65536_221'
                                   2149 ;------------------------------------------------------------
                                   2150 ;	C:\Users\tonyp\Downloads\ch552-turbo-fan-ctrl\src\usb_protocol.c:120: static void usb_reply_ok_key_uint(const char* key, uint32_t value) {
                                   2151 ;	-----------------------------------------
                                   2152 ;	 function usb_reply_ok_key_uint
                                   2153 ;	-----------------------------------------
      0006E6                       2154 _usb_reply_ok_key_uint:
      0006E6 AF F0            [24] 2155 	mov	r7,b
      0006E8 AE 83            [24] 2156 	mov	r6,dph
      0006EA E5 82            [12] 2157 	mov	a,dpl
      0006EC 90r00r0D         [24] 2158 	mov	dptr,#_usb_reply_ok_key_uint_key_65536_221
      0006EF F0               [24] 2159 	movx	@dptr,a
      0006F0 EE               [12] 2160 	mov	a,r6
      0006F1 A3               [24] 2161 	inc	dptr
      0006F2 F0               [24] 2162 	movx	@dptr,a
      0006F3 EF               [12] 2163 	mov	a,r7
      0006F4 A3               [24] 2164 	inc	dptr
      0006F5 F0               [24] 2165 	movx	@dptr,a
                                   2166 ;	C:\Users\tonyp\Downloads\ch552-turbo-fan-ctrl\src\usb_protocol.c:121: serial_print_str("OK:");
      0006F6 90r00r00         [24] 2167 	mov	dptr,#___str_0
      0006F9 75 F0 80         [24] 2168 	mov	b,#0x80
      0006FC 12r00r00         [24] 2169 	lcall	_serial_print_str
                                   2170 ;	C:\Users\tonyp\Downloads\ch552-turbo-fan-ctrl\src\usb_protocol.c:122: serial_print_str(key);
      0006FF 90r00r0D         [24] 2171 	mov	dptr,#_usb_reply_ok_key_uint_key_65536_221
      000702 E0               [24] 2172 	movx	a,@dptr
      000703 FD               [12] 2173 	mov	r5,a
      000704 A3               [24] 2174 	inc	dptr
      000705 E0               [24] 2175 	movx	a,@dptr
      000706 FE               [12] 2176 	mov	r6,a
      000707 A3               [24] 2177 	inc	dptr
      000708 E0               [24] 2178 	movx	a,@dptr
      000709 FF               [12] 2179 	mov	r7,a
      00070A 8D 82            [24] 2180 	mov	dpl,r5
      00070C 8E 83            [24] 2181 	mov	dph,r6
      00070E 8F F0            [24] 2182 	mov	b,r7
      000710 12r00r00         [24] 2183 	lcall	_serial_print_str
                                   2184 ;	C:\Users\tonyp\Downloads\ch552-turbo-fan-ctrl\src\usb_protocol.c:123: serial_print_str("=");
      000713 90r00r04         [24] 2185 	mov	dptr,#___str_1
      000716 75 F0 80         [24] 2186 	mov	b,#0x80
      000719 12r00r00         [24] 2187 	lcall	_serial_print_str
                                   2188 ;	C:\Users\tonyp\Downloads\ch552-turbo-fan-ctrl\src\usb_protocol.c:124: serial_println_uint(value);
      00071C 90r00r09         [24] 2189 	mov	dptr,#_usb_reply_ok_key_uint_PARM_2
      00071F E0               [24] 2190 	movx	a,@dptr
      000720 FC               [12] 2191 	mov	r4,a
      000721 A3               [24] 2192 	inc	dptr
      000722 E0               [24] 2193 	movx	a,@dptr
      000723 FD               [12] 2194 	mov	r5,a
      000724 A3               [24] 2195 	inc	dptr
      000725 E0               [24] 2196 	movx	a,@dptr
      000726 FE               [12] 2197 	mov	r6,a
      000727 A3               [24] 2198 	inc	dptr
      000728 E0               [24] 2199 	movx	a,@dptr
      000729 8C 82            [24] 2200 	mov	dpl,r4
      00072B 8D 83            [24] 2201 	mov	dph,r5
      00072D 8E F0            [24] 2202 	mov	b,r6
                                   2203 ;	C:\Users\tonyp\Downloads\ch552-turbo-fan-ctrl\src\usb_protocol.c:125: }
      00072F 02r00r00         [24] 2204 	ljmp	_serial_println_uint
                                   2205 ;------------------------------------------------------------
                                   2206 ;Allocation info for local variables in function 'usb_reply_ok_key_float1'
                                   2207 ;------------------------------------------------------------
                                   2208 ;value                     Allocated with name '_usb_reply_ok_key_float1_PARM_2'
                                   2209 ;key                       Allocated with name '_usb_reply_ok_key_float1_key_65536_223'
                                   2210 ;------------------------------------------------------------
                                   2211 ;	C:\Users\tonyp\Downloads\ch552-turbo-fan-ctrl\src\usb_protocol.c:127: static void usb_reply_ok_key_float1(const char* key, float value) {
                                   2212 ;	-----------------------------------------
                                   2213 ;	 function usb_reply_ok_key_float1
                                   2214 ;	-----------------------------------------
      000732                       2215 _usb_reply_ok_key_float1:
      000732 AF F0            [24] 2216 	mov	r7,b
      000734 AE 83            [24] 2217 	mov	r6,dph
      000736 E5 82            [12] 2218 	mov	a,dpl
      000738 90r00r14         [24] 2219 	mov	dptr,#_usb_reply_ok_key_float1_key_65536_223
      00073B F0               [24] 2220 	movx	@dptr,a
      00073C EE               [12] 2221 	mov	a,r6
      00073D A3               [24] 2222 	inc	dptr
      00073E F0               [24] 2223 	movx	@dptr,a
      00073F EF               [12] 2224 	mov	a,r7
      000740 A3               [24] 2225 	inc	dptr
      000741 F0               [24] 2226 	movx	@dptr,a
                                   2227 ;	C:\Users\tonyp\Downloads\ch552-turbo-fan-ctrl\src\usb_protocol.c:128: serial_print_str("OK:");
      000742 90r00r00         [24] 2228 	mov	dptr,#___str_0
      000745 75 F0 80         [24] 2229 	mov	b,#0x80
      000748 12r00r00         [24] 2230 	lcall	_serial_print_str
                                   2231 ;	C:\Users\tonyp\Downloads\ch552-turbo-fan-ctrl\src\usb_protocol.c:129: serial_print_str(key);
      00074B 90r00r14         [24] 2232 	mov	dptr,#_usb_reply_ok_key_float1_key_65536_223
      00074E E0               [24] 2233 	movx	a,@dptr
      00074F FD               [12] 2234 	mov	r5,a
      000750 A3               [24] 2235 	inc	dptr
      000751 E0               [24] 2236 	movx	a,@dptr
      000752 FE               [12] 2237 	mov	r6,a
      000753 A3               [24] 2238 	inc	dptr
      000754 E0               [24] 2239 	movx	a,@dptr
      000755 FF               [12] 2240 	mov	r7,a
      000756 8D 82            [24] 2241 	mov	dpl,r5
      000758 8E 83            [24] 2242 	mov	dph,r6
      00075A 8F F0            [24] 2243 	mov	b,r7
      00075C 12r00r00         [24] 2244 	lcall	_serial_print_str
                                   2245 ;	C:\Users\tonyp\Downloads\ch552-turbo-fan-ctrl\src\usb_protocol.c:130: serial_print_str("=");
      00075F 90r00r04         [24] 2246 	mov	dptr,#___str_1
      000762 75 F0 80         [24] 2247 	mov	b,#0x80
      000765 12r00r00         [24] 2248 	lcall	_serial_print_str
                                   2249 ;	C:\Users\tonyp\Downloads\ch552-turbo-fan-ctrl\src\usb_protocol.c:131: serial_println_float(value, 1);
      000768 90r00r10         [24] 2250 	mov	dptr,#_usb_reply_ok_key_float1_PARM_2
      00076B E0               [24] 2251 	movx	a,@dptr
      00076C FC               [12] 2252 	mov	r4,a
      00076D A3               [24] 2253 	inc	dptr
      00076E E0               [24] 2254 	movx	a,@dptr
      00076F FD               [12] 2255 	mov	r5,a
      000770 A3               [24] 2256 	inc	dptr
      000771 E0               [24] 2257 	movx	a,@dptr
      000772 FE               [12] 2258 	mov	r6,a
      000773 A3               [24] 2259 	inc	dptr
      000774 E0               [24] 2260 	movx	a,@dptr
      000775 FF               [12] 2261 	mov	r7,a
      000776 90r00r00         [24] 2262 	mov	dptr,#_serial_println_float_PARM_2
      000779 74 01            [12] 2263 	mov	a,#0x01
      00077B F0               [24] 2264 	movx	@dptr,a
      00077C E4               [12] 2265 	clr	a
      00077D A3               [24] 2266 	inc	dptr
      00077E F0               [24] 2267 	movx	@dptr,a
      00077F 8C 82            [24] 2268 	mov	dpl,r4
      000781 8D 83            [24] 2269 	mov	dph,r5
      000783 8E F0            [24] 2270 	mov	b,r6
      000785 EF               [12] 2271 	mov	a,r7
                                   2272 ;	C:\Users\tonyp\Downloads\ch552-turbo-fan-ctrl\src\usb_protocol.c:132: }
      000786 02r00r00         [24] 2273 	ljmp	_serial_println_float
                                   2274 ;------------------------------------------------------------
                                   2275 ;Allocation info for local variables in function 'usb_reply_ok_key_float2'
                                   2276 ;------------------------------------------------------------
                                   2277 ;value                     Allocated with name '_usb_reply_ok_key_float2_PARM_2'
                                   2278 ;key                       Allocated with name '_usb_reply_ok_key_float2_key_65536_225'
                                   2279 ;------------------------------------------------------------
                                   2280 ;	C:\Users\tonyp\Downloads\ch552-turbo-fan-ctrl\src\usb_protocol.c:134: static void usb_reply_ok_key_float2(const char* key, float value) {
                                   2281 ;	-----------------------------------------
                                   2282 ;	 function usb_reply_ok_key_float2
                                   2283 ;	-----------------------------------------
      000789                       2284 _usb_reply_ok_key_float2:
      000789 AF F0            [24] 2285 	mov	r7,b
      00078B AE 83            [24] 2286 	mov	r6,dph
      00078D E5 82            [12] 2287 	mov	a,dpl
      00078F 90r00r1B         [24] 2288 	mov	dptr,#_usb_reply_ok_key_float2_key_65536_225
      000792 F0               [24] 2289 	movx	@dptr,a
      000793 EE               [12] 2290 	mov	a,r6
      000794 A3               [24] 2291 	inc	dptr
      000795 F0               [24] 2292 	movx	@dptr,a
      000796 EF               [12] 2293 	mov	a,r7
      000797 A3               [24] 2294 	inc	dptr
      000798 F0               [24] 2295 	movx	@dptr,a
                                   2296 ;	C:\Users\tonyp\Downloads\ch552-turbo-fan-ctrl\src\usb_protocol.c:135: serial_print_str("OK:");
      000799 90r00r00         [24] 2297 	mov	dptr,#___str_0
      00079C 75 F0 80         [24] 2298 	mov	b,#0x80
      00079F 12r00r00         [24] 2299 	lcall	_serial_print_str
                                   2300 ;	C:\Users\tonyp\Downloads\ch552-turbo-fan-ctrl\src\usb_protocol.c:136: serial_print_str(key);
      0007A2 90r00r1B         [24] 2301 	mov	dptr,#_usb_reply_ok_key_float2_key_65536_225
      0007A5 E0               [24] 2302 	movx	a,@dptr
      0007A6 FD               [12] 2303 	mov	r5,a
      0007A7 A3               [24] 2304 	inc	dptr
      0007A8 E0               [24] 2305 	movx	a,@dptr
      0007A9 FE               [12] 2306 	mov	r6,a
      0007AA A3               [24] 2307 	inc	dptr
      0007AB E0               [24] 2308 	movx	a,@dptr
      0007AC FF               [12] 2309 	mov	r7,a
      0007AD 8D 82            [24] 2310 	mov	dpl,r5
      0007AF 8E 83            [24] 2311 	mov	dph,r6
      0007B1 8F F0            [24] 2312 	mov	b,r7
      0007B3 12r00r00         [24] 2313 	lcall	_serial_print_str
                                   2314 ;	C:\Users\tonyp\Downloads\ch552-turbo-fan-ctrl\src\usb_protocol.c:137: serial_print_str("=");
      0007B6 90r00r04         [24] 2315 	mov	dptr,#___str_1
      0007B9 75 F0 80         [24] 2316 	mov	b,#0x80
      0007BC 12r00r00         [24] 2317 	lcall	_serial_print_str
                                   2318 ;	C:\Users\tonyp\Downloads\ch552-turbo-fan-ctrl\src\usb_protocol.c:138: serial_println_float(value, 2);
      0007BF 90r00r17         [24] 2319 	mov	dptr,#_usb_reply_ok_key_float2_PARM_2
      0007C2 E0               [24] 2320 	movx	a,@dptr
      0007C3 FC               [12] 2321 	mov	r4,a
      0007C4 A3               [24] 2322 	inc	dptr
      0007C5 E0               [24] 2323 	movx	a,@dptr
      0007C6 FD               [12] 2324 	mov	r5,a
      0007C7 A3               [24] 2325 	inc	dptr
      0007C8 E0               [24] 2326 	movx	a,@dptr
      0007C9 FE               [12] 2327 	mov	r6,a
      0007CA A3               [24] 2328 	inc	dptr
      0007CB E0               [24] 2329 	movx	a,@dptr
      0007CC FF               [12] 2330 	mov	r7,a
      0007CD 90r00r00         [24] 2331 	mov	dptr,#_serial_println_float_PARM_2
      0007D0 74 02            [12] 2332 	mov	a,#0x02
      0007D2 F0               [24] 2333 	movx	@dptr,a
      0007D3 E4               [12] 2334 	clr	a
      0007D4 A3               [24] 2335 	inc	dptr
      0007D5 F0               [24] 2336 	movx	@dptr,a
      0007D6 8C 82            [24] 2337 	mov	dpl,r4
      0007D8 8D 83            [24] 2338 	mov	dph,r5
      0007DA 8E F0            [24] 2339 	mov	b,r6
      0007DC EF               [12] 2340 	mov	a,r7
                                   2341 ;	C:\Users\tonyp\Downloads\ch552-turbo-fan-ctrl\src\usb_protocol.c:139: }
      0007DD 02r00r00         [24] 2342 	ljmp	_serial_println_float
                                   2343 ;------------------------------------------------------------
                                   2344 ;Allocation info for local variables in function 'usb_key_equals'
                                   2345 ;------------------------------------------------------------
                                   2346 ;key_len                   Allocated to stack - _bp -3
                                   2347 ;literal                   Allocated to stack - _bp -6
                                   2348 ;key                       Allocated to stack - _bp +1
                                   2349 ;i                         Allocated to registers r4 
                                   2350 ;sloc0                     Allocated to stack - _bp +5
                                   2351 ;------------------------------------------------------------
                                   2352 ;	C:\Users\tonyp\Downloads\ch552-turbo-fan-ctrl\src\usb_protocol.c:141: static bool usb_key_equals(const char* key, uint8_t key_len, const char* literal) SDCC_REENTRANT {
                                   2353 ;	-----------------------------------------
                                   2354 ;	 function usb_key_equals
                                   2355 ;	-----------------------------------------
      0007E0                       2356 _usb_key_equals:
      0007E0 C0*00            [24] 2357 	push	_bp
      0007E2 85 81*00         [24] 2358 	mov	_bp,sp
      0007E5 C0 82            [24] 2359 	push	dpl
      0007E7 C0 83            [24] 2360 	push	dph
      0007E9 C0 F0            [24] 2361 	push	b
                                   2362 ;	C:\Users\tonyp\Downloads\ch552-turbo-fan-ctrl\src\usb_protocol.c:143: for (i = 0; i < key_len; i++) {
      0007EB 7C 00            [12] 2363 	mov	r4,#0x00
      0007ED                       2364 00106$:
      0007ED E5*00            [12] 2365 	mov	a,_bp
      0007EF 24 FD            [12] 2366 	add	a,#0xfd
      0007F1 F8               [12] 2367 	mov	r0,a
      0007F2 C3               [12] 2368 	clr	c
      0007F3 EC               [12] 2369 	mov	a,r4
      0007F4 96               [12] 2370 	subb	a,@r0
      0007F5 50 3F            [24] 2371 	jnc	00104$
                                   2372 ;	C:\Users\tonyp\Downloads\ch552-turbo-fan-ctrl\src\usb_protocol.c:144: if (literal[i] == '\0' || key[i] != literal[i]) {
      0007F7 E5*00            [12] 2373 	mov	a,_bp
      0007F9 24 FA            [12] 2374 	add	a,#0xfa
      0007FB F8               [12] 2375 	mov	r0,a
      0007FC EC               [12] 2376 	mov	a,r4
      0007FD 26               [12] 2377 	add	a,@r0
      0007FE FA               [12] 2378 	mov	r2,a
      0007FF E4               [12] 2379 	clr	a
      000800 08               [12] 2380 	inc	r0
      000801 36               [12] 2381 	addc	a,@r0
      000802 FB               [12] 2382 	mov	r3,a
      000803 08               [12] 2383 	inc	r0
      000804 86 07            [24] 2384 	mov	ar7,@r0
      000806 8A 82            [24] 2385 	mov	dpl,r2
      000808 8B 83            [24] 2386 	mov	dph,r3
      00080A 8F F0            [24] 2387 	mov	b,r7
      00080C 12r00r00         [24] 2388 	lcall	__gptrget
      00080F FE               [12] 2389 	mov	r6,a
      000810 60 1C            [24] 2390 	jz	00101$
      000812 A8*00            [24] 2391 	mov	r0,_bp
      000814 08               [12] 2392 	inc	r0
      000815 EC               [12] 2393 	mov	a,r4
      000816 26               [12] 2394 	add	a,@r0
      000817 FA               [12] 2395 	mov	r2,a
      000818 E4               [12] 2396 	clr	a
      000819 08               [12] 2397 	inc	r0
      00081A 36               [12] 2398 	addc	a,@r0
      00081B FB               [12] 2399 	mov	r3,a
      00081C 08               [12] 2400 	inc	r0
      00081D 86 07            [24] 2401 	mov	ar7,@r0
      00081F 8A 82            [24] 2402 	mov	dpl,r2
      000821 8B 83            [24] 2403 	mov	dph,r3
      000823 8F F0            [24] 2404 	mov	b,r7
      000825 12r00r00         [24] 2405 	lcall	__gptrget
      000828 FA               [12] 2406 	mov	r2,a
      000829 B5 06 02         [24] 2407 	cjne	a,ar6,00124$
      00082C 80 05            [24] 2408 	sjmp	00107$
      00082E                       2409 00124$:
      00082E                       2410 00101$:
                                   2411 ;	C:\Users\tonyp\Downloads\ch552-turbo-fan-ctrl\src\usb_protocol.c:145: return false;
      00082E 75 82 00         [24] 2412 	mov	dpl,#0x00
      000831 80 2A            [24] 2413 	sjmp	00108$
      000833                       2414 00107$:
                                   2415 ;	C:\Users\tonyp\Downloads\ch552-turbo-fan-ctrl\src\usb_protocol.c:143: for (i = 0; i < key_len; i++) {
      000833 0C               [12] 2416 	inc	r4
      000834 80 B7            [24] 2417 	sjmp	00106$
      000836                       2418 00104$:
                                   2419 ;	C:\Users\tonyp\Downloads\ch552-turbo-fan-ctrl\src\usb_protocol.c:148: return literal[key_len] == '\0';
      000836 E5*00            [12] 2420 	mov	a,_bp
      000838 24 FA            [12] 2421 	add	a,#0xfa
      00083A F8               [12] 2422 	mov	r0,a
      00083B E5*00            [12] 2423 	mov	a,_bp
      00083D 24 FD            [12] 2424 	add	a,#0xfd
      00083F F9               [12] 2425 	mov	r1,a
      000840 E7               [12] 2426 	mov	a,@r1
      000841 26               [12] 2427 	add	a,@r0
      000842 FD               [12] 2428 	mov	r5,a
      000843 E4               [12] 2429 	clr	a
      000844 08               [12] 2430 	inc	r0
      000845 36               [12] 2431 	addc	a,@r0
      000846 FE               [12] 2432 	mov	r6,a
      000847 08               [12] 2433 	inc	r0
      000848 86 07            [24] 2434 	mov	ar7,@r0
      00084A 8D 82            [24] 2435 	mov	dpl,r5
      00084C 8E 83            [24] 2436 	mov	dph,r6
      00084E 8F F0            [24] 2437 	mov	b,r7
      000850 12r00r00         [24] 2438 	lcall	__gptrget
      000853 FD               [12] 2439 	mov	r5,a
      000854 B4 01 00         [24] 2440 	cjne	a,#0x01,00125$
      000857                       2441 00125$:
      000857 92*00            [24] 2442 	mov  b0,c
      000859 E4               [12] 2443 	clr	a
      00085A 33               [12] 2444 	rlc	a
      00085B F5 82            [12] 2445 	mov	dpl,a
      00085D                       2446 00108$:
                                   2447 ;	C:\Users\tonyp\Downloads\ch552-turbo-fan-ctrl\src\usb_protocol.c:149: }
      00085D 85*00 81         [24] 2448 	mov	sp,_bp
      000860 D0*00            [24] 2449 	pop	_bp
      000862 22               [24] 2450 	ret
                                   2451 ;------------------------------------------------------------
                                   2452 ;Allocation info for local variables in function 'usb_print_key_segment'
                                   2453 ;------------------------------------------------------------
                                   2454 ;key_len                   Allocated with name '_usb_print_key_segment_PARM_2'
                                   2455 ;key                       Allocated with name '_usb_print_key_segment_key_65536_232'
                                   2456 ;i                         Allocated with name '_usb_print_key_segment_i_65536_233'
                                   2457 ;------------------------------------------------------------
                                   2458 ;	C:\Users\tonyp\Downloads\ch552-turbo-fan-ctrl\src\usb_protocol.c:151: static void usb_print_key_segment(const char* key, uint8_t key_len) {
                                   2459 ;	-----------------------------------------
                                   2460 ;	 function usb_print_key_segment
                                   2461 ;	-----------------------------------------
      000863                       2462 _usb_print_key_segment:
      000863 AF F0            [24] 2463 	mov	r7,b
      000865 AE 83            [24] 2464 	mov	r6,dph
      000867 E5 82            [12] 2465 	mov	a,dpl
      000869 90r00r1F         [24] 2466 	mov	dptr,#_usb_print_key_segment_key_65536_232
      00086C F0               [24] 2467 	movx	@dptr,a
      00086D EE               [12] 2468 	mov	a,r6
      00086E A3               [24] 2469 	inc	dptr
      00086F F0               [24] 2470 	movx	@dptr,a
      000870 EF               [12] 2471 	mov	a,r7
      000871 A3               [24] 2472 	inc	dptr
      000872 F0               [24] 2473 	movx	@dptr,a
                                   2474 ;	C:\Users\tonyp\Downloads\ch552-turbo-fan-ctrl\src\usb_protocol.c:153: for (i = 0; i < key_len; i++) {
      000873 90r00r1F         [24] 2475 	mov	dptr,#_usb_print_key_segment_key_65536_232
      000876 E0               [24] 2476 	movx	a,@dptr
      000877 FD               [12] 2477 	mov	r5,a
      000878 A3               [24] 2478 	inc	dptr
      000879 E0               [24] 2479 	movx	a,@dptr
      00087A FE               [12] 2480 	mov	r6,a
      00087B A3               [24] 2481 	inc	dptr
      00087C E0               [24] 2482 	movx	a,@dptr
      00087D FF               [12] 2483 	mov	r7,a
      00087E 90r00r1E         [24] 2484 	mov	dptr,#_usb_print_key_segment_PARM_2
      000881 E0               [24] 2485 	movx	a,@dptr
      000882 FC               [12] 2486 	mov	r4,a
      000883 7B 00            [12] 2487 	mov	r3,#0x00
      000885                       2488 00103$:
      000885 C3               [12] 2489 	clr	c
      000886 EB               [12] 2490 	mov	a,r3
      000887 9C               [12] 2491 	subb	a,r4
      000888 50 2D            [24] 2492 	jnc	00105$
                                   2493 ;	C:\Users\tonyp\Downloads\ch552-turbo-fan-ctrl\src\usb_protocol.c:154: serial_write(key[i]);
      00088A EB               [12] 2494 	mov	a,r3
      00088B 2D               [12] 2495 	add	a,r5
      00088C F8               [12] 2496 	mov	r0,a
      00088D E4               [12] 2497 	clr	a
      00088E 3E               [12] 2498 	addc	a,r6
      00088F F9               [12] 2499 	mov	r1,a
      000890 8F 02            [24] 2500 	mov	ar2,r7
      000892 88 82            [24] 2501 	mov	dpl,r0
      000894 89 83            [24] 2502 	mov	dph,r1
      000896 8A F0            [24] 2503 	mov	b,r2
      000898 12r00r00         [24] 2504 	lcall	__gptrget
      00089B F5 82            [12] 2505 	mov	dpl,a
      00089D C0 07            [24] 2506 	push	ar7
      00089F C0 06            [24] 2507 	push	ar6
      0008A1 C0 05            [24] 2508 	push	ar5
      0008A3 C0 04            [24] 2509 	push	ar4
      0008A5 C0 03            [24] 2510 	push	ar3
      0008A7 12r00r00         [24] 2511 	lcall	_serial_write
      0008AA D0 03            [24] 2512 	pop	ar3
      0008AC D0 04            [24] 2513 	pop	ar4
      0008AE D0 05            [24] 2514 	pop	ar5
      0008B0 D0 06            [24] 2515 	pop	ar6
      0008B2 D0 07            [24] 2516 	pop	ar7
                                   2517 ;	C:\Users\tonyp\Downloads\ch552-turbo-fan-ctrl\src\usb_protocol.c:153: for (i = 0; i < key_len; i++) {
      0008B4 0B               [12] 2518 	inc	r3
      0008B5 80 CE            [24] 2519 	sjmp	00103$
      0008B7                       2520 00105$:
                                   2521 ;	C:\Users\tonyp\Downloads\ch552-turbo-fan-ctrl\src\usb_protocol.c:156: }
      0008B7 22               [24] 2522 	ret
                                   2523 ;------------------------------------------------------------
                                   2524 ;Allocation info for local variables in function 'usb_handle_get'
                                   2525 ;------------------------------------------------------------
                                   2526 ;key                       Allocated to stack - _bp -5
                                   2527 ;uc                        Allocated to registers r5 r6 r7 
                                   2528 ;------------------------------------------------------------
                                   2529 ;	C:\Users\tonyp\Downloads\ch552-turbo-fan-ctrl\src\usb_protocol.c:158: static bool usb_handle_get(USBController* uc, const char* key) SDCC_REENTRANT {
                                   2530 ;	-----------------------------------------
                                   2531 ;	 function usb_handle_get
                                   2532 ;	-----------------------------------------
      0008B8                       2533 _usb_handle_get:
      0008B8 C0*00            [24] 2534 	push	_bp
      0008BA 85 81*00         [24] 2535 	mov	_bp,sp
      0008BD AD 82            [24] 2536 	mov	r5,dpl
      0008BF AE 83            [24] 2537 	mov	r6,dph
      0008C1 AF F0            [24] 2538 	mov	r7,b
                                   2539 ;	C:\Users\tonyp\Downloads\ch552-turbo-fan-ctrl\src\usb_protocol.c:159: if (usb_str_eq(key, "STATUS")) {
      0008C3 C0 07            [24] 2540 	push	ar7
      0008C5 C0 06            [24] 2541 	push	ar6
      0008C7 C0 05            [24] 2542 	push	ar5
      0008C9 74r06            [12] 2543 	mov	a,#___str_2
      0008CB C0 E0            [24] 2544 	push	acc
      0008CD 74s00            [12] 2545 	mov	a,#(___str_2 >> 8)
      0008CF C0 E0            [24] 2546 	push	acc
      0008D1 74 80            [12] 2547 	mov	a,#0x80
      0008D3 C0 E0            [24] 2548 	push	acc
      0008D5 E5*00            [12] 2549 	mov	a,_bp
      0008D7 24 FB            [12] 2550 	add	a,#0xfb
      0008D9 F8               [12] 2551 	mov	r0,a
      0008DA 86 82            [24] 2552 	mov	dpl,@r0
      0008DC 08               [12] 2553 	inc	r0
      0008DD 86 83            [24] 2554 	mov	dph,@r0
      0008DF 08               [12] 2555 	inc	r0
      0008E0 86 F0            [24] 2556 	mov	b,@r0
      0008E2 12r00r00         [24] 2557 	lcall	_usb_str_eq
      0008E5 AC 82            [24] 2558 	mov	r4,dpl
      0008E7 15 81            [12] 2559 	dec	sp
      0008E9 15 81            [12] 2560 	dec	sp
      0008EB 15 81            [12] 2561 	dec	sp
      0008ED D0 05            [24] 2562 	pop	ar5
      0008EF D0 06            [24] 2563 	pop	ar6
      0008F1 D0 07            [24] 2564 	pop	ar7
      0008F3 EC               [12] 2565 	mov	a,r4
      0008F4 60 17            [24] 2566 	jz	00102$
                                   2567 ;	C:\Users\tonyp\Downloads\ch552-turbo-fan-ctrl\src\usb_protocol.c:160: uc->status_requested = true;
      0008F6 74 62            [12] 2568 	mov	a,#0x62
      0008F8 2D               [12] 2569 	add	a,r5
      0008F9 FD               [12] 2570 	mov	r5,a
      0008FA E4               [12] 2571 	clr	a
      0008FB 3E               [12] 2572 	addc	a,r6
      0008FC FE               [12] 2573 	mov	r6,a
      0008FD 8D 82            [24] 2574 	mov	dpl,r5
      0008FF 8E 83            [24] 2575 	mov	dph,r6
      000901 8F F0            [24] 2576 	mov	b,r7
      000903 74 01            [12] 2577 	mov	a,#0x01
      000905 12r00r00         [24] 2578 	lcall	__gptrput
                                   2579 ;	C:\Users\tonyp\Downloads\ch552-turbo-fan-ctrl\src\usb_protocol.c:161: return true;
      000908 75 82 01         [24] 2580 	mov	dpl,#0x01
      00090B 80 03            [24] 2581 	sjmp	00103$
      00090D                       2582 00102$:
                                   2583 ;	C:\Users\tonyp\Downloads\ch552-turbo-fan-ctrl\src\usb_protocol.c:163: return false;
      00090D 75 82 00         [24] 2584 	mov	dpl,#0x00
      000910                       2585 00103$:
                                   2586 ;	C:\Users\tonyp\Downloads\ch552-turbo-fan-ctrl\src\usb_protocol.c:164: }
      000910 D0*00            [24] 2587 	pop	_bp
      000912 22               [24] 2588 	ret
                                   2589 ;------------------------------------------------------------
                                   2590 ;Allocation info for local variables in function 'usb_handle_set'
                                   2591 ;------------------------------------------------------------
                                   2592 ;key                       Allocated to stack - _bp -5
                                   2593 ;key_len                   Allocated to stack - _bp -6
                                   2594 ;value                     Allocated to stack - _bp -9
                                   2595 ;uc                        Allocated to stack - _bp +1
                                   2596 ;v                         Allocated to stack - _bp +12
                                   2597 ;rpm                       Allocated to stack - _bp +12
                                   2598 ;duty                      Allocated to stack - _bp +12
                                   2599 ;sloc0                     Allocated to stack - _bp +14
                                   2600 ;sloc1                     Allocated to stack - _bp +4
                                   2601 ;sloc2                     Allocated to stack - _bp +8
                                   2602 ;------------------------------------------------------------
                                   2603 ;	C:\Users\tonyp\Downloads\ch552-turbo-fan-ctrl\src\usb_protocol.c:166: static bool usb_handle_set(USBController* uc, const char* key, uint8_t key_len, const char* value) SDCC_REENTRANT {
                                   2604 ;	-----------------------------------------
                                   2605 ;	 function usb_handle_set
                                   2606 ;	-----------------------------------------
      000913                       2607 _usb_handle_set:
      000913 C0*00            [24] 2608 	push	_bp
      000915 85 81*00         [24] 2609 	mov	_bp,sp
      000918 C0 82            [24] 2610 	push	dpl
      00091A C0 83            [24] 2611 	push	dph
      00091C C0 F0            [24] 2612 	push	b
      00091E E5 81            [12] 2613 	mov	a,sp
      000920 24 0C            [12] 2614 	add	a,#0x0c
      000922 F5 81            [12] 2615 	mov	sp,a
                                   2616 ;	C:\Users\tonyp\Downloads\ch552-turbo-fan-ctrl\src\usb_protocol.c:167: if (usb_key_equals(key, key_len, "MODE")) {
      000924 74r0D            [12] 2617 	mov	a,#___str_3
      000926 C0 E0            [24] 2618 	push	acc
      000928 74s00            [12] 2619 	mov	a,#(___str_3 >> 8)
      00092A C0 E0            [24] 2620 	push	acc
      00092C 74 80            [12] 2621 	mov	a,#0x80
      00092E C0 E0            [24] 2622 	push	acc
      000930 E5*00            [12] 2623 	mov	a,_bp
      000932 24 FA            [12] 2624 	add	a,#0xfa
      000934 F8               [12] 2625 	mov	r0,a
      000935 E6               [12] 2626 	mov	a,@r0
      000936 C0 E0            [24] 2627 	push	acc
      000938 E5*00            [12] 2628 	mov	a,_bp
      00093A 24 FB            [12] 2629 	add	a,#0xfb
      00093C F8               [12] 2630 	mov	r0,a
      00093D 86 82            [24] 2631 	mov	dpl,@r0
      00093F 08               [12] 2632 	inc	r0
      000940 86 83            [24] 2633 	mov	dph,@r0
      000942 08               [12] 2634 	inc	r0
      000943 86 F0            [24] 2635 	mov	b,@r0
      000945 12r07rE0         [24] 2636 	lcall	_usb_key_equals
      000948 AC 82            [24] 2637 	mov	r4,dpl
      00094A E5 81            [12] 2638 	mov	a,sp
      00094C 24 FC            [12] 2639 	add	a,#0xfc
      00094E F5 81            [12] 2640 	mov	sp,a
      000950 EC               [12] 2641 	mov	a,r4
      000951 70 03            [24] 2642 	jnz	00178$
      000953 02r0Ar2D         [24] 2643 	ljmp	00106$
      000956                       2644 00178$:
                                   2645 ;	C:\Users\tonyp\Downloads\ch552-turbo-fan-ctrl\src\usb_protocol.c:168: if (usb_str_eq(value, "AUTO")) {
      000956 74r12            [12] 2646 	mov	a,#___str_4
      000958 C0 E0            [24] 2647 	push	acc
      00095A 74s00            [12] 2648 	mov	a,#(___str_4 >> 8)
      00095C C0 E0            [24] 2649 	push	acc
      00095E 74 80            [12] 2650 	mov	a,#0x80
      000960 C0 E0            [24] 2651 	push	acc
      000962 E5*00            [12] 2652 	mov	a,_bp
      000964 24 F7            [12] 2653 	add	a,#0xf7
      000966 F8               [12] 2654 	mov	r0,a
      000967 86 82            [24] 2655 	mov	dpl,@r0
      000969 08               [12] 2656 	inc	r0
      00096A 86 83            [24] 2657 	mov	dph,@r0
      00096C 08               [12] 2658 	inc	r0
      00096D 86 F0            [24] 2659 	mov	b,@r0
      00096F 12r00r00         [24] 2660 	lcall	_usb_str_eq
      000972 AC 82            [24] 2661 	mov	r4,dpl
      000974 15 81            [12] 2662 	dec	sp
      000976 15 81            [12] 2663 	dec	sp
      000978 15 81            [12] 2664 	dec	sp
      00097A EC               [12] 2665 	mov	a,r4
      00097B 60 4D            [24] 2666 	jz	00102$
                                   2667 ;	C:\Users\tonyp\Downloads\ch552-turbo-fan-ctrl\src\usb_protocol.c:169: uc->override_active = false;
      00097D A8*00            [24] 2668 	mov	r0,_bp
      00097F 08               [12] 2669 	inc	r0
      000980 74 5D            [12] 2670 	mov	a,#0x5d
      000982 26               [12] 2671 	add	a,@r0
      000983 FA               [12] 2672 	mov	r2,a
      000984 E4               [12] 2673 	clr	a
      000985 08               [12] 2674 	inc	r0
      000986 36               [12] 2675 	addc	a,@r0
      000987 FB               [12] 2676 	mov	r3,a
      000988 08               [12] 2677 	inc	r0
      000989 86 04            [24] 2678 	mov	ar4,@r0
      00098B 8A 82            [24] 2679 	mov	dpl,r2
      00098D 8B 83            [24] 2680 	mov	dph,r3
      00098F 8C F0            [24] 2681 	mov	b,r4
      000991 E4               [12] 2682 	clr	a
      000992 12r00r00         [24] 2683 	lcall	__gptrput
                                   2684 ;	C:\Users\tonyp\Downloads\ch552-turbo-fan-ctrl\src\usb_protocol.c:170: uc->rpm_override_active = false;
      000995 A8*00            [24] 2685 	mov	r0,_bp
      000997 08               [12] 2686 	inc	r0
      000998 74 5E            [12] 2687 	mov	a,#0x5e
      00099A 26               [12] 2688 	add	a,@r0
      00099B FA               [12] 2689 	mov	r2,a
      00099C E4               [12] 2690 	clr	a
      00099D 08               [12] 2691 	inc	r0
      00099E 36               [12] 2692 	addc	a,@r0
      00099F FB               [12] 2693 	mov	r3,a
      0009A0 08               [12] 2694 	inc	r0
      0009A1 86 04            [24] 2695 	mov	ar4,@r0
      0009A3 8A 82            [24] 2696 	mov	dpl,r2
      0009A5 8B 83            [24] 2697 	mov	dph,r3
      0009A7 8C F0            [24] 2698 	mov	b,r4
      0009A9 E4               [12] 2699 	clr	a
      0009AA 12r00r00         [24] 2700 	lcall	__gptrput
                                   2701 ;	C:\Users\tonyp\Downloads\ch552-turbo-fan-ctrl\src\usb_protocol.c:171: usb_reply_ok_key_value("MODE", "AUTO");
      0009AD 90r00r03         [24] 2702 	mov	dptr,#_usb_reply_ok_key_value_PARM_2
      0009B0 74r12            [12] 2703 	mov	a,#___str_4
      0009B2 F0               [24] 2704 	movx	@dptr,a
      0009B3 74s00            [12] 2705 	mov	a,#(___str_4 >> 8)
      0009B5 A3               [24] 2706 	inc	dptr
      0009B6 F0               [24] 2707 	movx	@dptr,a
      0009B7 74 80            [12] 2708 	mov	a,#0x80
      0009B9 A3               [24] 2709 	inc	dptr
      0009BA F0               [24] 2710 	movx	@dptr,a
      0009BB 90r00r0D         [24] 2711 	mov	dptr,#___str_3
      0009BE 75 F0 80         [24] 2712 	mov	b,#0x80
      0009C1 12r06r81         [24] 2713 	lcall	_usb_reply_ok_key_value
                                   2714 ;	C:\Users\tonyp\Downloads\ch552-turbo-fan-ctrl\src\usb_protocol.c:172: return true;
      0009C4 75 82 01         [24] 2715 	mov	dpl,#0x01
      0009C7 02r0FrA5         [24] 2716 	ljmp	00128$
      0009CA                       2717 00102$:
                                   2718 ;	C:\Users\tonyp\Downloads\ch552-turbo-fan-ctrl\src\usb_protocol.c:174: if (usb_str_eq(value, "MANUAL")) {
      0009CA 74r17            [12] 2719 	mov	a,#___str_5
      0009CC C0 E0            [24] 2720 	push	acc
      0009CE 74s00            [12] 2721 	mov	a,#(___str_5 >> 8)
      0009D0 C0 E0            [24] 2722 	push	acc
      0009D2 74 80            [12] 2723 	mov	a,#0x80
      0009D4 C0 E0            [24] 2724 	push	acc
      0009D6 E5*00            [12] 2725 	mov	a,_bp
      0009D8 24 F7            [12] 2726 	add	a,#0xf7
      0009DA F8               [12] 2727 	mov	r0,a
      0009DB 86 82            [24] 2728 	mov	dpl,@r0
      0009DD 08               [12] 2729 	inc	r0
      0009DE 86 83            [24] 2730 	mov	dph,@r0
      0009E0 08               [12] 2731 	inc	r0
      0009E1 86 F0            [24] 2732 	mov	b,@r0
      0009E3 12r00r00         [24] 2733 	lcall	_usb_str_eq
      0009E6 AC 82            [24] 2734 	mov	r4,dpl
      0009E8 15 81            [12] 2735 	dec	sp
      0009EA 15 81            [12] 2736 	dec	sp
      0009EC 15 81            [12] 2737 	dec	sp
      0009EE EC               [12] 2738 	mov	a,r4
      0009EF 60 36            [24] 2739 	jz	00104$
                                   2740 ;	C:\Users\tonyp\Downloads\ch552-turbo-fan-ctrl\src\usb_protocol.c:175: uc->override_active = true;
      0009F1 A8*00            [24] 2741 	mov	r0,_bp
      0009F3 08               [12] 2742 	inc	r0
      0009F4 74 5D            [12] 2743 	mov	a,#0x5d
      0009F6 26               [12] 2744 	add	a,@r0
      0009F7 FA               [12] 2745 	mov	r2,a
      0009F8 E4               [12] 2746 	clr	a
      0009F9 08               [12] 2747 	inc	r0
      0009FA 36               [12] 2748 	addc	a,@r0
      0009FB FB               [12] 2749 	mov	r3,a
      0009FC 08               [12] 2750 	inc	r0
      0009FD 86 04            [24] 2751 	mov	ar4,@r0
      0009FF 8A 82            [24] 2752 	mov	dpl,r2
      000A01 8B 83            [24] 2753 	mov	dph,r3
      000A03 8C F0            [24] 2754 	mov	b,r4
      000A05 74 01            [12] 2755 	mov	a,#0x01
      000A07 12r00r00         [24] 2756 	lcall	__gptrput
                                   2757 ;	C:\Users\tonyp\Downloads\ch552-turbo-fan-ctrl\src\usb_protocol.c:176: usb_reply_ok_key_value("MODE", "MANUAL");
      000A0A 90r00r03         [24] 2758 	mov	dptr,#_usb_reply_ok_key_value_PARM_2
      000A0D 74r17            [12] 2759 	mov	a,#___str_5
      000A0F F0               [24] 2760 	movx	@dptr,a
      000A10 74s00            [12] 2761 	mov	a,#(___str_5 >> 8)
      000A12 A3               [24] 2762 	inc	dptr
      000A13 F0               [24] 2763 	movx	@dptr,a
      000A14 74 80            [12] 2764 	mov	a,#0x80
      000A16 A3               [24] 2765 	inc	dptr
      000A17 F0               [24] 2766 	movx	@dptr,a
      000A18 90r00r0D         [24] 2767 	mov	dptr,#___str_3
      000A1B 75 F0 80         [24] 2768 	mov	b,#0x80
      000A1E 12r06r81         [24] 2769 	lcall	_usb_reply_ok_key_value
                                   2770 ;	C:\Users\tonyp\Downloads\ch552-turbo-fan-ctrl\src\usb_protocol.c:177: return true;
      000A21 75 82 01         [24] 2771 	mov	dpl,#0x01
      000A24 02r0FrA5         [24] 2772 	ljmp	00128$
      000A27                       2773 00104$:
                                   2774 ;	C:\Users\tonyp\Downloads\ch552-turbo-fan-ctrl\src\usb_protocol.c:179: return false;
      000A27 75 82 00         [24] 2775 	mov	dpl,#0x00
      000A2A 02r0FrA5         [24] 2776 	ljmp	00128$
      000A2D                       2777 00106$:
                                   2778 ;	C:\Users\tonyp\Downloads\ch552-turbo-fan-ctrl\src\usb_protocol.c:182: if (usb_key_equals(key, key_len, "VOLTAGE")) {
      000A2D 74r1E            [12] 2779 	mov	a,#___str_6
      000A2F C0 E0            [24] 2780 	push	acc
      000A31 74s00            [12] 2781 	mov	a,#(___str_6 >> 8)
      000A33 C0 E0            [24] 2782 	push	acc
      000A35 74 80            [12] 2783 	mov	a,#0x80
      000A37 C0 E0            [24] 2784 	push	acc
      000A39 E5*00            [12] 2785 	mov	a,_bp
      000A3B 24 FA            [12] 2786 	add	a,#0xfa
      000A3D F8               [12] 2787 	mov	r0,a
      000A3E E6               [12] 2788 	mov	a,@r0
      000A3F C0 E0            [24] 2789 	push	acc
      000A41 E5*00            [12] 2790 	mov	a,_bp
      000A43 24 FB            [12] 2791 	add	a,#0xfb
      000A45 F8               [12] 2792 	mov	r0,a
      000A46 86 82            [24] 2793 	mov	dpl,@r0
      000A48 08               [12] 2794 	inc	r0
      000A49 86 83            [24] 2795 	mov	dph,@r0
      000A4B 08               [12] 2796 	inc	r0
      000A4C 86 F0            [24] 2797 	mov	b,@r0
      000A4E 12r07rE0         [24] 2798 	lcall	_usb_key_equals
      000A51 AC 82            [24] 2799 	mov	r4,dpl
      000A53 E5 81            [12] 2800 	mov	a,sp
      000A55 24 FC            [12] 2801 	add	a,#0xfc
      000A57 F5 81            [12] 2802 	mov	sp,a
      000A59 EC               [12] 2803 	mov	a,r4
      000A5A 70 03            [24] 2804 	jnz	00181$
      000A5C 02r0Br56         [24] 2805 	ljmp	00111$
      000A5F                       2806 00181$:
                                   2807 ;	C:\Users\tonyp\Downloads\ch552-turbo-fan-ctrl\src\usb_protocol.c:183: float v = usb_parse_float(value);
      000A5F E5*00            [12] 2808 	mov	a,_bp
      000A61 24 F7            [12] 2809 	add	a,#0xf7
      000A63 F8               [12] 2810 	mov	r0,a
      000A64 86 82            [24] 2811 	mov	dpl,@r0
      000A66 08               [12] 2812 	inc	r0
      000A67 86 83            [24] 2813 	mov	dph,@r0
      000A69 08               [12] 2814 	inc	r0
      000A6A 86 F0            [24] 2815 	mov	b,@r0
      000A6C 12r03r16         [24] 2816 	lcall	_usb_parse_float
      000A6F AF 82            [24] 2817 	mov	r7,dpl
      000A71 AE 83            [24] 2818 	mov	r6,dph
      000A73 AD F0            [24] 2819 	mov	r5,b
      000A75 FC               [12] 2820 	mov	r4,a
      000A76 E5*00            [12] 2821 	mov	a,_bp
      000A78 24 0C            [12] 2822 	add	a,#0x0c
      000A7A F8               [12] 2823 	mov	r0,a
      000A7B A6 07            [24] 2824 	mov	@r0,ar7
      000A7D 08               [12] 2825 	inc	r0
      000A7E A6 06            [24] 2826 	mov	@r0,ar6
      000A80 08               [12] 2827 	inc	r0
      000A81 A6 05            [24] 2828 	mov	@r0,ar5
      000A83 08               [12] 2829 	inc	r0
      000A84 A6 04            [24] 2830 	mov	@r0,ar4
                                   2831 ;	C:\Users\tonyp\Downloads\ch552-turbo-fan-ctrl\src\usb_protocol.c:184: if (v < VOUT_MIN || v > VOUT_MAX) {
      000A86 E4               [12] 2832 	clr	a
      000A87 C0 E0            [24] 2833 	push	acc
      000A89 C0 E0            [24] 2834 	push	acc
      000A8B 74 A0            [12] 2835 	mov	a,#0xa0
      000A8D C0 E0            [24] 2836 	push	acc
      000A8F 74 40            [12] 2837 	mov	a,#0x40
      000A91 C0 E0            [24] 2838 	push	acc
      000A93 E5*00            [12] 2839 	mov	a,_bp
      000A95 24 0C            [12] 2840 	add	a,#0x0c
      000A97 F8               [12] 2841 	mov	r0,a
      000A98 86 82            [24] 2842 	mov	dpl,@r0
      000A9A 08               [12] 2843 	inc	r0
      000A9B 86 83            [24] 2844 	mov	dph,@r0
      000A9D 08               [12] 2845 	inc	r0
      000A9E 86 F0            [24] 2846 	mov	b,@r0
      000AA0 08               [12] 2847 	inc	r0
      000AA1 E6               [12] 2848 	mov	a,@r0
      000AA2 12r00r00         [24] 2849 	lcall	___fslt
      000AA5 AC 82            [24] 2850 	mov	r4,dpl
      000AA7 E5 81            [12] 2851 	mov	a,sp
      000AA9 24 FC            [12] 2852 	add	a,#0xfc
      000AAB F5 81            [12] 2853 	mov	sp,a
      000AAD EC               [12] 2854 	mov	a,r4
      000AAE 70 2A            [24] 2855 	jnz	00107$
      000AB0 E5*00            [12] 2856 	mov	a,_bp
      000AB2 24 0C            [12] 2857 	add	a,#0x0c
      000AB4 F8               [12] 2858 	mov	r0,a
      000AB5 E6               [12] 2859 	mov	a,@r0
      000AB6 C0 E0            [24] 2860 	push	acc
      000AB8 08               [12] 2861 	inc	r0
      000AB9 E6               [12] 2862 	mov	a,@r0
      000ABA C0 E0            [24] 2863 	push	acc
      000ABC 08               [12] 2864 	inc	r0
      000ABD E6               [12] 2865 	mov	a,@r0
      000ABE C0 E0            [24] 2866 	push	acc
      000AC0 08               [12] 2867 	inc	r0
      000AC1 E6               [12] 2868 	mov	a,@r0
      000AC2 C0 E0            [24] 2869 	push	acc
      000AC4 90 00 00         [24] 2870 	mov	dptr,#0x0000
      000AC7 75 F0 40         [24] 2871 	mov	b,#0x40
      000ACA 74 41            [12] 2872 	mov	a,#0x41
      000ACC 12r00r00         [24] 2873 	lcall	___fslt
      000ACF AC 82            [24] 2874 	mov	r4,dpl
      000AD1 E5 81            [12] 2875 	mov	a,sp
      000AD3 24 FC            [12] 2876 	add	a,#0xfc
      000AD5 F5 81            [12] 2877 	mov	sp,a
      000AD7 EC               [12] 2878 	mov	a,r4
      000AD8 60 0F            [24] 2879 	jz	00108$
      000ADA                       2880 00107$:
                                   2881 ;	C:\Users\tonyp\Downloads\ch552-turbo-fan-ctrl\src\usb_protocol.c:185: serial_println_str("ERR:VOLTAGE_OUT_OF_RANGE");
      000ADA 90r00r26         [24] 2882 	mov	dptr,#___str_7
      000ADD 75 F0 80         [24] 2883 	mov	b,#0x80
      000AE0 12r00r00         [24] 2884 	lcall	_serial_println_str
                                   2885 ;	C:\Users\tonyp\Downloads\ch552-turbo-fan-ctrl\src\usb_protocol.c:186: return true;
      000AE3 75 82 01         [24] 2886 	mov	dpl,#0x01
      000AE6 02r0FrA5         [24] 2887 	ljmp	00128$
      000AE9                       2888 00108$:
                                   2889 ;	C:\Users\tonyp\Downloads\ch552-turbo-fan-ctrl\src\usb_protocol.c:188: uc->target_voltage_override = v;
      000AE9 A8*00            [24] 2890 	mov	r0,_bp
      000AEB 08               [12] 2891 	inc	r0
      000AEC 74 48            [12] 2892 	mov	a,#0x48
      000AEE 26               [12] 2893 	add	a,@r0
      000AEF FA               [12] 2894 	mov	r2,a
      000AF0 E4               [12] 2895 	clr	a
      000AF1 08               [12] 2896 	inc	r0
      000AF2 36               [12] 2897 	addc	a,@r0
      000AF3 FB               [12] 2898 	mov	r3,a
      000AF4 08               [12] 2899 	inc	r0
      000AF5 86 04            [24] 2900 	mov	ar4,@r0
      000AF7 8A 82            [24] 2901 	mov	dpl,r2
      000AF9 8B 83            [24] 2902 	mov	dph,r3
      000AFB 8C F0            [24] 2903 	mov	b,r4
      000AFD E5*00            [12] 2904 	mov	a,_bp
      000AFF 24 0C            [12] 2905 	add	a,#0x0c
      000B01 F8               [12] 2906 	mov	r0,a
      000B02 E6               [12] 2907 	mov	a,@r0
      000B03 12r00r00         [24] 2908 	lcall	__gptrput
      000B06 A3               [24] 2909 	inc	dptr
      000B07 08               [12] 2910 	inc	r0
      000B08 E6               [12] 2911 	mov	a,@r0
      000B09 12r00r00         [24] 2912 	lcall	__gptrput
      000B0C A3               [24] 2913 	inc	dptr
      000B0D 08               [12] 2914 	inc	r0
      000B0E E6               [12] 2915 	mov	a,@r0
      000B0F 12r00r00         [24] 2916 	lcall	__gptrput
      000B12 A3               [24] 2917 	inc	dptr
      000B13 08               [12] 2918 	inc	r0
      000B14 E6               [12] 2919 	mov	a,@r0
      000B15 12r00r00         [24] 2920 	lcall	__gptrput
                                   2921 ;	C:\Users\tonyp\Downloads\ch552-turbo-fan-ctrl\src\usb_protocol.c:189: uc->override_active = true;
      000B18 A8*00            [24] 2922 	mov	r0,_bp
      000B1A 08               [12] 2923 	inc	r0
      000B1B 74 5D            [12] 2924 	mov	a,#0x5d
      000B1D 26               [12] 2925 	add	a,@r0
      000B1E FA               [12] 2926 	mov	r2,a
      000B1F E4               [12] 2927 	clr	a
      000B20 08               [12] 2928 	inc	r0
      000B21 36               [12] 2929 	addc	a,@r0
      000B22 FB               [12] 2930 	mov	r3,a
      000B23 08               [12] 2931 	inc	r0
      000B24 86 04            [24] 2932 	mov	ar4,@r0
      000B26 8A 82            [24] 2933 	mov	dpl,r2
      000B28 8B 83            [24] 2934 	mov	dph,r3
      000B2A 8C F0            [24] 2935 	mov	b,r4
      000B2C 74 01            [12] 2936 	mov	a,#0x01
      000B2E 12r00r00         [24] 2937 	lcall	__gptrput
                                   2938 ;	C:\Users\tonyp\Downloads\ch552-turbo-fan-ctrl\src\usb_protocol.c:190: usb_reply_ok_key_float2("VOLTAGE", v);
      000B31 E5*00            [12] 2939 	mov	a,_bp
      000B33 24 0C            [12] 2940 	add	a,#0x0c
      000B35 F8               [12] 2941 	mov	r0,a
      000B36 90r00r17         [24] 2942 	mov	dptr,#_usb_reply_ok_key_float2_PARM_2
      000B39 E6               [12] 2943 	mov	a,@r0
      000B3A F0               [24] 2944 	movx	@dptr,a
      000B3B 08               [12] 2945 	inc	r0
      000B3C E6               [12] 2946 	mov	a,@r0
      000B3D A3               [24] 2947 	inc	dptr
      000B3E F0               [24] 2948 	movx	@dptr,a
      000B3F 08               [12] 2949 	inc	r0
      000B40 E6               [12] 2950 	mov	a,@r0
      000B41 A3               [24] 2951 	inc	dptr
      000B42 F0               [24] 2952 	movx	@dptr,a
      000B43 08               [12] 2953 	inc	r0
      000B44 E6               [12] 2954 	mov	a,@r0
      000B45 A3               [24] 2955 	inc	dptr
      000B46 F0               [24] 2956 	movx	@dptr,a
      000B47 90r00r1E         [24] 2957 	mov	dptr,#___str_6
      000B4A 75 F0 80         [24] 2958 	mov	b,#0x80
      000B4D 12r07r89         [24] 2959 	lcall	_usb_reply_ok_key_float2
                                   2960 ;	C:\Users\tonyp\Downloads\ch552-turbo-fan-ctrl\src\usb_protocol.c:191: return true;
      000B50 75 82 01         [24] 2961 	mov	dpl,#0x01
      000B53 02r0FrA5         [24] 2962 	ljmp	00128$
      000B56                       2963 00111$:
                                   2964 ;	C:\Users\tonyp\Downloads\ch552-turbo-fan-ctrl\src\usb_protocol.c:194: if (usb_key_equals(key, key_len, "RPM")) {
      000B56 74r3F            [12] 2965 	mov	a,#___str_8
      000B58 C0 E0            [24] 2966 	push	acc
      000B5A 74s00            [12] 2967 	mov	a,#(___str_8 >> 8)
      000B5C C0 E0            [24] 2968 	push	acc
      000B5E 74 80            [12] 2969 	mov	a,#0x80
      000B60 C0 E0            [24] 2970 	push	acc
      000B62 E5*00            [12] 2971 	mov	a,_bp
      000B64 24 FA            [12] 2972 	add	a,#0xfa
      000B66 F8               [12] 2973 	mov	r0,a
      000B67 E6               [12] 2974 	mov	a,@r0
      000B68 C0 E0            [24] 2975 	push	acc
      000B6A E5*00            [12] 2976 	mov	a,_bp
      000B6C 24 FB            [12] 2977 	add	a,#0xfb
      000B6E F8               [12] 2978 	mov	r0,a
      000B6F 86 82            [24] 2979 	mov	dpl,@r0
      000B71 08               [12] 2980 	inc	r0
      000B72 86 83            [24] 2981 	mov	dph,@r0
      000B74 08               [12] 2982 	inc	r0
      000B75 86 F0            [24] 2983 	mov	b,@r0
      000B77 12r07rE0         [24] 2984 	lcall	_usb_key_equals
      000B7A AC 82            [24] 2985 	mov	r4,dpl
      000B7C E5 81            [12] 2986 	mov	a,sp
      000B7E 24 FC            [12] 2987 	add	a,#0xfc
      000B80 F5 81            [12] 2988 	mov	sp,a
      000B82 EC               [12] 2989 	mov	a,r4
      000B83 70 03            [24] 2990 	jnz	00184$
      000B85 02r0Cr57         [24] 2991 	ljmp	00116$
      000B88                       2992 00184$:
                                   2993 ;	C:\Users\tonyp\Downloads\ch552-turbo-fan-ctrl\src\usb_protocol.c:195: uint32_t rpm = usb_parse_u32(value);
      000B88 E5*00            [12] 2994 	mov	a,_bp
      000B8A 24 F7            [12] 2995 	add	a,#0xf7
      000B8C F8               [12] 2996 	mov	r0,a
      000B8D 86 82            [24] 2997 	mov	dpl,@r0
      000B8F 08               [12] 2998 	inc	r0
      000B90 86 83            [24] 2999 	mov	dph,@r0
      000B92 08               [12] 3000 	inc	r0
      000B93 86 F0            [24] 3001 	mov	b,@r0
      000B95 12r01r8E         [24] 3002 	lcall	_usb_parse_u32
      000B98 AF 82            [24] 3003 	mov	r7,dpl
      000B9A AE 83            [24] 3004 	mov	r6,dph
      000B9C AD F0            [24] 3005 	mov	r5,b
      000B9E FC               [12] 3006 	mov	r4,a
      000B9F E5*00            [12] 3007 	mov	a,_bp
      000BA1 24 0C            [12] 3008 	add	a,#0x0c
      000BA3 F8               [12] 3009 	mov	r0,a
      000BA4 A6 07            [24] 3010 	mov	@r0,ar7
      000BA6 08               [12] 3011 	inc	r0
      000BA7 A6 06            [24] 3012 	mov	@r0,ar6
      000BA9 08               [12] 3013 	inc	r0
      000BAA A6 05            [24] 3014 	mov	@r0,ar5
      000BAC 08               [12] 3015 	inc	r0
      000BAD A6 04            [24] 3016 	mov	@r0,ar4
                                   3017 ;	C:\Users\tonyp\Downloads\ch552-turbo-fan-ctrl\src\usb_protocol.c:196: if (rpm < RPM_TARGET_MIN || rpm > RPM_TARGET_MAX) {
      000BAF E5*00            [12] 3018 	mov	a,_bp
      000BB1 24 0C            [12] 3019 	add	a,#0x0c
      000BB3 F8               [12] 3020 	mov	r0,a
      000BB4 C3               [12] 3021 	clr	c
      000BB5 E6               [12] 3022 	mov	a,@r0
      000BB6 94 58            [12] 3023 	subb	a,#0x58
      000BB8 08               [12] 3024 	inc	r0
      000BB9 E6               [12] 3025 	mov	a,@r0
      000BBA 94 02            [12] 3026 	subb	a,#0x02
      000BBC 08               [12] 3027 	inc	r0
      000BBD E6               [12] 3028 	mov	a,@r0
      000BBE 94 00            [12] 3029 	subb	a,#0x00
      000BC0 08               [12] 3030 	inc	r0
      000BC1 E6               [12] 3031 	mov	a,@r0
      000BC2 94 00            [12] 3032 	subb	a,#0x00
      000BC4 40 15            [24] 3033 	jc	00112$
      000BC6 E5*00            [12] 3034 	mov	a,_bp
      000BC8 24 0C            [12] 3035 	add	a,#0x0c
      000BCA F8               [12] 3036 	mov	r0,a
      000BCB C3               [12] 3037 	clr	c
      000BCC 74 B8            [12] 3038 	mov	a,#0xb8
      000BCE 96               [12] 3039 	subb	a,@r0
      000BCF 74 0B            [12] 3040 	mov	a,#0x0b
      000BD1 08               [12] 3041 	inc	r0
      000BD2 96               [12] 3042 	subb	a,@r0
      000BD3 E4               [12] 3043 	clr	a
      000BD4 08               [12] 3044 	inc	r0
      000BD5 96               [12] 3045 	subb	a,@r0
      000BD6 E4               [12] 3046 	clr	a
      000BD7 08               [12] 3047 	inc	r0
      000BD8 96               [12] 3048 	subb	a,@r0
      000BD9 50 0F            [24] 3049 	jnc	00113$
      000BDB                       3050 00112$:
                                   3051 ;	C:\Users\tonyp\Downloads\ch552-turbo-fan-ctrl\src\usb_protocol.c:197: serial_println_str("ERR:RPM_OUT_OF_RANGE");
      000BDB 90r00r43         [24] 3052 	mov	dptr,#___str_9
      000BDE 75 F0 80         [24] 3053 	mov	b,#0x80
      000BE1 12r00r00         [24] 3054 	lcall	_serial_println_str
                                   3055 ;	C:\Users\tonyp\Downloads\ch552-turbo-fan-ctrl\src\usb_protocol.c:198: return true;
      000BE4 75 82 01         [24] 3056 	mov	dpl,#0x01
      000BE7 02r0FrA5         [24] 3057 	ljmp	00128$
      000BEA                       3058 00113$:
                                   3059 ;	C:\Users\tonyp\Downloads\ch552-turbo-fan-ctrl\src\usb_protocol.c:200: uc->target_rpm_override = rpm;
      000BEA A8*00            [24] 3060 	mov	r0,_bp
      000BEC 08               [12] 3061 	inc	r0
      000BED 74 4C            [12] 3062 	mov	a,#0x4c
      000BEF 26               [12] 3063 	add	a,@r0
      000BF0 FA               [12] 3064 	mov	r2,a
      000BF1 E4               [12] 3065 	clr	a
      000BF2 08               [12] 3066 	inc	r0
      000BF3 36               [12] 3067 	addc	a,@r0
      000BF4 FB               [12] 3068 	mov	r3,a
      000BF5 08               [12] 3069 	inc	r0
      000BF6 86 04            [24] 3070 	mov	ar4,@r0
      000BF8 8A 82            [24] 3071 	mov	dpl,r2
      000BFA 8B 83            [24] 3072 	mov	dph,r3
      000BFC 8C F0            [24] 3073 	mov	b,r4
      000BFE E5*00            [12] 3074 	mov	a,_bp
      000C00 24 0C            [12] 3075 	add	a,#0x0c
      000C02 F8               [12] 3076 	mov	r0,a
      000C03 E6               [12] 3077 	mov	a,@r0
      000C04 12r00r00         [24] 3078 	lcall	__gptrput
      000C07 A3               [24] 3079 	inc	dptr
      000C08 08               [12] 3080 	inc	r0
      000C09 E6               [12] 3081 	mov	a,@r0
      000C0A 12r00r00         [24] 3082 	lcall	__gptrput
      000C0D A3               [24] 3083 	inc	dptr
      000C0E 08               [12] 3084 	inc	r0
      000C0F E6               [12] 3085 	mov	a,@r0
      000C10 12r00r00         [24] 3086 	lcall	__gptrput
      000C13 A3               [24] 3087 	inc	dptr
      000C14 08               [12] 3088 	inc	r0
      000C15 E6               [12] 3089 	mov	a,@r0
      000C16 12r00r00         [24] 3090 	lcall	__gptrput
                                   3091 ;	C:\Users\tonyp\Downloads\ch552-turbo-fan-ctrl\src\usb_protocol.c:201: uc->rpm_override_active = true;
      000C19 A8*00            [24] 3092 	mov	r0,_bp
      000C1B 08               [12] 3093 	inc	r0
      000C1C 74 5E            [12] 3094 	mov	a,#0x5e
      000C1E 26               [12] 3095 	add	a,@r0
      000C1F FA               [12] 3096 	mov	r2,a
      000C20 E4               [12] 3097 	clr	a
      000C21 08               [12] 3098 	inc	r0
      000C22 36               [12] 3099 	addc	a,@r0
      000C23 FB               [12] 3100 	mov	r3,a
      000C24 08               [12] 3101 	inc	r0
      000C25 86 04            [24] 3102 	mov	ar4,@r0
      000C27 8A 82            [24] 3103 	mov	dpl,r2
      000C29 8B 83            [24] 3104 	mov	dph,r3
      000C2B 8C F0            [24] 3105 	mov	b,r4
      000C2D 74 01            [12] 3106 	mov	a,#0x01
      000C2F 12r00r00         [24] 3107 	lcall	__gptrput
                                   3108 ;	C:\Users\tonyp\Downloads\ch552-turbo-fan-ctrl\src\usb_protocol.c:202: usb_reply_ok_key_uint("RPM", rpm);
      000C32 E5*00            [12] 3109 	mov	a,_bp
      000C34 24 0C            [12] 3110 	add	a,#0x0c
      000C36 F8               [12] 3111 	mov	r0,a
      000C37 90r00r09         [24] 3112 	mov	dptr,#_usb_reply_ok_key_uint_PARM_2
      000C3A E6               [12] 3113 	mov	a,@r0
      000C3B F0               [24] 3114 	movx	@dptr,a
      000C3C 08               [12] 3115 	inc	r0
      000C3D E6               [12] 3116 	mov	a,@r0
      000C3E A3               [24] 3117 	inc	dptr
      000C3F F0               [24] 3118 	movx	@dptr,a
      000C40 08               [12] 3119 	inc	r0
      000C41 E6               [12] 3120 	mov	a,@r0
      000C42 A3               [24] 3121 	inc	dptr
      000C43 F0               [24] 3122 	movx	@dptr,a
      000C44 08               [12] 3123 	inc	r0
      000C45 E6               [12] 3124 	mov	a,@r0
      000C46 A3               [24] 3125 	inc	dptr
      000C47 F0               [24] 3126 	movx	@dptr,a
      000C48 90r00r3F         [24] 3127 	mov	dptr,#___str_8
      000C4B 75 F0 80         [24] 3128 	mov	b,#0x80
      000C4E 12r06rE6         [24] 3129 	lcall	_usb_reply_ok_key_uint
                                   3130 ;	C:\Users\tonyp\Downloads\ch552-turbo-fan-ctrl\src\usb_protocol.c:203: return true;
      000C51 75 82 01         [24] 3131 	mov	dpl,#0x01
      000C54 02r0FrA5         [24] 3132 	ljmp	00128$
      000C57                       3133 00116$:
                                   3134 ;	C:\Users\tonyp\Downloads\ch552-turbo-fan-ctrl\src\usb_protocol.c:206: if (usb_key_equals(key, key_len, "PWM")) {
      000C57 74r58            [12] 3135 	mov	a,#___str_10
      000C59 C0 E0            [24] 3136 	push	acc
      000C5B 74s00            [12] 3137 	mov	a,#(___str_10 >> 8)
      000C5D C0 E0            [24] 3138 	push	acc
      000C5F 74 80            [12] 3139 	mov	a,#0x80
      000C61 C0 E0            [24] 3140 	push	acc
      000C63 E5*00            [12] 3141 	mov	a,_bp
      000C65 24 FA            [12] 3142 	add	a,#0xfa
      000C67 F8               [12] 3143 	mov	r0,a
      000C68 E6               [12] 3144 	mov	a,@r0
      000C69 C0 E0            [24] 3145 	push	acc
      000C6B E5*00            [12] 3146 	mov	a,_bp
      000C6D 24 FB            [12] 3147 	add	a,#0xfb
      000C6F F8               [12] 3148 	mov	r0,a
      000C70 86 82            [24] 3149 	mov	dpl,@r0
      000C72 08               [12] 3150 	inc	r0
      000C73 86 83            [24] 3151 	mov	dph,@r0
      000C75 08               [12] 3152 	inc	r0
      000C76 86 F0            [24] 3153 	mov	b,@r0
      000C78 12r07rE0         [24] 3154 	lcall	_usb_key_equals
      000C7B AC 82            [24] 3155 	mov	r4,dpl
      000C7D E5 81            [12] 3156 	mov	a,sp
      000C7F 24 FC            [12] 3157 	add	a,#0xfc
      000C81 F5 81            [12] 3158 	mov	sp,a
      000C83 EC               [12] 3159 	mov	a,r4
      000C84 70 03            [24] 3160 	jnz	00187$
      000C86 02r0Dr42         [24] 3161 	ljmp	00121$
      000C89                       3162 00187$:
                                   3163 ;	C:\Users\tonyp\Downloads\ch552-turbo-fan-ctrl\src\usb_protocol.c:207: int duty = usb_parse_i32(value);
      000C89 E5*00            [12] 3164 	mov	a,_bp
      000C8B 24 F7            [12] 3165 	add	a,#0xf7
      000C8D F8               [12] 3166 	mov	r0,a
      000C8E 86 82            [24] 3167 	mov	dpl,@r0
      000C90 08               [12] 3168 	inc	r0
      000C91 86 83            [24] 3169 	mov	dph,@r0
      000C93 08               [12] 3170 	inc	r0
      000C94 86 F0            [24] 3171 	mov	b,@r0
      000C96 12r02r56         [24] 3172 	lcall	_usb_parse_i32
      000C99 AB 82            [24] 3173 	mov	r3,dpl
      000C9B AC 83            [24] 3174 	mov	r4,dph
      000C9D E5*00            [12] 3175 	mov	a,_bp
      000C9F 24 0C            [12] 3176 	add	a,#0x0c
      000CA1 F8               [12] 3177 	mov	r0,a
      000CA2 A6 03            [24] 3178 	mov	@r0,ar3
      000CA4 08               [12] 3179 	inc	r0
      000CA5 A6 04            [24] 3180 	mov	@r0,ar4
                                   3181 ;	C:\Users\tonyp\Downloads\ch552-turbo-fan-ctrl\src\usb_protocol.c:208: if (duty < 0 || duty > 255) {
      000CA7 E5*00            [12] 3182 	mov	a,_bp
      000CA9 24 0C            [12] 3183 	add	a,#0x0c
      000CAB F8               [12] 3184 	mov	r0,a
      000CAC 08               [12] 3185 	inc	r0
      000CAD E6               [12] 3186 	mov	a,@r0
      000CAE 20 E7 15         [24] 3187 	jb	acc.7,00117$
      000CB1 E5*00            [12] 3188 	mov	a,_bp
      000CB3 24 0C            [12] 3189 	add	a,#0x0c
      000CB5 F8               [12] 3190 	mov	r0,a
      000CB6 C3               [12] 3191 	clr	c
      000CB7 74 FF            [12] 3192 	mov	a,#0xff
      000CB9 96               [12] 3193 	subb	a,@r0
      000CBA 74 80            [12] 3194 	mov	a,#(0x00 ^ 0x80)
      000CBC 08               [12] 3195 	inc	r0
      000CBD 86 F0            [24] 3196 	mov	b,@r0
      000CBF 63 F0 80         [24] 3197 	xrl	b,#0x80
      000CC2 95 F0            [12] 3198 	subb	a,b
      000CC4 50 0F            [24] 3199 	jnc	00118$
      000CC6                       3200 00117$:
                                   3201 ;	C:\Users\tonyp\Downloads\ch552-turbo-fan-ctrl\src\usb_protocol.c:209: serial_println_str("ERR:PWM_OUT_OF_RANGE");
      000CC6 90r00r5C         [24] 3202 	mov	dptr,#___str_11
      000CC9 75 F0 80         [24] 3203 	mov	b,#0x80
      000CCC 12r00r00         [24] 3204 	lcall	_serial_println_str
                                   3205 ;	C:\Users\tonyp\Downloads\ch552-turbo-fan-ctrl\src\usb_protocol.c:210: return true;
      000CCF 75 82 01         [24] 3206 	mov	dpl,#0x01
      000CD2 02r0FrA5         [24] 3207 	ljmp	00128$
      000CD5                       3208 00118$:
                                   3209 ;	C:\Users\tonyp\Downloads\ch552-turbo-fan-ctrl\src\usb_protocol.c:212: uc->override_pwm_duty = (uint8_t)duty;
      000CD5 A8*00            [24] 3210 	mov	r0,_bp
      000CD7 08               [12] 3211 	inc	r0
      000CD8 74 5C            [12] 3212 	mov	a,#0x5c
      000CDA 26               [12] 3213 	add	a,@r0
      000CDB FA               [12] 3214 	mov	r2,a
      000CDC E4               [12] 3215 	clr	a
      000CDD 08               [12] 3216 	inc	r0
      000CDE 36               [12] 3217 	addc	a,@r0
      000CDF FB               [12] 3218 	mov	r3,a
      000CE0 08               [12] 3219 	inc	r0
      000CE1 86 04            [24] 3220 	mov	ar4,@r0
      000CE3 E5*00            [12] 3221 	mov	a,_bp
      000CE5 24 0C            [12] 3222 	add	a,#0x0c
      000CE7 F8               [12] 3223 	mov	r0,a
      000CE8 86 07            [24] 3224 	mov	ar7,@r0
      000CEA 8A 82            [24] 3225 	mov	dpl,r2
      000CEC 8B 83            [24] 3226 	mov	dph,r3
      000CEE 8C F0            [24] 3227 	mov	b,r4
      000CF0 EF               [12] 3228 	mov	a,r7
      000CF1 12r00r00         [24] 3229 	lcall	__gptrput
                                   3230 ;	C:\Users\tonyp\Downloads\ch552-turbo-fan-ctrl\src\usb_protocol.c:213: uc->pwm_duty_overridden = true;
      000CF4 A8*00            [24] 3231 	mov	r0,_bp
      000CF6 08               [12] 3232 	inc	r0
      000CF7 74 60            [12] 3233 	mov	a,#0x60
      000CF9 26               [12] 3234 	add	a,@r0
      000CFA FD               [12] 3235 	mov	r5,a
      000CFB E4               [12] 3236 	clr	a
      000CFC 08               [12] 3237 	inc	r0
      000CFD 36               [12] 3238 	addc	a,@r0
      000CFE FE               [12] 3239 	mov	r6,a
      000CFF 08               [12] 3240 	inc	r0
      000D00 86 07            [24] 3241 	mov	ar7,@r0
      000D02 8D 82            [24] 3242 	mov	dpl,r5
      000D04 8E 83            [24] 3243 	mov	dph,r6
      000D06 8F F0            [24] 3244 	mov	b,r7
      000D08 74 01            [12] 3245 	mov	a,#0x01
      000D0A 12r00r00         [24] 3246 	lcall	__gptrput
                                   3247 ;	C:\Users\tonyp\Downloads\ch552-turbo-fan-ctrl\src\usb_protocol.c:214: uc->override_active = true;
      000D0D A8*00            [24] 3248 	mov	r0,_bp
      000D0F 08               [12] 3249 	inc	r0
      000D10 74 5D            [12] 3250 	mov	a,#0x5d
      000D12 26               [12] 3251 	add	a,@r0
      000D13 FD               [12] 3252 	mov	r5,a
      000D14 E4               [12] 3253 	clr	a
      000D15 08               [12] 3254 	inc	r0
      000D16 36               [12] 3255 	addc	a,@r0
      000D17 FE               [12] 3256 	mov	r6,a
      000D18 08               [12] 3257 	inc	r0
      000D19 86 07            [24] 3258 	mov	ar7,@r0
      000D1B 8D 82            [24] 3259 	mov	dpl,r5
      000D1D 8E 83            [24] 3260 	mov	dph,r6
      000D1F 8F F0            [24] 3261 	mov	b,r7
      000D21 74 01            [12] 3262 	mov	a,#0x01
      000D23 12r00r00         [24] 3263 	lcall	__gptrput
                                   3264 ;	C:\Users\tonyp\Downloads\ch552-turbo-fan-ctrl\src\usb_protocol.c:215: serial_print_str("OK:PWM=");
      000D26 90r00r71         [24] 3265 	mov	dptr,#___str_12
      000D29 75 F0 80         [24] 3266 	mov	b,#0x80
      000D2C 12r00r00         [24] 3267 	lcall	_serial_print_str
                                   3268 ;	C:\Users\tonyp\Downloads\ch552-turbo-fan-ctrl\src\usb_protocol.c:216: serial_println_int(duty);
      000D2F E5*00            [12] 3269 	mov	a,_bp
      000D31 24 0C            [12] 3270 	add	a,#0x0c
      000D33 F8               [12] 3271 	mov	r0,a
      000D34 86 82            [24] 3272 	mov	dpl,@r0
      000D36 08               [12] 3273 	inc	r0
      000D37 86 83            [24] 3274 	mov	dph,@r0
      000D39 12r00r00         [24] 3275 	lcall	_serial_println_int
                                   3276 ;	C:\Users\tonyp\Downloads\ch552-turbo-fan-ctrl\src\usb_protocol.c:217: return true;
      000D3C 75 82 01         [24] 3277 	mov	dpl,#0x01
      000D3F 02r0FrA5         [24] 3278 	ljmp	00128$
      000D42                       3279 00121$:
                                   3280 ;	C:\Users\tonyp\Downloads\ch552-turbo-fan-ctrl\src\usb_protocol.c:220: if (usb_key_equals(key, key_len, "TEMP_MIN")) {
      000D42 74r79            [12] 3281 	mov	a,#___str_13
      000D44 C0 E0            [24] 3282 	push	acc
      000D46 74s00            [12] 3283 	mov	a,#(___str_13 >> 8)
      000D48 C0 E0            [24] 3284 	push	acc
      000D4A 74 80            [12] 3285 	mov	a,#0x80
      000D4C C0 E0            [24] 3286 	push	acc
      000D4E E5*00            [12] 3287 	mov	a,_bp
      000D50 24 FA            [12] 3288 	add	a,#0xfa
      000D52 F8               [12] 3289 	mov	r0,a
      000D53 E6               [12] 3290 	mov	a,@r0
      000D54 C0 E0            [24] 3291 	push	acc
      000D56 E5*00            [12] 3292 	mov	a,_bp
      000D58 24 FB            [12] 3293 	add	a,#0xfb
      000D5A F8               [12] 3294 	mov	r0,a
      000D5B 86 82            [24] 3295 	mov	dpl,@r0
      000D5D 08               [12] 3296 	inc	r0
      000D5E 86 83            [24] 3297 	mov	dph,@r0
      000D60 08               [12] 3298 	inc	r0
      000D61 86 F0            [24] 3299 	mov	b,@r0
      000D63 12r07rE0         [24] 3300 	lcall	_usb_key_equals
      000D66 AF 82            [24] 3301 	mov	r7,dpl
      000D68 E5 81            [12] 3302 	mov	a,sp
      000D6A 24 FC            [12] 3303 	add	a,#0xfc
      000D6C F5 81            [12] 3304 	mov	sp,a
      000D6E EF               [12] 3305 	mov	a,r7
      000D6F 70 03            [24] 3306 	jnz	00190$
      000D71 02r0Er0D         [24] 3307 	ljmp	00123$
      000D74                       3308 00190$:
                                   3309 ;	C:\Users\tonyp\Downloads\ch552-turbo-fan-ctrl\src\usb_protocol.c:221: uc->override_temp_min = usb_parse_float(value);
      000D74 A8*00            [24] 3310 	mov	r0,_bp
      000D76 08               [12] 3311 	inc	r0
      000D77 74 50            [12] 3312 	mov	a,#0x50
      000D79 26               [12] 3313 	add	a,@r0
      000D7A FF               [12] 3314 	mov	r7,a
      000D7B E4               [12] 3315 	clr	a
      000D7C 08               [12] 3316 	inc	r0
      000D7D 36               [12] 3317 	addc	a,@r0
      000D7E FE               [12] 3318 	mov	r6,a
      000D7F 08               [12] 3319 	inc	r0
      000D80 86 05            [24] 3320 	mov	ar5,@r0
      000D82 E5*00            [12] 3321 	mov	a,_bp
      000D84 24 F7            [12] 3322 	add	a,#0xf7
      000D86 F8               [12] 3323 	mov	r0,a
      000D87 86 82            [24] 3324 	mov	dpl,@r0
      000D89 08               [12] 3325 	inc	r0
      000D8A 86 83            [24] 3326 	mov	dph,@r0
      000D8C 08               [12] 3327 	inc	r0
      000D8D 86 F0            [24] 3328 	mov	b,@r0
      000D8F C0 07            [24] 3329 	push	ar7
      000D91 C0 06            [24] 3330 	push	ar6
      000D93 C0 05            [24] 3331 	push	ar5
      000D95 12r03r16         [24] 3332 	lcall	_usb_parse_float
      000D98 C8               [12] 3333 	xch	a,r0
      000D99 E5*00            [12] 3334 	mov	a,_bp
      000D9B 24 04            [12] 3335 	add	a,#0x04
      000D9D C8               [12] 3336 	xch	a,r0
      000D9E A6 82            [24] 3337 	mov	@r0,dpl
      000DA0 08               [12] 3338 	inc	r0
      000DA1 A6 83            [24] 3339 	mov	@r0,dph
      000DA3 08               [12] 3340 	inc	r0
      000DA4 A6 F0            [24] 3341 	mov	@r0,b
      000DA6 08               [12] 3342 	inc	r0
      000DA7 F6               [12] 3343 	mov	@r0,a
      000DA8 D0 05            [24] 3344 	pop	ar5
      000DAA D0 06            [24] 3345 	pop	ar6
      000DAC D0 07            [24] 3346 	pop	ar7
      000DAE 8F 82            [24] 3347 	mov	dpl,r7
      000DB0 8E 83            [24] 3348 	mov	dph,r6
      000DB2 8D F0            [24] 3349 	mov	b,r5
      000DB4 E5*00            [12] 3350 	mov	a,_bp
      000DB6 24 04            [12] 3351 	add	a,#0x04
      000DB8 F8               [12] 3352 	mov	r0,a
      000DB9 E6               [12] 3353 	mov	a,@r0
      000DBA 12r00r00         [24] 3354 	lcall	__gptrput
      000DBD A3               [24] 3355 	inc	dptr
      000DBE 08               [12] 3356 	inc	r0
      000DBF E6               [12] 3357 	mov	a,@r0
      000DC0 12r00r00         [24] 3358 	lcall	__gptrput
      000DC3 A3               [24] 3359 	inc	dptr
      000DC4 08               [12] 3360 	inc	r0
      000DC5 E6               [12] 3361 	mov	a,@r0
      000DC6 12r00r00         [24] 3362 	lcall	__gptrput
      000DC9 A3               [24] 3363 	inc	dptr
      000DCA 08               [12] 3364 	inc	r0
      000DCB E6               [12] 3365 	mov	a,@r0
      000DCC 12r00r00         [24] 3366 	lcall	__gptrput
                                   3367 ;	C:\Users\tonyp\Downloads\ch552-turbo-fan-ctrl\src\usb_protocol.c:222: uc->temp_params_overridden = true;
      000DCF A8*00            [24] 3368 	mov	r0,_bp
      000DD1 08               [12] 3369 	inc	r0
      000DD2 74 5F            [12] 3370 	mov	a,#0x5f
      000DD4 26               [12] 3371 	add	a,@r0
      000DD5 FD               [12] 3372 	mov	r5,a
      000DD6 E4               [12] 3373 	clr	a
      000DD7 08               [12] 3374 	inc	r0
      000DD8 36               [12] 3375 	addc	a,@r0
      000DD9 FE               [12] 3376 	mov	r6,a
      000DDA 08               [12] 3377 	inc	r0
      000DDB 86 07            [24] 3378 	mov	ar7,@r0
      000DDD 8D 82            [24] 3379 	mov	dpl,r5
      000DDF 8E 83            [24] 3380 	mov	dph,r6
      000DE1 8F F0            [24] 3381 	mov	b,r7
      000DE3 74 01            [12] 3382 	mov	a,#0x01
      000DE5 12r00r00         [24] 3383 	lcall	__gptrput
                                   3384 ;	C:\Users\tonyp\Downloads\ch552-turbo-fan-ctrl\src\usb_protocol.c:223: usb_reply_ok_key_float1("TEMP_MIN", uc->override_temp_min);
      000DE8 E5*00            [12] 3385 	mov	a,_bp
      000DEA 24 04            [12] 3386 	add	a,#0x04
      000DEC F8               [12] 3387 	mov	r0,a
      000DED 90r00r10         [24] 3388 	mov	dptr,#_usb_reply_ok_key_float1_PARM_2
      000DF0 E6               [12] 3389 	mov	a,@r0
      000DF1 F0               [24] 3390 	movx	@dptr,a
      000DF2 08               [12] 3391 	inc	r0
      000DF3 E6               [12] 3392 	mov	a,@r0
      000DF4 A3               [24] 3393 	inc	dptr
      000DF5 F0               [24] 3394 	movx	@dptr,a
      000DF6 08               [12] 3395 	inc	r0
      000DF7 E6               [12] 3396 	mov	a,@r0
      000DF8 A3               [24] 3397 	inc	dptr
      000DF9 F0               [24] 3398 	movx	@dptr,a
      000DFA 08               [12] 3399 	inc	r0
      000DFB E6               [12] 3400 	mov	a,@r0
      000DFC A3               [24] 3401 	inc	dptr
      000DFD F0               [24] 3402 	movx	@dptr,a
      000DFE 90r00r79         [24] 3403 	mov	dptr,#___str_13
      000E01 75 F0 80         [24] 3404 	mov	b,#0x80
      000E04 12r07r32         [24] 3405 	lcall	_usb_reply_ok_key_float1
                                   3406 ;	C:\Users\tonyp\Downloads\ch552-turbo-fan-ctrl\src\usb_protocol.c:224: return true;
      000E07 75 82 01         [24] 3407 	mov	dpl,#0x01
      000E0A 02r0FrA5         [24] 3408 	ljmp	00128$
      000E0D                       3409 00123$:
                                   3410 ;	C:\Users\tonyp\Downloads\ch552-turbo-fan-ctrl\src\usb_protocol.c:227: if (usb_key_equals(key, key_len, "TEMP_MAX")) {
      000E0D 74r82            [12] 3411 	mov	a,#___str_14
      000E0F C0 E0            [24] 3412 	push	acc
      000E11 74s00            [12] 3413 	mov	a,#(___str_14 >> 8)
      000E13 C0 E0            [24] 3414 	push	acc
      000E15 74 80            [12] 3415 	mov	a,#0x80
      000E17 C0 E0            [24] 3416 	push	acc
      000E19 E5*00            [12] 3417 	mov	a,_bp
      000E1B 24 FA            [12] 3418 	add	a,#0xfa
      000E1D F8               [12] 3419 	mov	r0,a
      000E1E E6               [12] 3420 	mov	a,@r0
      000E1F C0 E0            [24] 3421 	push	acc
      000E21 E5*00            [12] 3422 	mov	a,_bp
      000E23 24 FB            [12] 3423 	add	a,#0xfb
      000E25 F8               [12] 3424 	mov	r0,a
      000E26 86 82            [24] 3425 	mov	dpl,@r0
      000E28 08               [12] 3426 	inc	r0
      000E29 86 83            [24] 3427 	mov	dph,@r0
      000E2B 08               [12] 3428 	inc	r0
      000E2C 86 F0            [24] 3429 	mov	b,@r0
      000E2E 12r07rE0         [24] 3430 	lcall	_usb_key_equals
      000E31 AF 82            [24] 3431 	mov	r7,dpl
      000E33 E5 81            [12] 3432 	mov	a,sp
      000E35 24 FC            [12] 3433 	add	a,#0xfc
      000E37 F5 81            [12] 3434 	mov	sp,a
      000E39 EF               [12] 3435 	mov	a,r7
      000E3A 70 03            [24] 3436 	jnz	00191$
      000E3C 02r0ErD8         [24] 3437 	ljmp	00125$
      000E3F                       3438 00191$:
                                   3439 ;	C:\Users\tonyp\Downloads\ch552-turbo-fan-ctrl\src\usb_protocol.c:228: uc->override_temp_max = usb_parse_float(value);
      000E3F A8*00            [24] 3440 	mov	r0,_bp
      000E41 08               [12] 3441 	inc	r0
      000E42 74 54            [12] 3442 	mov	a,#0x54
      000E44 26               [12] 3443 	add	a,@r0
      000E45 FF               [12] 3444 	mov	r7,a
      000E46 E4               [12] 3445 	clr	a
      000E47 08               [12] 3446 	inc	r0
      000E48 36               [12] 3447 	addc	a,@r0
      000E49 FE               [12] 3448 	mov	r6,a
      000E4A 08               [12] 3449 	inc	r0
      000E4B 86 05            [24] 3450 	mov	ar5,@r0
      000E4D E5*00            [12] 3451 	mov	a,_bp
      000E4F 24 F7            [12] 3452 	add	a,#0xf7
      000E51 F8               [12] 3453 	mov	r0,a
      000E52 86 82            [24] 3454 	mov	dpl,@r0
      000E54 08               [12] 3455 	inc	r0
      000E55 86 83            [24] 3456 	mov	dph,@r0
      000E57 08               [12] 3457 	inc	r0
      000E58 86 F0            [24] 3458 	mov	b,@r0
      000E5A C0 07            [24] 3459 	push	ar7
      000E5C C0 06            [24] 3460 	push	ar6
      000E5E C0 05            [24] 3461 	push	ar5
      000E60 12r03r16         [24] 3462 	lcall	_usb_parse_float
      000E63 C8               [12] 3463 	xch	a,r0
      000E64 E5*00            [12] 3464 	mov	a,_bp
      000E66 24 08            [12] 3465 	add	a,#0x08
      000E68 C8               [12] 3466 	xch	a,r0
      000E69 A6 82            [24] 3467 	mov	@r0,dpl
      000E6B 08               [12] 3468 	inc	r0
      000E6C A6 83            [24] 3469 	mov	@r0,dph
      000E6E 08               [12] 3470 	inc	r0
      000E6F A6 F0            [24] 3471 	mov	@r0,b
      000E71 08               [12] 3472 	inc	r0
      000E72 F6               [12] 3473 	mov	@r0,a
      000E73 D0 05            [24] 3474 	pop	ar5
      000E75 D0 06            [24] 3475 	pop	ar6
      000E77 D0 07            [24] 3476 	pop	ar7
      000E79 8F 82            [24] 3477 	mov	dpl,r7
      000E7B 8E 83            [24] 3478 	mov	dph,r6
      000E7D 8D F0            [24] 3479 	mov	b,r5
      000E7F E5*00            [12] 3480 	mov	a,_bp
      000E81 24 08            [12] 3481 	add	a,#0x08
      000E83 F8               [12] 3482 	mov	r0,a
      000E84 E6               [12] 3483 	mov	a,@r0
      000E85 12r00r00         [24] 3484 	lcall	__gptrput
      000E88 A3               [24] 3485 	inc	dptr
      000E89 08               [12] 3486 	inc	r0
      000E8A E6               [12] 3487 	mov	a,@r0
      000E8B 12r00r00         [24] 3488 	lcall	__gptrput
      000E8E A3               [24] 3489 	inc	dptr
      000E8F 08               [12] 3490 	inc	r0
      000E90 E6               [12] 3491 	mov	a,@r0
      000E91 12r00r00         [24] 3492 	lcall	__gptrput
      000E94 A3               [24] 3493 	inc	dptr
      000E95 08               [12] 3494 	inc	r0
      000E96 E6               [12] 3495 	mov	a,@r0
      000E97 12r00r00         [24] 3496 	lcall	__gptrput
                                   3497 ;	C:\Users\tonyp\Downloads\ch552-turbo-fan-ctrl\src\usb_protocol.c:229: uc->temp_params_overridden = true;
      000E9A A8*00            [24] 3498 	mov	r0,_bp
      000E9C 08               [12] 3499 	inc	r0
      000E9D 74 5F            [12] 3500 	mov	a,#0x5f
      000E9F 26               [12] 3501 	add	a,@r0
      000EA0 FD               [12] 3502 	mov	r5,a
      000EA1 E4               [12] 3503 	clr	a
      000EA2 08               [12] 3504 	inc	r0
      000EA3 36               [12] 3505 	addc	a,@r0
      000EA4 FE               [12] 3506 	mov	r6,a
      000EA5 08               [12] 3507 	inc	r0
      000EA6 86 07            [24] 3508 	mov	ar7,@r0
      000EA8 8D 82            [24] 3509 	mov	dpl,r5
      000EAA 8E 83            [24] 3510 	mov	dph,r6
      000EAC 8F F0            [24] 3511 	mov	b,r7
      000EAE 74 01            [12] 3512 	mov	a,#0x01
      000EB0 12r00r00         [24] 3513 	lcall	__gptrput
                                   3514 ;	C:\Users\tonyp\Downloads\ch552-turbo-fan-ctrl\src\usb_protocol.c:230: usb_reply_ok_key_float1("TEMP_MAX", uc->override_temp_max);
      000EB3 E5*00            [12] 3515 	mov	a,_bp
      000EB5 24 08            [12] 3516 	add	a,#0x08
      000EB7 F8               [12] 3517 	mov	r0,a
      000EB8 90r00r10         [24] 3518 	mov	dptr,#_usb_reply_ok_key_float1_PARM_2
      000EBB E6               [12] 3519 	mov	a,@r0
      000EBC F0               [24] 3520 	movx	@dptr,a
      000EBD 08               [12] 3521 	inc	r0
      000EBE E6               [12] 3522 	mov	a,@r0
      000EBF A3               [24] 3523 	inc	dptr
      000EC0 F0               [24] 3524 	movx	@dptr,a
      000EC1 08               [12] 3525 	inc	r0
      000EC2 E6               [12] 3526 	mov	a,@r0
      000EC3 A3               [24] 3527 	inc	dptr
      000EC4 F0               [24] 3528 	movx	@dptr,a
      000EC5 08               [12] 3529 	inc	r0
      000EC6 E6               [12] 3530 	mov	a,@r0
      000EC7 A3               [24] 3531 	inc	dptr
      000EC8 F0               [24] 3532 	movx	@dptr,a
      000EC9 90r00r82         [24] 3533 	mov	dptr,#___str_14
      000ECC 75 F0 80         [24] 3534 	mov	b,#0x80
      000ECF 12r07r32         [24] 3535 	lcall	_usb_reply_ok_key_float1
                                   3536 ;	C:\Users\tonyp\Downloads\ch552-turbo-fan-ctrl\src\usb_protocol.c:231: return true;
      000ED2 75 82 01         [24] 3537 	mov	dpl,#0x01
      000ED5 02r0FrA5         [24] 3538 	ljmp	00128$
      000ED8                       3539 00125$:
                                   3540 ;	C:\Users\tonyp\Downloads\ch552-turbo-fan-ctrl\src\usb_protocol.c:234: if (usb_key_equals(key, key_len, "TEMP_OVERHEAT")) {
      000ED8 74r8B            [12] 3541 	mov	a,#___str_15
      000EDA C0 E0            [24] 3542 	push	acc
      000EDC 74s00            [12] 3543 	mov	a,#(___str_15 >> 8)
      000EDE C0 E0            [24] 3544 	push	acc
      000EE0 74 80            [12] 3545 	mov	a,#0x80
      000EE2 C0 E0            [24] 3546 	push	acc
      000EE4 E5*00            [12] 3547 	mov	a,_bp
      000EE6 24 FA            [12] 3548 	add	a,#0xfa
      000EE8 F8               [12] 3549 	mov	r0,a
      000EE9 E6               [12] 3550 	mov	a,@r0
      000EEA C0 E0            [24] 3551 	push	acc
      000EEC E5*00            [12] 3552 	mov	a,_bp
      000EEE 24 FB            [12] 3553 	add	a,#0xfb
      000EF0 F8               [12] 3554 	mov	r0,a
      000EF1 86 82            [24] 3555 	mov	dpl,@r0
      000EF3 08               [12] 3556 	inc	r0
      000EF4 86 83            [24] 3557 	mov	dph,@r0
      000EF6 08               [12] 3558 	inc	r0
      000EF7 86 F0            [24] 3559 	mov	b,@r0
      000EF9 12r07rE0         [24] 3560 	lcall	_usb_key_equals
      000EFC AF 82            [24] 3561 	mov	r7,dpl
      000EFE E5 81            [12] 3562 	mov	a,sp
      000F00 24 FC            [12] 3563 	add	a,#0xfc
      000F02 F5 81            [12] 3564 	mov	sp,a
      000F04 EF               [12] 3565 	mov	a,r7
      000F05 70 03            [24] 3566 	jnz	00192$
      000F07 02r0FrA2         [24] 3567 	ljmp	00127$
      000F0A                       3568 00192$:
                                   3569 ;	C:\Users\tonyp\Downloads\ch552-turbo-fan-ctrl\src\usb_protocol.c:235: uc->override_temp_overheat = usb_parse_float(value);
      000F0A A8*00            [24] 3570 	mov	r0,_bp
      000F0C 08               [12] 3571 	inc	r0
      000F0D 74 58            [12] 3572 	mov	a,#0x58
      000F0F 26               [12] 3573 	add	a,@r0
      000F10 FF               [12] 3574 	mov	r7,a
      000F11 E4               [12] 3575 	clr	a
      000F12 08               [12] 3576 	inc	r0
      000F13 36               [12] 3577 	addc	a,@r0
      000F14 FE               [12] 3578 	mov	r6,a
      000F15 08               [12] 3579 	inc	r0
      000F16 86 05            [24] 3580 	mov	ar5,@r0
      000F18 E5*00            [12] 3581 	mov	a,_bp
      000F1A 24 F7            [12] 3582 	add	a,#0xf7
      000F1C F8               [12] 3583 	mov	r0,a
      000F1D 86 82            [24] 3584 	mov	dpl,@r0
      000F1F 08               [12] 3585 	inc	r0
      000F20 86 83            [24] 3586 	mov	dph,@r0
      000F22 08               [12] 3587 	inc	r0
      000F23 86 F0            [24] 3588 	mov	b,@r0
      000F25 C0 07            [24] 3589 	push	ar7
      000F27 C0 06            [24] 3590 	push	ar6
      000F29 C0 05            [24] 3591 	push	ar5
      000F2B 12r03r16         [24] 3592 	lcall	_usb_parse_float
      000F2E C8               [12] 3593 	xch	a,r0
      000F2F E5*00            [12] 3594 	mov	a,_bp
      000F31 24 04            [12] 3595 	add	a,#0x04
      000F33 C8               [12] 3596 	xch	a,r0
      000F34 A6 82            [24] 3597 	mov	@r0,dpl
      000F36 08               [12] 3598 	inc	r0
      000F37 A6 83            [24] 3599 	mov	@r0,dph
      000F39 08               [12] 3600 	inc	r0
      000F3A A6 F0            [24] 3601 	mov	@r0,b
      000F3C 08               [12] 3602 	inc	r0
      000F3D F6               [12] 3603 	mov	@r0,a
      000F3E D0 05            [24] 3604 	pop	ar5
      000F40 D0 06            [24] 3605 	pop	ar6
      000F42 D0 07            [24] 3606 	pop	ar7
      000F44 8F 82            [24] 3607 	mov	dpl,r7
      000F46 8E 83            [24] 3608 	mov	dph,r6
      000F48 8D F0            [24] 3609 	mov	b,r5
      000F4A E5*00            [12] 3610 	mov	a,_bp
      000F4C 24 04            [12] 3611 	add	a,#0x04
      000F4E F8               [12] 3612 	mov	r0,a
      000F4F E6               [12] 3613 	mov	a,@r0
      000F50 12r00r00         [24] 3614 	lcall	__gptrput
      000F53 A3               [24] 3615 	inc	dptr
      000F54 08               [12] 3616 	inc	r0
      000F55 E6               [12] 3617 	mov	a,@r0
      000F56 12r00r00         [24] 3618 	lcall	__gptrput
      000F59 A3               [24] 3619 	inc	dptr
      000F5A 08               [12] 3620 	inc	r0
      000F5B E6               [12] 3621 	mov	a,@r0
      000F5C 12r00r00         [24] 3622 	lcall	__gptrput
      000F5F A3               [24] 3623 	inc	dptr
      000F60 08               [12] 3624 	inc	r0
      000F61 E6               [12] 3625 	mov	a,@r0
      000F62 12r00r00         [24] 3626 	lcall	__gptrput
                                   3627 ;	C:\Users\tonyp\Downloads\ch552-turbo-fan-ctrl\src\usb_protocol.c:236: uc->temp_params_overridden = true;
      000F65 A8*00            [24] 3628 	mov	r0,_bp
      000F67 08               [12] 3629 	inc	r0
      000F68 74 5F            [12] 3630 	mov	a,#0x5f
      000F6A 26               [12] 3631 	add	a,@r0
      000F6B FD               [12] 3632 	mov	r5,a
      000F6C E4               [12] 3633 	clr	a
      000F6D 08               [12] 3634 	inc	r0
      000F6E 36               [12] 3635 	addc	a,@r0
      000F6F FE               [12] 3636 	mov	r6,a
      000F70 08               [12] 3637 	inc	r0
      000F71 86 07            [24] 3638 	mov	ar7,@r0
      000F73 8D 82            [24] 3639 	mov	dpl,r5
      000F75 8E 83            [24] 3640 	mov	dph,r6
      000F77 8F F0            [24] 3641 	mov	b,r7
      000F79 74 01            [12] 3642 	mov	a,#0x01
      000F7B 12r00r00         [24] 3643 	lcall	__gptrput
                                   3644 ;	C:\Users\tonyp\Downloads\ch552-turbo-fan-ctrl\src\usb_protocol.c:237: usb_reply_ok_key_float1("TEMP_OVERHEAT", uc->override_temp_overheat);
      000F7E E5*00            [12] 3645 	mov	a,_bp
      000F80 24 04            [12] 3646 	add	a,#0x04
      000F82 F8               [12] 3647 	mov	r0,a
      000F83 90r00r10         [24] 3648 	mov	dptr,#_usb_reply_ok_key_float1_PARM_2
      000F86 E6               [12] 3649 	mov	a,@r0
      000F87 F0               [24] 3650 	movx	@dptr,a
      000F88 08               [12] 3651 	inc	r0
      000F89 E6               [12] 3652 	mov	a,@r0
      000F8A A3               [24] 3653 	inc	dptr
      000F8B F0               [24] 3654 	movx	@dptr,a
      000F8C 08               [12] 3655 	inc	r0
      000F8D E6               [12] 3656 	mov	a,@r0
      000F8E A3               [24] 3657 	inc	dptr
      000F8F F0               [24] 3658 	movx	@dptr,a
      000F90 08               [12] 3659 	inc	r0
      000F91 E6               [12] 3660 	mov	a,@r0
      000F92 A3               [24] 3661 	inc	dptr
      000F93 F0               [24] 3662 	movx	@dptr,a
      000F94 90r00r8B         [24] 3663 	mov	dptr,#___str_15
      000F97 75 F0 80         [24] 3664 	mov	b,#0x80
      000F9A 12r07r32         [24] 3665 	lcall	_usb_reply_ok_key_float1
                                   3666 ;	C:\Users\tonyp\Downloads\ch552-turbo-fan-ctrl\src\usb_protocol.c:238: return true;
      000F9D 75 82 01         [24] 3667 	mov	dpl,#0x01
      000FA0 80 03            [24] 3668 	sjmp	00128$
      000FA2                       3669 00127$:
                                   3670 ;	C:\Users\tonyp\Downloads\ch552-turbo-fan-ctrl\src\usb_protocol.c:241: return false;
      000FA2 75 82 00         [24] 3671 	mov	dpl,#0x00
      000FA5                       3672 00128$:
                                   3673 ;	C:\Users\tonyp\Downloads\ch552-turbo-fan-ctrl\src\usb_protocol.c:242: }
      000FA5 85*00 81         [24] 3674 	mov	sp,_bp
      000FA8 D0*00            [24] 3675 	pop	_bp
      000FAA 22               [24] 3676 	ret
                                   3677 ;------------------------------------------------------------
                                   3678 ;Allocation info for local variables in function 'usb_handleCommand'
                                   3679 ;------------------------------------------------------------
                                   3680 ;sloc0                     Allocated with name '_usb_handleCommand_sloc0_1_0'
                                   3681 ;cmd                       Allocated with name '_usb_handleCommand_PARM_2'
                                   3682 ;uc                        Allocated with name '_usb_handleCommand_uc_65536_253'
                                   3683 ;key                       Allocated with name '_usb_handleCommand_key_131072_259'
                                   3684 ;body                      Allocated with name '_usb_handleCommand_body_131072_261'
                                   3685 ;equal                     Allocated with name '_usb_handleCommand_equal_131072_261'
                                   3686 ;key_len                   Allocated with name '_usb_handleCommand_key_len_131072_261'
                                   3687 ;------------------------------------------------------------
                                   3688 ;	C:\Users\tonyp\Downloads\ch552-turbo-fan-ctrl\src\usb_protocol.c:244: static void usb_handleCommand(USBController* uc, const char* cmd) {
                                   3689 ;	-----------------------------------------
                                   3690 ;	 function usb_handleCommand
                                   3691 ;	-----------------------------------------
      000FAB                       3692 _usb_handleCommand:
      000FAB AF F0            [24] 3693 	mov	r7,b
      000FAD AE 83            [24] 3694 	mov	r6,dph
      000FAF E5 82            [12] 3695 	mov	a,dpl
      000FB1 90r00r25         [24] 3696 	mov	dptr,#_usb_handleCommand_uc_65536_253
      000FB4 F0               [24] 3697 	movx	@dptr,a
      000FB5 EE               [12] 3698 	mov	a,r6
      000FB6 A3               [24] 3699 	inc	dptr
      000FB7 F0               [24] 3700 	movx	@dptr,a
      000FB8 EF               [12] 3701 	mov	a,r7
      000FB9 A3               [24] 3702 	inc	dptr
      000FBA F0               [24] 3703 	movx	@dptr,a
                                   3704 ;	C:\Users\tonyp\Downloads\ch552-turbo-fan-ctrl\src\usb_protocol.c:245: if (usb_str_eq(cmd, "HELLO")) {
      000FBB 90r00r22         [24] 3705 	mov	dptr,#_usb_handleCommand_PARM_2
      000FBE E0               [24] 3706 	movx	a,@dptr
      000FBF FD               [12] 3707 	mov	r5,a
      000FC0 A3               [24] 3708 	inc	dptr
      000FC1 E0               [24] 3709 	movx	a,@dptr
      000FC2 FE               [12] 3710 	mov	r6,a
      000FC3 A3               [24] 3711 	inc	dptr
      000FC4 E0               [24] 3712 	movx	a,@dptr
      000FC5 FF               [12] 3713 	mov	r7,a
      000FC6 74r99            [12] 3714 	mov	a,#___str_16
      000FC8 C0 E0            [24] 3715 	push	acc
      000FCA 74s00            [12] 3716 	mov	a,#(___str_16 >> 8)
      000FCC C0 E0            [24] 3717 	push	acc
      000FCE 74 80            [12] 3718 	mov	a,#0x80
      000FD0 C0 E0            [24] 3719 	push	acc
      000FD2 8D 82            [24] 3720 	mov	dpl,r5
      000FD4 8E 83            [24] 3721 	mov	dph,r6
      000FD6 8F F0            [24] 3722 	mov	b,r7
      000FD8 12r00r00         [24] 3723 	lcall	_usb_str_eq
      000FDB AF 82            [24] 3724 	mov	r7,dpl
      000FDD 15 81            [12] 3725 	dec	sp
      000FDF 15 81            [12] 3726 	dec	sp
      000FE1 15 81            [12] 3727 	dec	sp
      000FE3 EF               [12] 3728 	mov	a,r7
      000FE4 60 1D            [24] 3729 	jz	00102$
                                   3730 ;	C:\Users\tonyp\Downloads\ch552-turbo-fan-ctrl\src\usb_protocol.c:246: usb_set_connected(uc);
      000FE6 90r00r25         [24] 3731 	mov	dptr,#_usb_handleCommand_uc_65536_253
      000FE9 E0               [24] 3732 	movx	a,@dptr
      000FEA FD               [12] 3733 	mov	r5,a
      000FEB A3               [24] 3734 	inc	dptr
      000FEC E0               [24] 3735 	movx	a,@dptr
      000FED FE               [12] 3736 	mov	r6,a
      000FEE A3               [24] 3737 	inc	dptr
      000FEF E0               [24] 3738 	movx	a,@dptr
      000FF0 FF               [12] 3739 	mov	r7,a
      000FF1 8D 82            [24] 3740 	mov	dpl,r5
      000FF3 8E 83            [24] 3741 	mov	dph,r6
      000FF5 8F F0            [24] 3742 	mov	b,r7
      000FF7 12r06r15         [24] 3743 	lcall	_usb_set_connected
                                   3744 ;	C:\Users\tonyp\Downloads\ch552-turbo-fan-ctrl\src\usb_protocol.c:247: serial_println_str("DEVICE:CH552G_FAN_CTRL_V1.0");
      000FFA 90r00r9F         [24] 3745 	mov	dptr,#___str_17
      000FFD 75 F0 80         [24] 3746 	mov	b,#0x80
                                   3747 ;	C:\Users\tonyp\Downloads\ch552-turbo-fan-ctrl\src\usb_protocol.c:248: return;
      001000 02r00r00         [24] 3748 	ljmp	_serial_println_str
      001003                       3749 00102$:
                                   3750 ;	C:\Users\tonyp\Downloads\ch552-turbo-fan-ctrl\src\usb_protocol.c:251: if (usb_str_eq(cmd, "CONNECT")) {
      001003 90r00r22         [24] 3751 	mov	dptr,#_usb_handleCommand_PARM_2
      001006 E0               [24] 3752 	movx	a,@dptr
      001007 FD               [12] 3753 	mov	r5,a
      001008 A3               [24] 3754 	inc	dptr
      001009 E0               [24] 3755 	movx	a,@dptr
      00100A FE               [12] 3756 	mov	r6,a
      00100B A3               [24] 3757 	inc	dptr
      00100C E0               [24] 3758 	movx	a,@dptr
      00100D FF               [12] 3759 	mov	r7,a
      00100E 74rBB            [12] 3760 	mov	a,#___str_18
      001010 C0 E0            [24] 3761 	push	acc
      001012 74s00            [12] 3762 	mov	a,#(___str_18 >> 8)
      001014 C0 E0            [24] 3763 	push	acc
      001016 74 80            [12] 3764 	mov	a,#0x80
      001018 C0 E0            [24] 3765 	push	acc
      00101A 8D 82            [24] 3766 	mov	dpl,r5
      00101C 8E 83            [24] 3767 	mov	dph,r6
      00101E 8F F0            [24] 3768 	mov	b,r7
      001020 12r00r00         [24] 3769 	lcall	_usb_str_eq
      001023 AF 82            [24] 3770 	mov	r7,dpl
      001025 15 81            [12] 3771 	dec	sp
      001027 15 81            [12] 3772 	dec	sp
      001029 15 81            [12] 3773 	dec	sp
      00102B EF               [12] 3774 	mov	a,r7
      00102C 60 1D            [24] 3775 	jz	00104$
                                   3776 ;	C:\Users\tonyp\Downloads\ch552-turbo-fan-ctrl\src\usb_protocol.c:252: usb_set_connected(uc);
      00102E 90r00r25         [24] 3777 	mov	dptr,#_usb_handleCommand_uc_65536_253
      001031 E0               [24] 3778 	movx	a,@dptr
      001032 FD               [12] 3779 	mov	r5,a
      001033 A3               [24] 3780 	inc	dptr
      001034 E0               [24] 3781 	movx	a,@dptr
      001035 FE               [12] 3782 	mov	r6,a
      001036 A3               [24] 3783 	inc	dptr
      001037 E0               [24] 3784 	movx	a,@dptr
      001038 FF               [12] 3785 	mov	r7,a
      001039 8D 82            [24] 3786 	mov	dpl,r5
      00103B 8E 83            [24] 3787 	mov	dph,r6
      00103D 8F F0            [24] 3788 	mov	b,r7
      00103F 12r06r15         [24] 3789 	lcall	_usb_set_connected
                                   3790 ;	C:\Users\tonyp\Downloads\ch552-turbo-fan-ctrl\src\usb_protocol.c:253: serial_println_str("OK:CONNECTED");
      001042 90r00rC3         [24] 3791 	mov	dptr,#___str_19
      001045 75 F0 80         [24] 3792 	mov	b,#0x80
                                   3793 ;	C:\Users\tonyp\Downloads\ch552-turbo-fan-ctrl\src\usb_protocol.c:254: return;
      001048 02r00r00         [24] 3794 	ljmp	_serial_println_str
      00104B                       3795 00104$:
                                   3796 ;	C:\Users\tonyp\Downloads\ch552-turbo-fan-ctrl\src\usb_protocol.c:257: usb_set_connected(uc);
      00104B 90r00r25         [24] 3797 	mov	dptr,#_usb_handleCommand_uc_65536_253
      00104E E0               [24] 3798 	movx	a,@dptr
      00104F FD               [12] 3799 	mov	r5,a
      001050 A3               [24] 3800 	inc	dptr
      001051 E0               [24] 3801 	movx	a,@dptr
      001052 FE               [12] 3802 	mov	r6,a
      001053 A3               [24] 3803 	inc	dptr
      001054 E0               [24] 3804 	movx	a,@dptr
      001055 FF               [12] 3805 	mov	r7,a
      001056 8D 82            [24] 3806 	mov	dpl,r5
      001058 8E 83            [24] 3807 	mov	dph,r6
      00105A 8F F0            [24] 3808 	mov	b,r7
      00105C 12r06r15         [24] 3809 	lcall	_usb_set_connected
                                   3810 ;	C:\Users\tonyp\Downloads\ch552-turbo-fan-ctrl\src\usb_protocol.c:259: if (usb_str_eq(cmd, "PING")) {
      00105F 90r00r22         [24] 3811 	mov	dptr,#_usb_handleCommand_PARM_2
      001062 E0               [24] 3812 	movx	a,@dptr
      001063 FD               [12] 3813 	mov	r5,a
      001064 A3               [24] 3814 	inc	dptr
      001065 E0               [24] 3815 	movx	a,@dptr
      001066 FE               [12] 3816 	mov	r6,a
      001067 A3               [24] 3817 	inc	dptr
      001068 E0               [24] 3818 	movx	a,@dptr
      001069 FF               [12] 3819 	mov	r7,a
      00106A 74rD0            [12] 3820 	mov	a,#___str_20
      00106C C0 E0            [24] 3821 	push	acc
      00106E 74s00            [12] 3822 	mov	a,#(___str_20 >> 8)
      001070 C0 E0            [24] 3823 	push	acc
      001072 74 80            [12] 3824 	mov	a,#0x80
      001074 C0 E0            [24] 3825 	push	acc
      001076 8D 82            [24] 3826 	mov	dpl,r5
      001078 8E 83            [24] 3827 	mov	dph,r6
      00107A 8F F0            [24] 3828 	mov	b,r7
      00107C 12r00r00         [24] 3829 	lcall	_usb_str_eq
      00107F AF 82            [24] 3830 	mov	r7,dpl
      001081 15 81            [12] 3831 	dec	sp
      001083 15 81            [12] 3832 	dec	sp
      001085 15 81            [12] 3833 	dec	sp
      001087 EF               [12] 3834 	mov	a,r7
      001088 60 09            [24] 3835 	jz	00106$
                                   3836 ;	C:\Users\tonyp\Downloads\ch552-turbo-fan-ctrl\src\usb_protocol.c:260: serial_println_str("PONG");
      00108A 90r00rD5         [24] 3837 	mov	dptr,#___str_21
      00108D 75 F0 80         [24] 3838 	mov	b,#0x80
                                   3839 ;	C:\Users\tonyp\Downloads\ch552-turbo-fan-ctrl\src\usb_protocol.c:261: return;
      001090 02r00r00         [24] 3840 	ljmp	_serial_println_str
      001093                       3841 00106$:
                                   3842 ;	C:\Users\tonyp\Downloads\ch552-turbo-fan-ctrl\src\usb_protocol.c:264: if (usb_str_eq(cmd, "RESET")) {
      001093 90r00r22         [24] 3843 	mov	dptr,#_usb_handleCommand_PARM_2
      001096 E0               [24] 3844 	movx	a,@dptr
      001097 FD               [12] 3845 	mov	r5,a
      001098 A3               [24] 3846 	inc	dptr
      001099 E0               [24] 3847 	movx	a,@dptr
      00109A FE               [12] 3848 	mov	r6,a
      00109B A3               [24] 3849 	inc	dptr
      00109C E0               [24] 3850 	movx	a,@dptr
      00109D FF               [12] 3851 	mov	r7,a
      00109E 74rDA            [12] 3852 	mov	a,#___str_22
      0010A0 C0 E0            [24] 3853 	push	acc
      0010A2 74s00            [12] 3854 	mov	a,#(___str_22 >> 8)
      0010A4 C0 E0            [24] 3855 	push	acc
      0010A6 74 80            [12] 3856 	mov	a,#0x80
      0010A8 C0 E0            [24] 3857 	push	acc
      0010AA 8D 82            [24] 3858 	mov	dpl,r5
      0010AC 8E 83            [24] 3859 	mov	dph,r6
      0010AE 8F F0            [24] 3860 	mov	b,r7
      0010B0 12r00r00         [24] 3861 	lcall	_usb_str_eq
      0010B3 AF 82            [24] 3862 	mov	r7,dpl
      0010B5 15 81            [12] 3863 	dec	sp
      0010B7 15 81            [12] 3864 	dec	sp
      0010B9 15 81            [12] 3865 	dec	sp
      0010BB EF               [12] 3866 	mov	a,r7
      0010BC 60 26            [24] 3867 	jz	00108$
                                   3868 ;	C:\Users\tonyp\Downloads\ch552-turbo-fan-ctrl\src\usb_protocol.c:265: uc->reset_requested = true;
      0010BE 90r00r25         [24] 3869 	mov	dptr,#_usb_handleCommand_uc_65536_253
      0010C1 E0               [24] 3870 	movx	a,@dptr
      0010C2 FD               [12] 3871 	mov	r5,a
      0010C3 A3               [24] 3872 	inc	dptr
      0010C4 E0               [24] 3873 	movx	a,@dptr
      0010C5 FE               [12] 3874 	mov	r6,a
      0010C6 A3               [24] 3875 	inc	dptr
      0010C7 E0               [24] 3876 	movx	a,@dptr
      0010C8 FF               [12] 3877 	mov	r7,a
      0010C9 74 61            [12] 3878 	mov	a,#0x61
      0010CB 2D               [12] 3879 	add	a,r5
      0010CC FD               [12] 3880 	mov	r5,a
      0010CD E4               [12] 3881 	clr	a
      0010CE 3E               [12] 3882 	addc	a,r6
      0010CF FE               [12] 3883 	mov	r6,a
      0010D0 8D 82            [24] 3884 	mov	dpl,r5
      0010D2 8E 83            [24] 3885 	mov	dph,r6
      0010D4 8F F0            [24] 3886 	mov	b,r7
      0010D6 74 01            [12] 3887 	mov	a,#0x01
      0010D8 12r00r00         [24] 3888 	lcall	__gptrput
                                   3889 ;	C:\Users\tonyp\Downloads\ch552-turbo-fan-ctrl\src\usb_protocol.c:266: serial_println_str("OK:RESET");
      0010DB 90r00rE0         [24] 3890 	mov	dptr,#___str_23
      0010DE 75 F0 80         [24] 3891 	mov	b,#0x80
                                   3892 ;	C:\Users\tonyp\Downloads\ch552-turbo-fan-ctrl\src\usb_protocol.c:267: return;
      0010E1 02r00r00         [24] 3893 	ljmp	_serial_println_str
      0010E4                       3894 00108$:
                                   3895 ;	C:\Users\tonyp\Downloads\ch552-turbo-fan-ctrl\src\usb_protocol.c:270: if (usb_starts_with(cmd, "GET:")) {
      0010E4 90r00r22         [24] 3896 	mov	dptr,#_usb_handleCommand_PARM_2
      0010E7 E0               [24] 3897 	movx	a,@dptr
      0010E8 FD               [12] 3898 	mov	r5,a
      0010E9 A3               [24] 3899 	inc	dptr
      0010EA E0               [24] 3900 	movx	a,@dptr
      0010EB FE               [12] 3901 	mov	r6,a
      0010EC A3               [24] 3902 	inc	dptr
      0010ED E0               [24] 3903 	movx	a,@dptr
      0010EE FF               [12] 3904 	mov	r7,a
      0010EF 74rE9            [12] 3905 	mov	a,#___str_24
      0010F1 C0 E0            [24] 3906 	push	acc
      0010F3 74s00            [12] 3907 	mov	a,#(___str_24 >> 8)
      0010F5 C0 E0            [24] 3908 	push	acc
      0010F7 74 80            [12] 3909 	mov	a,#0x80
      0010F9 C0 E0            [24] 3910 	push	acc
      0010FB 8D 82            [24] 3911 	mov	dpl,r5
      0010FD 8E 83            [24] 3912 	mov	dph,r6
      0010FF 8F F0            [24] 3913 	mov	b,r7
      001101 12r00rCF         [24] 3914 	lcall	_usb_starts_with
      001104 AF 82            [24] 3915 	mov	r7,dpl
      001106 15 81            [12] 3916 	dec	sp
      001108 15 81            [12] 3917 	dec	sp
      00110A 15 81            [12] 3918 	dec	sp
      00110C EF               [12] 3919 	mov	a,r7
      00110D 60 62            [24] 3920 	jz	00112$
                                   3921 ;	C:\Users\tonyp\Downloads\ch552-turbo-fan-ctrl\src\usb_protocol.c:271: const char* key = cmd + 4;
      00110F 90r00r22         [24] 3922 	mov	dptr,#_usb_handleCommand_PARM_2
      001112 E0               [24] 3923 	movx	a,@dptr
      001113 FD               [12] 3924 	mov	r5,a
      001114 A3               [24] 3925 	inc	dptr
      001115 E0               [24] 3926 	movx	a,@dptr
      001116 FE               [12] 3927 	mov	r6,a
      001117 A3               [24] 3928 	inc	dptr
      001118 E0               [24] 3929 	movx	a,@dptr
      001119 FF               [12] 3930 	mov	r7,a
      00111A 74 04            [12] 3931 	mov	a,#0x04
      00111C 2D               [12] 3932 	add	a,r5
      00111D FD               [12] 3933 	mov	r5,a
      00111E E4               [12] 3934 	clr	a
      00111F 3E               [12] 3935 	addc	a,r6
      001120 FE               [12] 3936 	mov	r6,a
                                   3937 ;	C:\Users\tonyp\Downloads\ch552-turbo-fan-ctrl\src\usb_protocol.c:272: if (!usb_handle_get(uc, key)) {
      001121 90r00r25         [24] 3938 	mov	dptr,#_usb_handleCommand_uc_65536_253
      001124 E0               [24] 3939 	movx	a,@dptr
      001125 FA               [12] 3940 	mov	r2,a
      001126 A3               [24] 3941 	inc	dptr
      001127 E0               [24] 3942 	movx	a,@dptr
      001128 FB               [12] 3943 	mov	r3,a
      001129 A3               [24] 3944 	inc	dptr
      00112A E0               [24] 3945 	movx	a,@dptr
      00112B FC               [12] 3946 	mov	r4,a
      00112C C0 07            [24] 3947 	push	ar7
      00112E C0 06            [24] 3948 	push	ar6
      001130 C0 05            [24] 3949 	push	ar5
      001132 C0 05            [24] 3950 	push	ar5
      001134 C0 06            [24] 3951 	push	ar6
      001136 C0 07            [24] 3952 	push	ar7
      001138 8A 82            [24] 3953 	mov	dpl,r2
      00113A 8B 83            [24] 3954 	mov	dph,r3
      00113C 8C F0            [24] 3955 	mov	b,r4
      00113E 12r08rB8         [24] 3956 	lcall	_usb_handle_get
      001141 AC 82            [24] 3957 	mov	r4,dpl
      001143 15 81            [12] 3958 	dec	sp
      001145 15 81            [12] 3959 	dec	sp
      001147 15 81            [12] 3960 	dec	sp
      001149 D0 05            [24] 3961 	pop	ar5
      00114B D0 06            [24] 3962 	pop	ar6
      00114D D0 07            [24] 3963 	pop	ar7
      00114F EC               [12] 3964 	mov	a,r4
      001150 70 1E            [24] 3965 	jnz	00110$
                                   3966 ;	C:\Users\tonyp\Downloads\ch552-turbo-fan-ctrl\src\usb_protocol.c:273: serial_print_str("ERR:UNKNOWN_GET:");
      001152 90r00rEE         [24] 3967 	mov	dptr,#___str_25
      001155 75 F0 80         [24] 3968 	mov	b,#0x80
      001158 C0 07            [24] 3969 	push	ar7
      00115A C0 06            [24] 3970 	push	ar6
      00115C C0 05            [24] 3971 	push	ar5
      00115E 12r00r00         [24] 3972 	lcall	_serial_print_str
      001161 D0 05            [24] 3973 	pop	ar5
      001163 D0 06            [24] 3974 	pop	ar6
      001165 D0 07            [24] 3975 	pop	ar7
                                   3976 ;	C:\Users\tonyp\Downloads\ch552-turbo-fan-ctrl\src\usb_protocol.c:274: serial_println_str(key);
      001167 8D 82            [24] 3977 	mov	dpl,r5
      001169 8E 83            [24] 3978 	mov	dph,r6
      00116B 8F F0            [24] 3979 	mov	b,r7
                                   3980 ;	C:\Users\tonyp\Downloads\ch552-turbo-fan-ctrl\src\usb_protocol.c:276: return;
      00116D 02r00r00         [24] 3981 	ljmp	_serial_println_str
      001170                       3982 00110$:
      001170 22               [24] 3983 	ret
      001171                       3984 00112$:
                                   3985 ;	C:\Users\tonyp\Downloads\ch552-turbo-fan-ctrl\src\usb_protocol.c:279: if (usb_starts_with(cmd, "SET:")) {
      001171 90r00r22         [24] 3986 	mov	dptr,#_usb_handleCommand_PARM_2
      001174 E0               [24] 3987 	movx	a,@dptr
      001175 FD               [12] 3988 	mov	r5,a
      001176 A3               [24] 3989 	inc	dptr
      001177 E0               [24] 3990 	movx	a,@dptr
      001178 FE               [12] 3991 	mov	r6,a
      001179 A3               [24] 3992 	inc	dptr
      00117A E0               [24] 3993 	movx	a,@dptr
      00117B FF               [12] 3994 	mov	r7,a
      00117C 74rFF            [12] 3995 	mov	a,#___str_26
      00117E C0 E0            [24] 3996 	push	acc
      001180 74s00            [12] 3997 	mov	a,#(___str_26 >> 8)
      001182 C0 E0            [24] 3998 	push	acc
      001184 74 80            [12] 3999 	mov	a,#0x80
      001186 C0 E0            [24] 4000 	push	acc
      001188 8D 82            [24] 4001 	mov	dpl,r5
      00118A 8E 83            [24] 4002 	mov	dph,r6
      00118C 8F F0            [24] 4003 	mov	b,r7
      00118E 12r00rCF         [24] 4004 	lcall	_usb_starts_with
      001191 AF 82            [24] 4005 	mov	r7,dpl
      001193 15 81            [12] 4006 	dec	sp
      001195 15 81            [12] 4007 	dec	sp
      001197 15 81            [12] 4008 	dec	sp
      001199 EF               [12] 4009 	mov	a,r7
      00119A 70 03            [24] 4010 	jnz	00169$
      00119C 02r12r7A         [24] 4011 	ljmp	00120$
      00119F                       4012 00169$:
                                   4013 ;	C:\Users\tonyp\Downloads\ch552-turbo-fan-ctrl\src\usb_protocol.c:280: const char* body = cmd + 4;
      00119F 90r00r22         [24] 4014 	mov	dptr,#_usb_handleCommand_PARM_2
      0011A2 E0               [24] 4015 	movx	a,@dptr
      0011A3 FD               [12] 4016 	mov	r5,a
      0011A4 A3               [24] 4017 	inc	dptr
      0011A5 E0               [24] 4018 	movx	a,@dptr
      0011A6 FE               [12] 4019 	mov	r6,a
      0011A7 A3               [24] 4020 	inc	dptr
      0011A8 E0               [24] 4021 	movx	a,@dptr
      0011A9 FF               [12] 4022 	mov	r7,a
      0011AA 74 04            [12] 4023 	mov	a,#0x04
      0011AC 2D               [12] 4024 	add	a,r5
      0011AD FD               [12] 4025 	mov	r5,a
      0011AE E4               [12] 4026 	clr	a
      0011AF 3E               [12] 4027 	addc	a,r6
      0011B0 FE               [12] 4028 	mov	r6,a
                                   4029 ;	C:\Users\tonyp\Downloads\ch552-turbo-fan-ctrl\src\usb_protocol.c:281: const char* equal = usb_find_char(body, '=');
      0011B1 C0 07            [24] 4030 	push	ar7
      0011B3 C0 06            [24] 4031 	push	ar6
      0011B5 C0 05            [24] 4032 	push	ar5
      0011B7 74 3D            [12] 4033 	mov	a,#0x3d
      0011B9 C0 E0            [24] 4034 	push	acc
      0011BB 8D 82            [24] 4035 	mov	dpl,r5
      0011BD 8E 83            [24] 4036 	mov	dph,r6
      0011BF 8F F0            [24] 4037 	mov	b,r7
      0011C1 12r01r3A         [24] 4038 	lcall	_usb_find_char
      0011C4 AA 82            [24] 4039 	mov	r2,dpl
      0011C6 AB 83            [24] 4040 	mov	r3,dph
      0011C8 AC F0            [24] 4041 	mov	r4,b
      0011CA 15 81            [12] 4042 	dec	sp
      0011CC D0 05            [24] 4043 	pop	ar5
      0011CE D0 06            [24] 4044 	pop	ar6
      0011D0 D0 07            [24] 4045 	pop	ar7
                                   4046 ;	C:\Users\tonyp\Downloads\ch552-turbo-fan-ctrl\src\usb_protocol.c:284: if (!equal) {
      0011D2 EA               [12] 4047 	mov	a,r2
      0011D3 4B               [12] 4048 	orl	a,r3
      0011D4 70 1E            [24] 4049 	jnz	00114$
                                   4050 ;	C:\Users\tonyp\Downloads\ch552-turbo-fan-ctrl\src\usb_protocol.c:285: serial_print_str("ERR:UNKNOWN_SET:");
      0011D6 90r01r04         [24] 4051 	mov	dptr,#___str_27
      0011D9 75 F0 80         [24] 4052 	mov	b,#0x80
      0011DC C0 07            [24] 4053 	push	ar7
      0011DE C0 06            [24] 4054 	push	ar6
      0011E0 C0 05            [24] 4055 	push	ar5
      0011E2 12r00r00         [24] 4056 	lcall	_serial_print_str
      0011E5 D0 05            [24] 4057 	pop	ar5
      0011E7 D0 06            [24] 4058 	pop	ar6
      0011E9 D0 07            [24] 4059 	pop	ar7
                                   4060 ;	C:\Users\tonyp\Downloads\ch552-turbo-fan-ctrl\src\usb_protocol.c:286: serial_println_str(body);
      0011EB 8D 82            [24] 4061 	mov	dpl,r5
      0011ED 8E 83            [24] 4062 	mov	dph,r6
      0011EF 8F F0            [24] 4063 	mov	b,r7
                                   4064 ;	C:\Users\tonyp\Downloads\ch552-turbo-fan-ctrl\src\usb_protocol.c:287: return;
      0011F1 02r00r00         [24] 4065 	ljmp	_serial_println_str
      0011F4                       4066 00114$:
                                   4067 ;	C:\Users\tonyp\Downloads\ch552-turbo-fan-ctrl\src\usb_protocol.c:290: key_len = (uint8_t)(equal - body);
      0011F4 8A 01            [24] 4068 	mov	ar1,r2
      0011F6 8D 00            [24] 4069 	mov	ar0,r5
      0011F8 E9               [12] 4070 	mov	a,r1
      0011F9 C3               [12] 4071 	clr	c
      0011FA 98               [12] 4072 	subb	a,r0
                                   4073 ;	C:\Users\tonyp\Downloads\ch552-turbo-fan-ctrl\src\usb_protocol.c:291: if (key_len == 0) {
      0011FB F9               [12] 4074 	mov	r1,a
      0011FC 70 09            [24] 4075 	jnz	00116$
                                   4076 ;	C:\Users\tonyp\Downloads\ch552-turbo-fan-ctrl\src\usb_protocol.c:292: serial_println_str("ERR:BAD_SET_KEY");
      0011FE 90r01r15         [24] 4077 	mov	dptr,#___str_28
      001201 75 F0 80         [24] 4078 	mov	b,#0x80
                                   4079 ;	C:\Users\tonyp\Downloads\ch552-turbo-fan-ctrl\src\usb_protocol.c:293: return;
      001204 02r00r00         [24] 4080 	ljmp	_serial_println_str
      001207                       4081 00116$:
                                   4082 ;	C:\Users\tonyp\Downloads\ch552-turbo-fan-ctrl\src\usb_protocol.c:296: if (!usb_handle_set(uc, body, key_len, equal + 1)) {
      001207 74 01            [12] 4083 	mov	a,#0x01
      001209 2A               [12] 4084 	add	a,r2
      00120A F5*00            [12] 4085 	mov	_usb_handleCommand_sloc0_1_0,a
      00120C E4               [12] 4086 	clr	a
      00120D 3B               [12] 4087 	addc	a,r3
      00120E F5*01            [12] 4088 	mov	(_usb_handleCommand_sloc0_1_0 + 1),a
      001210 8C*02            [24] 4089 	mov	(_usb_handleCommand_sloc0_1_0 + 2),r4
      001212 90r00r25         [24] 4090 	mov	dptr,#_usb_handleCommand_uc_65536_253
      001215 E0               [24] 4091 	movx	a,@dptr
      001216 F8               [12] 4092 	mov	r0,a
      001217 A3               [24] 4093 	inc	dptr
      001218 E0               [24] 4094 	movx	a,@dptr
      001219 FB               [12] 4095 	mov	r3,a
      00121A A3               [24] 4096 	inc	dptr
      00121B E0               [24] 4097 	movx	a,@dptr
      00121C FC               [12] 4098 	mov	r4,a
      00121D C0 07            [24] 4099 	push	ar7
      00121F C0 06            [24] 4100 	push	ar6
      001221 C0 05            [24] 4101 	push	ar5
      001223 C0 01            [24] 4102 	push	ar1
      001225 C0*00            [24] 4103 	push	_usb_handleCommand_sloc0_1_0
      001227 C0*01            [24] 4104 	push	(_usb_handleCommand_sloc0_1_0 + 1)
      001229 C0*02            [24] 4105 	push	(_usb_handleCommand_sloc0_1_0 + 2)
      00122B C0 01            [24] 4106 	push	ar1
      00122D C0 05            [24] 4107 	push	ar5
      00122F C0 06            [24] 4108 	push	ar6
      001231 C0 07            [24] 4109 	push	ar7
      001233 88 82            [24] 4110 	mov	dpl,r0
      001235 8B 83            [24] 4111 	mov	dph,r3
      001237 8C F0            [24] 4112 	mov	b,r4
      001239 12r09r13         [24] 4113 	lcall	_usb_handle_set
      00123C AC 82            [24] 4114 	mov	r4,dpl
      00123E E5 81            [12] 4115 	mov	a,sp
      001240 24 F9            [12] 4116 	add	a,#0xf9
      001242 F5 81            [12] 4117 	mov	sp,a
      001244 D0 01            [24] 4118 	pop	ar1
      001246 D0 05            [24] 4119 	pop	ar5
      001248 D0 06            [24] 4120 	pop	ar6
      00124A D0 07            [24] 4121 	pop	ar7
      00124C EC               [12] 4122 	mov	a,r4
      00124D 70 2A            [24] 4123 	jnz	00118$
                                   4124 ;	C:\Users\tonyp\Downloads\ch552-turbo-fan-ctrl\src\usb_protocol.c:297: serial_print_str("ERR:UNKNOWN_SET:");
      00124F 90r01r04         [24] 4125 	mov	dptr,#___str_27
      001252 75 F0 80         [24] 4126 	mov	b,#0x80
      001255 C0 07            [24] 4127 	push	ar7
      001257 C0 06            [24] 4128 	push	ar6
      001259 C0 05            [24] 4129 	push	ar5
      00125B C0 01            [24] 4130 	push	ar1
      00125D 12r00r00         [24] 4131 	lcall	_serial_print_str
      001260 D0 01            [24] 4132 	pop	ar1
      001262 D0 05            [24] 4133 	pop	ar5
      001264 D0 06            [24] 4134 	pop	ar6
      001266 D0 07            [24] 4135 	pop	ar7
                                   4136 ;	C:\Users\tonyp\Downloads\ch552-turbo-fan-ctrl\src\usb_protocol.c:298: usb_print_key_segment(body, key_len);
      001268 90r00r1E         [24] 4137 	mov	dptr,#_usb_print_key_segment_PARM_2
      00126B E9               [12] 4138 	mov	a,r1
      00126C F0               [24] 4139 	movx	@dptr,a
      00126D 8D 82            [24] 4140 	mov	dpl,r5
      00126F 8E 83            [24] 4141 	mov	dph,r6
      001271 8F F0            [24] 4142 	mov	b,r7
      001273 12r08r63         [24] 4143 	lcall	_usb_print_key_segment
                                   4144 ;	C:\Users\tonyp\Downloads\ch552-turbo-fan-ctrl\src\usb_protocol.c:299: serial_println();
                                   4145 ;	C:\Users\tonyp\Downloads\ch552-turbo-fan-ctrl\src\usb_protocol.c:301: return;
      001276 02r00r00         [24] 4146 	ljmp	_serial_println
      001279                       4147 00118$:
      001279 22               [24] 4148 	ret
      00127A                       4149 00120$:
                                   4150 ;	C:\Users\tonyp\Downloads\ch552-turbo-fan-ctrl\src\usb_protocol.c:304: serial_print_str("ERR:UNKNOWN_CMD:");
      00127A 90r01r25         [24] 4151 	mov	dptr,#___str_29
      00127D 75 F0 80         [24] 4152 	mov	b,#0x80
      001280 12r00r00         [24] 4153 	lcall	_serial_print_str
                                   4154 ;	C:\Users\tonyp\Downloads\ch552-turbo-fan-ctrl\src\usb_protocol.c:305: serial_println_str(cmd);
      001283 90r00r22         [24] 4155 	mov	dptr,#_usb_handleCommand_PARM_2
      001286 E0               [24] 4156 	movx	a,@dptr
      001287 FD               [12] 4157 	mov	r5,a
      001288 A3               [24] 4158 	inc	dptr
      001289 E0               [24] 4159 	movx	a,@dptr
      00128A FE               [12] 4160 	mov	r6,a
      00128B A3               [24] 4161 	inc	dptr
      00128C E0               [24] 4162 	movx	a,@dptr
      00128D FF               [12] 4163 	mov	r7,a
      00128E 8D 82            [24] 4164 	mov	dpl,r5
      001290 8E 83            [24] 4165 	mov	dph,r6
      001292 8F F0            [24] 4166 	mov	b,r7
                                   4167 ;	C:\Users\tonyp\Downloads\ch552-turbo-fan-ctrl\src\usb_protocol.c:306: }
      001294 02r00r00         [24] 4168 	ljmp	_serial_println_str
                                   4169 ;------------------------------------------------------------
                                   4170 ;Allocation info for local variables in function 'USBController_begin'
                                   4171 ;------------------------------------------------------------
                                   4172 ;uc                        Allocated with name '_USBController_begin_uc_65536_265'
                                   4173 ;------------------------------------------------------------
                                   4174 ;	C:\Users\tonyp\Downloads\ch552-turbo-fan-ctrl\src\usb_protocol.c:308: void USBController_begin(USBController* uc) {
                                   4175 ;	-----------------------------------------
                                   4176 ;	 function USBController_begin
                                   4177 ;	-----------------------------------------
      001297                       4178 _USBController_begin:
      001297 AF F0            [24] 4179 	mov	r7,b
      001299 AE 83            [24] 4180 	mov	r6,dph
      00129B E5 82            [12] 4181 	mov	a,dpl
      00129D 90r00r28         [24] 4182 	mov	dptr,#_USBController_begin_uc_65536_265
      0012A0 F0               [24] 4183 	movx	@dptr,a
      0012A1 EE               [12] 4184 	mov	a,r6
      0012A2 A3               [24] 4185 	inc	dptr
      0012A3 F0               [24] 4186 	movx	@dptr,a
      0012A4 EF               [12] 4187 	mov	a,r7
      0012A5 A3               [24] 4188 	inc	dptr
      0012A6 F0               [24] 4189 	movx	@dptr,a
                                   4190 ;	C:\Users\tonyp\Downloads\ch552-turbo-fan-ctrl\src\usb_protocol.c:309: serial_begin(USB_BAUD_RATE);
      0012A7 90 C2 00         [24] 4191 	mov	dptr,#0xc200
      0012AA 75 F0 01         [24] 4192 	mov	b,#0x01
      0012AD E4               [12] 4193 	clr	a
      0012AE 12r00r00         [24] 4194 	lcall	_serial_begin
                                   4195 ;	C:\Users\tonyp\Downloads\ch552-turbo-fan-ctrl\src\usb_protocol.c:311: uc->is_connected = false;
      0012B1 90r00r28         [24] 4196 	mov	dptr,#_USBController_begin_uc_65536_265
      0012B4 E0               [24] 4197 	movx	a,@dptr
      0012B5 FD               [12] 4198 	mov	r5,a
      0012B6 A3               [24] 4199 	inc	dptr
      0012B7 E0               [24] 4200 	movx	a,@dptr
      0012B8 FE               [12] 4201 	mov	r6,a
      0012B9 A3               [24] 4202 	inc	dptr
      0012BA E0               [24] 4203 	movx	a,@dptr
      0012BB FF               [12] 4204 	mov	r7,a
      0012BC 8D 82            [24] 4205 	mov	dpl,r5
      0012BE 8E 83            [24] 4206 	mov	dph,r6
      0012C0 8F F0            [24] 4207 	mov	b,r7
      0012C2 E4               [12] 4208 	clr	a
      0012C3 12r00r00         [24] 4209 	lcall	__gptrput
                                   4210 ;	C:\Users\tonyp\Downloads\ch552-turbo-fan-ctrl\src\usb_protocol.c:312: uc->pairing_state = PAIRING_IDLE;
      0012C6 04               [12] 4211 	inc	a
      0012C7 2D               [12] 4212 	add	a,r5
      0012C8 FA               [12] 4213 	mov	r2,a
      0012C9 E4               [12] 4214 	clr	a
      0012CA 3E               [12] 4215 	addc	a,r6
      0012CB FB               [12] 4216 	mov	r3,a
      0012CC 8F 04            [24] 4217 	mov	ar4,r7
      0012CE 8A 82            [24] 4218 	mov	dpl,r2
      0012D0 8B 83            [24] 4219 	mov	dph,r3
      0012D2 8C F0            [24] 4220 	mov	b,r4
      0012D4 E4               [12] 4221 	clr	a
      0012D5 12r00r00         [24] 4222 	lcall	__gptrput
                                   4223 ;	C:\Users\tonyp\Downloads\ch552-turbo-fan-ctrl\src\usb_protocol.c:313: uc->last_heartbeat = 0;
      0012D8 74 02            [12] 4224 	mov	a,#0x02
      0012DA 2D               [12] 4225 	add	a,r5
      0012DB FA               [12] 4226 	mov	r2,a
      0012DC E4               [12] 4227 	clr	a
      0012DD 3E               [12] 4228 	addc	a,r6
      0012DE FB               [12] 4229 	mov	r3,a
      0012DF 8F 04            [24] 4230 	mov	ar4,r7
      0012E1 8A 82            [24] 4231 	mov	dpl,r2
      0012E3 8B 83            [24] 4232 	mov	dph,r3
      0012E5 8C F0            [24] 4233 	mov	b,r4
      0012E7 E4               [12] 4234 	clr	a
      0012E8 12r00r00         [24] 4235 	lcall	__gptrput
      0012EB A3               [24] 4236 	inc	dptr
      0012EC 12r00r00         [24] 4237 	lcall	__gptrput
      0012EF A3               [24] 4238 	inc	dptr
      0012F0 12r00r00         [24] 4239 	lcall	__gptrput
      0012F3 A3               [24] 4240 	inc	dptr
      0012F4 12r00r00         [24] 4241 	lcall	__gptrput
                                   4242 ;	C:\Users\tonyp\Downloads\ch552-turbo-fan-ctrl\src\usb_protocol.c:314: uc->rx_len = 0;
      0012F7 74 47            [12] 4243 	mov	a,#0x47
      0012F9 2D               [12] 4244 	add	a,r5
      0012FA FA               [12] 4245 	mov	r2,a
      0012FB E4               [12] 4246 	clr	a
      0012FC 3E               [12] 4247 	addc	a,r6
      0012FD FB               [12] 4248 	mov	r3,a
      0012FE 8F 04            [24] 4249 	mov	ar4,r7
      001300 8A 82            [24] 4250 	mov	dpl,r2
      001302 8B 83            [24] 4251 	mov	dph,r3
      001304 8C F0            [24] 4252 	mov	b,r4
      001306 E4               [12] 4253 	clr	a
      001307 12r00r00         [24] 4254 	lcall	__gptrput
                                   4255 ;	C:\Users\tonyp\Downloads\ch552-turbo-fan-ctrl\src\usb_protocol.c:315: uc->rx_buffer[0] = '\0';
      00130A 74 06            [12] 4256 	mov	a,#0x06
      00130C 2D               [12] 4257 	add	a,r5
      00130D FA               [12] 4258 	mov	r2,a
      00130E E4               [12] 4259 	clr	a
      00130F 3E               [12] 4260 	addc	a,r6
      001310 FB               [12] 4261 	mov	r3,a
      001311 8F 04            [24] 4262 	mov	ar4,r7
      001313 8A 82            [24] 4263 	mov	dpl,r2
      001315 8B 83            [24] 4264 	mov	dph,r3
      001317 8C F0            [24] 4265 	mov	b,r4
      001319 E4               [12] 4266 	clr	a
      00131A 12r00r00         [24] 4267 	lcall	__gptrput
                                   4268 ;	C:\Users\tonyp\Downloads\ch552-turbo-fan-ctrl\src\usb_protocol.c:317: uc->override_active = false;
      00131D 74 5D            [12] 4269 	mov	a,#0x5d
      00131F 2D               [12] 4270 	add	a,r5
      001320 FA               [12] 4271 	mov	r2,a
      001321 E4               [12] 4272 	clr	a
      001322 3E               [12] 4273 	addc	a,r6
      001323 FB               [12] 4274 	mov	r3,a
      001324 8F 04            [24] 4275 	mov	ar4,r7
      001326 8A 82            [24] 4276 	mov	dpl,r2
      001328 8B 83            [24] 4277 	mov	dph,r3
      00132A 8C F0            [24] 4278 	mov	b,r4
      00132C E4               [12] 4279 	clr	a
      00132D 12r00r00         [24] 4280 	lcall	__gptrput
                                   4281 ;	C:\Users\tonyp\Downloads\ch552-turbo-fan-ctrl\src\usb_protocol.c:318: uc->rpm_override_active = false;
      001330 74 5E            [12] 4282 	mov	a,#0x5e
      001332 2D               [12] 4283 	add	a,r5
      001333 FA               [12] 4284 	mov	r2,a
      001334 E4               [12] 4285 	clr	a
      001335 3E               [12] 4286 	addc	a,r6
      001336 FB               [12] 4287 	mov	r3,a
      001337 8F 04            [24] 4288 	mov	ar4,r7
      001339 8A 82            [24] 4289 	mov	dpl,r2
      00133B 8B 83            [24] 4290 	mov	dph,r3
      00133D 8C F0            [24] 4291 	mov	b,r4
      00133F E4               [12] 4292 	clr	a
      001340 12r00r00         [24] 4293 	lcall	__gptrput
                                   4294 ;	C:\Users\tonyp\Downloads\ch552-turbo-fan-ctrl\src\usb_protocol.c:319: uc->temp_params_overridden = false;
      001343 74 5F            [12] 4295 	mov	a,#0x5f
      001345 2D               [12] 4296 	add	a,r5
      001346 FA               [12] 4297 	mov	r2,a
      001347 E4               [12] 4298 	clr	a
      001348 3E               [12] 4299 	addc	a,r6
      001349 FB               [12] 4300 	mov	r3,a
      00134A 8F 04            [24] 4301 	mov	ar4,r7
      00134C 8A 82            [24] 4302 	mov	dpl,r2
      00134E 8B 83            [24] 4303 	mov	dph,r3
      001350 8C F0            [24] 4304 	mov	b,r4
      001352 E4               [12] 4305 	clr	a
      001353 12r00r00         [24] 4306 	lcall	__gptrput
                                   4307 ;	C:\Users\tonyp\Downloads\ch552-turbo-fan-ctrl\src\usb_protocol.c:320: uc->pwm_duty_overridden = false;
      001356 74 60            [12] 4308 	mov	a,#0x60
      001358 2D               [12] 4309 	add	a,r5
      001359 FA               [12] 4310 	mov	r2,a
      00135A E4               [12] 4311 	clr	a
      00135B 3E               [12] 4312 	addc	a,r6
      00135C FB               [12] 4313 	mov	r3,a
      00135D 8F 04            [24] 4314 	mov	ar4,r7
      00135F 8A 82            [24] 4315 	mov	dpl,r2
      001361 8B 83            [24] 4316 	mov	dph,r3
      001363 8C F0            [24] 4317 	mov	b,r4
      001365 E4               [12] 4318 	clr	a
      001366 12r00r00         [24] 4319 	lcall	__gptrput
                                   4320 ;	C:\Users\tonyp\Downloads\ch552-turbo-fan-ctrl\src\usb_protocol.c:321: uc->reset_requested = false;
      001369 74 61            [12] 4321 	mov	a,#0x61
      00136B 2D               [12] 4322 	add	a,r5
      00136C FA               [12] 4323 	mov	r2,a
      00136D E4               [12] 4324 	clr	a
      00136E 3E               [12] 4325 	addc	a,r6
      00136F FB               [12] 4326 	mov	r3,a
      001370 8F 04            [24] 4327 	mov	ar4,r7
      001372 8A 82            [24] 4328 	mov	dpl,r2
      001374 8B 83            [24] 4329 	mov	dph,r3
      001376 8C F0            [24] 4330 	mov	b,r4
      001378 E4               [12] 4331 	clr	a
      001379 12r00r00         [24] 4332 	lcall	__gptrput
                                   4333 ;	C:\Users\tonyp\Downloads\ch552-turbo-fan-ctrl\src\usb_protocol.c:322: uc->status_requested = false;
      00137C 74 62            [12] 4334 	mov	a,#0x62
      00137E 2D               [12] 4335 	add	a,r5
      00137F FA               [12] 4336 	mov	r2,a
      001380 E4               [12] 4337 	clr	a
      001381 3E               [12] 4338 	addc	a,r6
      001382 FB               [12] 4339 	mov	r3,a
      001383 8F 04            [24] 4340 	mov	ar4,r7
      001385 8A 82            [24] 4341 	mov	dpl,r2
      001387 8B 83            [24] 4342 	mov	dph,r3
      001389 8C F0            [24] 4343 	mov	b,r4
      00138B E4               [12] 4344 	clr	a
      00138C 12r00r00         [24] 4345 	lcall	__gptrput
                                   4346 ;	C:\Users\tonyp\Downloads\ch552-turbo-fan-ctrl\src\usb_protocol.c:324: uc->target_voltage_override = VOUT_DEFAULT;
      00138F 74 48            [12] 4347 	mov	a,#0x48
      001391 2D               [12] 4348 	add	a,r5
      001392 FA               [12] 4349 	mov	r2,a
      001393 E4               [12] 4350 	clr	a
      001394 3E               [12] 4351 	addc	a,r6
      001395 FB               [12] 4352 	mov	r3,a
      001396 8F 04            [24] 4353 	mov	ar4,r7
      001398 8A 82            [24] 4354 	mov	dpl,r2
      00139A 8B 83            [24] 4355 	mov	dph,r3
      00139C 8C F0            [24] 4356 	mov	b,r4
      00139E E4               [12] 4357 	clr	a
      00139F 12r00r00         [24] 4358 	lcall	__gptrput
      0013A2 A3               [24] 4359 	inc	dptr
      0013A3 12r00r00         [24] 4360 	lcall	__gptrput
      0013A6 A3               [24] 4361 	inc	dptr
      0013A7 74 40            [12] 4362 	mov	a,#0x40
      0013A9 12r00r00         [24] 4363 	lcall	__gptrput
      0013AC A3               [24] 4364 	inc	dptr
      0013AD 04               [12] 4365 	inc	a
      0013AE 12r00r00         [24] 4366 	lcall	__gptrput
                                   4367 ;	C:\Users\tonyp\Downloads\ch552-turbo-fan-ctrl\src\usb_protocol.c:325: uc->target_rpm_override = RPM_TARGET_MIN;
      0013B1 74 4C            [12] 4368 	mov	a,#0x4c
      0013B3 2D               [12] 4369 	add	a,r5
      0013B4 FA               [12] 4370 	mov	r2,a
      0013B5 E4               [12] 4371 	clr	a
      0013B6 3E               [12] 4372 	addc	a,r6
      0013B7 FB               [12] 4373 	mov	r3,a
      0013B8 8F 04            [24] 4374 	mov	ar4,r7
      0013BA 8A 82            [24] 4375 	mov	dpl,r2
      0013BC 8B 83            [24] 4376 	mov	dph,r3
      0013BE 8C F0            [24] 4377 	mov	b,r4
      0013C0 74 58            [12] 4378 	mov	a,#0x58
      0013C2 12r00r00         [24] 4379 	lcall	__gptrput
      0013C5 A3               [24] 4380 	inc	dptr
      0013C6 74 02            [12] 4381 	mov	a,#0x02
      0013C8 12r00r00         [24] 4382 	lcall	__gptrput
      0013CB A3               [24] 4383 	inc	dptr
      0013CC E4               [12] 4384 	clr	a
      0013CD 12r00r00         [24] 4385 	lcall	__gptrput
      0013D0 A3               [24] 4386 	inc	dptr
      0013D1 12r00r00         [24] 4387 	lcall	__gptrput
                                   4388 ;	C:\Users\tonyp\Downloads\ch552-turbo-fan-ctrl\src\usb_protocol.c:326: uc->override_temp_min = TEMP_MIN;
      0013D4 74 50            [12] 4389 	mov	a,#0x50
      0013D6 2D               [12] 4390 	add	a,r5
      0013D7 FA               [12] 4391 	mov	r2,a
      0013D8 E4               [12] 4392 	clr	a
      0013D9 3E               [12] 4393 	addc	a,r6
      0013DA FB               [12] 4394 	mov	r3,a
      0013DB 8F 04            [24] 4395 	mov	ar4,r7
      0013DD 8A 82            [24] 4396 	mov	dpl,r2
      0013DF 8B 83            [24] 4397 	mov	dph,r3
      0013E1 8C F0            [24] 4398 	mov	b,r4
      0013E3 E4               [12] 4399 	clr	a
      0013E4 12r00r00         [24] 4400 	lcall	__gptrput
      0013E7 A3               [24] 4401 	inc	dptr
      0013E8 12r00r00         [24] 4402 	lcall	__gptrput
      0013EB A3               [24] 4403 	inc	dptr
      0013EC 74 F0            [12] 4404 	mov	a,#0xf0
      0013EE 12r00r00         [24] 4405 	lcall	__gptrput
      0013F1 A3               [24] 4406 	inc	dptr
      0013F2 74 41            [12] 4407 	mov	a,#0x41
      0013F4 12r00r00         [24] 4408 	lcall	__gptrput
                                   4409 ;	C:\Users\tonyp\Downloads\ch552-turbo-fan-ctrl\src\usb_protocol.c:327: uc->override_temp_max = TEMP_MAX;
      0013F7 74 54            [12] 4410 	mov	a,#0x54
      0013F9 2D               [12] 4411 	add	a,r5
      0013FA FA               [12] 4412 	mov	r2,a
      0013FB E4               [12] 4413 	clr	a
      0013FC 3E               [12] 4414 	addc	a,r6
      0013FD FB               [12] 4415 	mov	r3,a
      0013FE 8F 04            [24] 4416 	mov	ar4,r7
      001400 8A 82            [24] 4417 	mov	dpl,r2
      001402 8B 83            [24] 4418 	mov	dph,r3
      001404 8C F0            [24] 4419 	mov	b,r4
      001406 E4               [12] 4420 	clr	a
      001407 12r00r00         [24] 4421 	lcall	__gptrput
      00140A A3               [24] 4422 	inc	dptr
      00140B 12r00r00         [24] 4423 	lcall	__gptrput
      00140E A3               [24] 4424 	inc	dptr
      00140F 74 34            [12] 4425 	mov	a,#0x34
      001411 12r00r00         [24] 4426 	lcall	__gptrput
      001414 A3               [24] 4427 	inc	dptr
      001415 74 42            [12] 4428 	mov	a,#0x42
      001417 12r00r00         [24] 4429 	lcall	__gptrput
                                   4430 ;	C:\Users\tonyp\Downloads\ch552-turbo-fan-ctrl\src\usb_protocol.c:328: uc->override_temp_overheat = TEMP_OVERHEAT;
      00141A 74 58            [12] 4431 	mov	a,#0x58
      00141C 2D               [12] 4432 	add	a,r5
      00141D FA               [12] 4433 	mov	r2,a
      00141E E4               [12] 4434 	clr	a
      00141F 3E               [12] 4435 	addc	a,r6
      001420 FB               [12] 4436 	mov	r3,a
      001421 8F 04            [24] 4437 	mov	ar4,r7
      001423 8A 82            [24] 4438 	mov	dpl,r2
      001425 8B 83            [24] 4439 	mov	dph,r3
      001427 8C F0            [24] 4440 	mov	b,r4
      001429 E4               [12] 4441 	clr	a
      00142A 12r00r00         [24] 4442 	lcall	__gptrput
      00142D A3               [24] 4443 	inc	dptr
      00142E 12r00r00         [24] 4444 	lcall	__gptrput
      001431 A3               [24] 4445 	inc	dptr
      001432 74 48            [12] 4446 	mov	a,#0x48
      001434 12r00r00         [24] 4447 	lcall	__gptrput
      001437 A3               [24] 4448 	inc	dptr
      001438 74 42            [12] 4449 	mov	a,#0x42
      00143A 12r00r00         [24] 4450 	lcall	__gptrput
                                   4451 ;	C:\Users\tonyp\Downloads\ch552-turbo-fan-ctrl\src\usb_protocol.c:329: uc->override_pwm_duty = 0;
      00143D 74 5C            [12] 4452 	mov	a,#0x5c
      00143F 2D               [12] 4453 	add	a,r5
      001440 FD               [12] 4454 	mov	r5,a
      001441 E4               [12] 4455 	clr	a
      001442 3E               [12] 4456 	addc	a,r6
      001443 FE               [12] 4457 	mov	r6,a
      001444 8D 82            [24] 4458 	mov	dpl,r5
      001446 8E 83            [24] 4459 	mov	dph,r6
      001448 8F F0            [24] 4460 	mov	b,r7
      00144A E4               [12] 4461 	clr	a
                                   4462 ;	C:\Users\tonyp\Downloads\ch552-turbo-fan-ctrl\src\usb_protocol.c:330: }
      00144B 02r00r00         [24] 4463 	ljmp	__gptrput
                                   4464 ;------------------------------------------------------------
                                   4465 ;Allocation info for local variables in function 'USBController_update'
                                   4466 ;------------------------------------------------------------
                                   4467 ;sloc0                     Allocated with name '_USBController_update_sloc0_1_0'
                                   4468 ;sloc1                     Allocated with name '_USBController_update_sloc1_1_0'
                                   4469 ;sloc2                     Allocated with name '_USBController_update_sloc2_1_0'
                                   4470 ;sloc3                     Allocated with name '_USBController_update_sloc3_1_0'
                                   4471 ;sloc4                     Allocated with name '_USBController_update_sloc4_1_0'
                                   4472 ;uc                        Allocated with name '_USBController_update_uc_65536_267'
                                   4473 ;c                         Allocated with name '_USBController_update_c_131072_269'
                                   4474 ;------------------------------------------------------------
                                   4475 ;	C:\Users\tonyp\Downloads\ch552-turbo-fan-ctrl\src\usb_protocol.c:332: void USBController_update(USBController* uc) {
                                   4476 ;	-----------------------------------------
                                   4477 ;	 function USBController_update
                                   4478 ;	-----------------------------------------
      00144E                       4479 _USBController_update:
      00144E AF F0            [24] 4480 	mov	r7,b
      001450 AE 83            [24] 4481 	mov	r6,dph
      001452 E5 82            [12] 4482 	mov	a,dpl
      001454 90r00r2B         [24] 4483 	mov	dptr,#_USBController_update_uc_65536_267
      001457 F0               [24] 4484 	movx	@dptr,a
      001458 EE               [12] 4485 	mov	a,r6
      001459 A3               [24] 4486 	inc	dptr
      00145A F0               [24] 4487 	movx	@dptr,a
      00145B EF               [12] 4488 	mov	a,r7
      00145C A3               [24] 4489 	inc	dptr
      00145D F0               [24] 4490 	movx	@dptr,a
                                   4491 ;	C:\Users\tonyp\Downloads\ch552-turbo-fan-ctrl\src\usb_protocol.c:333: while (serial_available()) {
      00145E 90r00r2B         [24] 4492 	mov	dptr,#_USBController_update_uc_65536_267
      001461 E0               [24] 4493 	movx	a,@dptr
      001462 FD               [12] 4494 	mov	r5,a
      001463 A3               [24] 4495 	inc	dptr
      001464 E0               [24] 4496 	movx	a,@dptr
      001465 FE               [12] 4497 	mov	r6,a
      001466 A3               [24] 4498 	inc	dptr
      001467 E0               [24] 4499 	movx	a,@dptr
      001468 FF               [12] 4500 	mov	r7,a
      001469 74 47            [12] 4501 	mov	a,#0x47
      00146B 2D               [12] 4502 	add	a,r5
      00146C FA               [12] 4503 	mov	r2,a
      00146D E4               [12] 4504 	clr	a
      00146E 3E               [12] 4505 	addc	a,r6
      00146F FB               [12] 4506 	mov	r3,a
      001470 8F 04            [24] 4507 	mov	ar4,r7
      001472 8D*03            [24] 4508 	mov	_USBController_update_sloc0_1_0,r5
      001474 8E*04            [24] 4509 	mov	(_USBController_update_sloc0_1_0 + 1),r6
      001476 8F*05            [24] 4510 	mov	(_USBController_update_sloc0_1_0 + 2),r7
      001478 8D*06            [24] 4511 	mov	_USBController_update_sloc1_1_0,r5
      00147A 8E*07            [24] 4512 	mov	(_USBController_update_sloc1_1_0 + 1),r6
      00147C 8F*08            [24] 4513 	mov	(_USBController_update_sloc1_1_0 + 2),r7
      00147E 74 06            [12] 4514 	mov	a,#0x06
      001480 2D               [12] 4515 	add	a,r5
      001481 F5*09            [12] 4516 	mov	_USBController_update_sloc2_1_0,a
      001483 E4               [12] 4517 	clr	a
      001484 3E               [12] 4518 	addc	a,r6
      001485 F5*0A            [12] 4519 	mov	(_USBController_update_sloc2_1_0 + 1),a
      001487 8F*0B            [24] 4520 	mov	(_USBController_update_sloc2_1_0 + 2),r7
      001489                       4521 00110$:
      001489 C0 07            [24] 4522 	push	ar7
      00148B C0 06            [24] 4523 	push	ar6
      00148D C0 05            [24] 4524 	push	ar5
      00148F C0 04            [24] 4525 	push	ar4
      001491 C0 03            [24] 4526 	push	ar3
      001493 C0 02            [24] 4527 	push	ar2
      001495 12r00r00         [24] 4528 	lcall	_serial_available
      001498 E5 82            [12] 4529 	mov	a,dpl
      00149A 85 83 F0         [24] 4530 	mov	b,dph
      00149D D0 02            [24] 4531 	pop	ar2
      00149F D0 03            [24] 4532 	pop	ar3
      0014A1 D0 04            [24] 4533 	pop	ar4
      0014A3 D0 05            [24] 4534 	pop	ar5
      0014A5 D0 06            [24] 4535 	pop	ar6
      0014A7 D0 07            [24] 4536 	pop	ar7
      0014A9 45 F0            [12] 4537 	orl	a,b
      0014AB 70 03            [24] 4538 	jnz	00146$
      0014AD 02r15rF7         [24] 4539 	ljmp	00112$
      0014B0                       4540 00146$:
                                   4541 ;	C:\Users\tonyp\Downloads\ch552-turbo-fan-ctrl\src\usb_protocol.c:334: char c = (char)serial_read();
      0014B0 C0 07            [24] 4542 	push	ar7
      0014B2 C0 06            [24] 4543 	push	ar6
      0014B4 C0 05            [24] 4544 	push	ar5
      0014B6 C0 04            [24] 4545 	push	ar4
      0014B8 C0 03            [24] 4546 	push	ar3
      0014BA C0 02            [24] 4547 	push	ar2
      0014BC 12r00r00         [24] 4548 	lcall	_serial_read
      0014BF A8 82            [24] 4549 	mov	r0,dpl
      0014C1 A9 83            [24] 4550 	mov	r1,dph
      0014C3 D0 02            [24] 4551 	pop	ar2
      0014C5 D0 03            [24] 4552 	pop	ar3
      0014C7 D0 04            [24] 4553 	pop	ar4
      0014C9 D0 05            [24] 4554 	pop	ar5
      0014CB D0 06            [24] 4555 	pop	ar6
      0014CD D0 07            [24] 4556 	pop	ar7
                                   4557 ;	C:\Users\tonyp\Downloads\ch552-turbo-fan-ctrl\src\usb_protocol.c:336: if (c == '\n' || c == '\r') {
      0014CF B8 0A 02         [24] 4558 	cjne	r0,#0x0a,00147$
      0014D2 80 08            [24] 4559 	sjmp	00106$
      0014D4                       4560 00147$:
      0014D4 B8 0D 02         [24] 4561 	cjne	r0,#0x0d,00148$
      0014D7 80 03            [24] 4562 	sjmp	00149$
      0014D9                       4563 00148$:
      0014D9 02r15r69         [24] 4564 	ljmp	00107$
      0014DC                       4565 00149$:
      0014DC                       4566 00106$:
                                   4567 ;	C:\Users\tonyp\Downloads\ch552-turbo-fan-ctrl\src\usb_protocol.c:337: if (uc->rx_len > 0) {
      0014DC 8A 82            [24] 4568 	mov	dpl,r2
      0014DE 8B 83            [24] 4569 	mov	dph,r3
      0014E0 8C F0            [24] 4570 	mov	b,r4
      0014E2 12r00r00         [24] 4571 	lcall	__gptrget
      0014E5 F9               [12] 4572 	mov	r1,a
      0014E6 60 A1            [24] 4573 	jz	00110$
                                   4574 ;	C:\Users\tonyp\Downloads\ch552-turbo-fan-ctrl\src\usb_protocol.c:338: uc->rx_buffer[uc->rx_len] = '\0';
      0014E8 C0 02            [24] 4575 	push	ar2
      0014EA C0 03            [24] 4576 	push	ar3
      0014EC C0 04            [24] 4577 	push	ar4
      0014EE 74 06            [12] 4578 	mov	a,#0x06
      0014F0 2D               [12] 4579 	add	a,r5
      0014F1 FA               [12] 4580 	mov	r2,a
      0014F2 E4               [12] 4581 	clr	a
      0014F3 3E               [12] 4582 	addc	a,r6
      0014F4 FB               [12] 4583 	mov	r3,a
      0014F5 8F 04            [24] 4584 	mov	ar4,r7
      0014F7 E9               [12] 4585 	mov	a,r1
      0014F8 2A               [12] 4586 	add	a,r2
      0014F9 FA               [12] 4587 	mov	r2,a
      0014FA E4               [12] 4588 	clr	a
      0014FB 3B               [12] 4589 	addc	a,r3
      0014FC FB               [12] 4590 	mov	r3,a
      0014FD 8A 82            [24] 4591 	mov	dpl,r2
      0014FF 8B 83            [24] 4592 	mov	dph,r3
      001501 8C F0            [24] 4593 	mov	b,r4
      001503 E4               [12] 4594 	clr	a
      001504 12r00r00         [24] 4595 	lcall	__gptrput
                                   4596 ;	C:\Users\tonyp\Downloads\ch552-turbo-fan-ctrl\src\usb_protocol.c:339: usb_handleCommand(uc, uc->rx_buffer);
      001507 90r00r22         [24] 4597 	mov	dptr,#_usb_handleCommand_PARM_2
      00150A 74 06            [12] 4598 	mov	a,#0x06
      00150C 2D               [12] 4599 	add	a,r5
      00150D F0               [24] 4600 	movx	@dptr,a
      00150E E4               [12] 4601 	clr	a
      00150F 3E               [12] 4602 	addc	a,r6
      001510 A3               [24] 4603 	inc	dptr
      001511 F0               [24] 4604 	movx	@dptr,a
      001512 EF               [12] 4605 	mov	a,r7
      001513 A3               [24] 4606 	inc	dptr
      001514 F0               [24] 4607 	movx	@dptr,a
      001515 8D 82            [24] 4608 	mov	dpl,r5
      001517 8E 83            [24] 4609 	mov	dph,r6
      001519 8F F0            [24] 4610 	mov	b,r7
      00151B C0 07            [24] 4611 	push	ar7
      00151D C0 06            [24] 4612 	push	ar6
      00151F C0 05            [24] 4613 	push	ar5
      001521 C0 04            [24] 4614 	push	ar4
      001523 C0 03            [24] 4615 	push	ar3
      001525 C0 02            [24] 4616 	push	ar2
      001527 12r0FrAB         [24] 4617 	lcall	_usb_handleCommand
      00152A D0 02            [24] 4618 	pop	ar2
      00152C D0 03            [24] 4619 	pop	ar3
      00152E D0 04            [24] 4620 	pop	ar4
      001530 D0 05            [24] 4621 	pop	ar5
      001532 D0 06            [24] 4622 	pop	ar6
      001534 D0 07            [24] 4623 	pop	ar7
                                   4624 ;	C:\Users\tonyp\Downloads\ch552-turbo-fan-ctrl\src\usb_protocol.c:340: uc->rx_len = 0;
      001536 74 47            [12] 4625 	mov	a,#0x47
      001538 25*03            [12] 4626 	add	a,_USBController_update_sloc0_1_0
      00153A FA               [12] 4627 	mov	r2,a
      00153B E4               [12] 4628 	clr	a
      00153C 35*04            [12] 4629 	addc	a,(_USBController_update_sloc0_1_0 + 1)
      00153E FB               [12] 4630 	mov	r3,a
      00153F AC*05            [24] 4631 	mov	r4,(_USBController_update_sloc0_1_0 + 2)
      001541 8A 82            [24] 4632 	mov	dpl,r2
      001543 8B 83            [24] 4633 	mov	dph,r3
      001545 8C F0            [24] 4634 	mov	b,r4
      001547 E4               [12] 4635 	clr	a
      001548 12r00r00         [24] 4636 	lcall	__gptrput
                                   4637 ;	C:\Users\tonyp\Downloads\ch552-turbo-fan-ctrl\src\usb_protocol.c:341: uc->rx_buffer[0] = '\0';
      00154B 74 06            [12] 4638 	mov	a,#0x06
      00154D 25*03            [12] 4639 	add	a,_USBController_update_sloc0_1_0
      00154F FA               [12] 4640 	mov	r2,a
      001550 E4               [12] 4641 	clr	a
      001551 35*04            [12] 4642 	addc	a,(_USBController_update_sloc0_1_0 + 1)
      001553 FB               [12] 4643 	mov	r3,a
      001554 AC*05            [24] 4644 	mov	r4,(_USBController_update_sloc0_1_0 + 2)
      001556 8A 82            [24] 4645 	mov	dpl,r2
      001558 8B 83            [24] 4646 	mov	dph,r3
      00155A 8C F0            [24] 4647 	mov	b,r4
      00155C E4               [12] 4648 	clr	a
      00155D 12r00r00         [24] 4649 	lcall	__gptrput
      001560 D0 04            [24] 4650 	pop	ar4
      001562 D0 03            [24] 4651 	pop	ar3
      001564 D0 02            [24] 4652 	pop	ar2
      001566 02r14r89         [24] 4653 	ljmp	00110$
      001569                       4654 00107$:
                                   4655 ;	C:\Users\tonyp\Downloads\ch552-turbo-fan-ctrl\src\usb_protocol.c:344: if (uc->rx_len < USB_CMD_MAX_LEN) {
      001569 74 47            [12] 4656 	mov	a,#0x47
      00156B 25*06            [12] 4657 	add	a,_USBController_update_sloc1_1_0
      00156D F5*0C            [12] 4658 	mov	_USBController_update_sloc3_1_0,a
      00156F E4               [12] 4659 	clr	a
      001570 35*07            [12] 4660 	addc	a,(_USBController_update_sloc1_1_0 + 1)
      001572 F5*0D            [12] 4661 	mov	(_USBController_update_sloc3_1_0 + 1),a
      001574 85*08*0E         [24] 4662 	mov	(_USBController_update_sloc3_1_0 + 2),(_USBController_update_sloc1_1_0 + 2)
      001577 85*0C 82         [24] 4663 	mov	dpl,_USBController_update_sloc3_1_0
      00157A 85*0D 83         [24] 4664 	mov	dph,(_USBController_update_sloc3_1_0 + 1)
      00157D 85*0E F0         [24] 4665 	mov	b,(_USBController_update_sloc3_1_0 + 2)
      001580 12r00r00         [24] 4666 	lcall	__gptrget
      001583 F9               [12] 4667 	mov	r1,a
      001584 B9 40 00         [24] 4668 	cjne	r1,#0x40,00151$
      001587                       4669 00151$:
      001587 50 3D            [24] 4670 	jnc	00104$
                                   4671 ;	C:\Users\tonyp\Downloads\ch552-turbo-fan-ctrl\src\usb_protocol.c:345: uc->rx_buffer[uc->rx_len++] = c;
      001589 C0 02            [24] 4672 	push	ar2
      00158B C0 03            [24] 4673 	push	ar3
      00158D C0 04            [24] 4674 	push	ar4
      00158F 85*0C 82         [24] 4675 	mov	dpl,_USBController_update_sloc3_1_0
      001592 85*0D 83         [24] 4676 	mov	dph,(_USBController_update_sloc3_1_0 + 1)
      001595 85*0E F0         [24] 4677 	mov	b,(_USBController_update_sloc3_1_0 + 2)
      001598 12r00r00         [24] 4678 	lcall	__gptrget
      00159B F9               [12] 4679 	mov	r1,a
      00159C 04               [12] 4680 	inc	a
      00159D 85*0C 82         [24] 4681 	mov	dpl,_USBController_update_sloc3_1_0
      0015A0 85*0D 83         [24] 4682 	mov	dph,(_USBController_update_sloc3_1_0 + 1)
      0015A3 85*0E F0         [24] 4683 	mov	b,(_USBController_update_sloc3_1_0 + 2)
      0015A6 12r00r00         [24] 4684 	lcall	__gptrput
      0015A9 E9               [12] 4685 	mov	a,r1
      0015AA 25*09            [12] 4686 	add	a,_USBController_update_sloc2_1_0
      0015AC F9               [12] 4687 	mov	r1,a
      0015AD E4               [12] 4688 	clr	a
      0015AE 35*0A            [12] 4689 	addc	a,(_USBController_update_sloc2_1_0 + 1)
      0015B0 FC               [12] 4690 	mov	r4,a
      0015B1 AB*0B            [24] 4691 	mov	r3,(_USBController_update_sloc2_1_0 + 2)
      0015B3 89 82            [24] 4692 	mov	dpl,r1
      0015B5 8C 83            [24] 4693 	mov	dph,r4
      0015B7 8B F0            [24] 4694 	mov	b,r3
      0015B9 E8               [12] 4695 	mov	a,r0
      0015BA 12r00r00         [24] 4696 	lcall	__gptrput
      0015BD D0 04            [24] 4697 	pop	ar4
      0015BF D0 03            [24] 4698 	pop	ar3
      0015C1 D0 02            [24] 4699 	pop	ar2
      0015C3 02r14r89         [24] 4700 	ljmp	00110$
      0015C6                       4701 00104$:
                                   4702 ;	C:\Users\tonyp\Downloads\ch552-turbo-fan-ctrl\src\usb_protocol.c:347: uc->rx_len = 0;
      0015C6 C0 02            [24] 4703 	push	ar2
      0015C8 C0 03            [24] 4704 	push	ar3
      0015CA C0 04            [24] 4705 	push	ar4
      0015CC 85*0C 82         [24] 4706 	mov	dpl,_USBController_update_sloc3_1_0
      0015CF 85*0D 83         [24] 4707 	mov	dph,(_USBController_update_sloc3_1_0 + 1)
      0015D2 85*0E F0         [24] 4708 	mov	b,(_USBController_update_sloc3_1_0 + 2)
      0015D5 E4               [12] 4709 	clr	a
      0015D6 12r00r00         [24] 4710 	lcall	__gptrput
                                   4711 ;	C:\Users\tonyp\Downloads\ch552-turbo-fan-ctrl\src\usb_protocol.c:348: uc->rx_buffer[0] = '\0';
      0015D9 74 06            [12] 4712 	mov	a,#0x06
      0015DB 25*06            [12] 4713 	add	a,_USBController_update_sloc1_1_0
      0015DD F8               [12] 4714 	mov	r0,a
      0015DE E4               [12] 4715 	clr	a
      0015DF 35*07            [12] 4716 	addc	a,(_USBController_update_sloc1_1_0 + 1)
      0015E1 F9               [12] 4717 	mov	r1,a
      0015E2 AC*08            [24] 4718 	mov	r4,(_USBController_update_sloc1_1_0 + 2)
      0015E4 88 82            [24] 4719 	mov	dpl,r0
      0015E6 89 83            [24] 4720 	mov	dph,r1
      0015E8 8C F0            [24] 4721 	mov	b,r4
      0015EA E4               [12] 4722 	clr	a
      0015EB 12r00r00         [24] 4723 	lcall	__gptrput
      0015EE D0 04            [24] 4724 	pop	ar4
      0015F0 D0 03            [24] 4725 	pop	ar3
      0015F2 D0 02            [24] 4726 	pop	ar2
      0015F4 02r14r89         [24] 4727 	ljmp	00110$
      0015F7                       4728 00112$:
                                   4729 ;	C:\Users\tonyp\Downloads\ch552-turbo-fan-ctrl\src\usb_protocol.c:353: if (uc->is_connected && (millis() - uc->last_heartbeat > USB_HEARTBEAT_TIMEOUT)) {
      0015F7 90r00r2B         [24] 4730 	mov	dptr,#_USBController_update_uc_65536_267
      0015FA E0               [24] 4731 	movx	a,@dptr
      0015FB FD               [12] 4732 	mov	r5,a
      0015FC A3               [24] 4733 	inc	dptr
      0015FD E0               [24] 4734 	movx	a,@dptr
      0015FE FE               [12] 4735 	mov	r6,a
      0015FF A3               [24] 4736 	inc	dptr
      001600 E0               [24] 4737 	movx	a,@dptr
      001601 FF               [12] 4738 	mov	r7,a
      001602 8D 82            [24] 4739 	mov	dpl,r5
      001604 8E 83            [24] 4740 	mov	dph,r6
      001606 8F F0            [24] 4741 	mov	b,r7
      001608 12r00r00         [24] 4742 	lcall	__gptrget
      00160B 70 01            [24] 4743 	jnz	00153$
      00160D 22               [24] 4744 	ret
      00160E                       4745 00153$:
      00160E C0 07            [24] 4746 	push	ar7
      001610 C0 06            [24] 4747 	push	ar6
      001612 C0 05            [24] 4748 	push	ar5
      001614 12r00r00         [24] 4749 	lcall	_millis
      001617 85 82*0F         [24] 4750 	mov	_USBController_update_sloc4_1_0,dpl
      00161A 85 83*10         [24] 4751 	mov	(_USBController_update_sloc4_1_0 + 1),dph
      00161D 85 F0*11         [24] 4752 	mov	(_USBController_update_sloc4_1_0 + 2),b
      001620 F5*12            [12] 4753 	mov	(_USBController_update_sloc4_1_0 + 3),a
      001622 D0 05            [24] 4754 	pop	ar5
      001624 D0 06            [24] 4755 	pop	ar6
      001626 D0 07            [24] 4756 	pop	ar7
      001628 74 02            [12] 4757 	mov	a,#0x02
      00162A 2D               [12] 4758 	add	a,r5
      00162B F8               [12] 4759 	mov	r0,a
      00162C E4               [12] 4760 	clr	a
      00162D 3E               [12] 4761 	addc	a,r6
      00162E FB               [12] 4762 	mov	r3,a
      00162F 8F 04            [24] 4763 	mov	ar4,r7
      001631 88 82            [24] 4764 	mov	dpl,r0
      001633 8B 83            [24] 4765 	mov	dph,r3
      001635 8C F0            [24] 4766 	mov	b,r4
      001637 12r00r00         [24] 4767 	lcall	__gptrget
      00163A F8               [12] 4768 	mov	r0,a
      00163B A3               [24] 4769 	inc	dptr
      00163C 12r00r00         [24] 4770 	lcall	__gptrget
      00163F FB               [12] 4771 	mov	r3,a
      001640 A3               [24] 4772 	inc	dptr
      001641 12r00r00         [24] 4773 	lcall	__gptrget
      001644 FC               [12] 4774 	mov	r4,a
      001645 A3               [24] 4775 	inc	dptr
      001646 12r00r00         [24] 4776 	lcall	__gptrget
      001649 FA               [12] 4777 	mov	r2,a
      00164A E5*0F            [12] 4778 	mov	a,_USBController_update_sloc4_1_0
      00164C C3               [12] 4779 	clr	c
      00164D 98               [12] 4780 	subb	a,r0
      00164E F8               [12] 4781 	mov	r0,a
      00164F E5*10            [12] 4782 	mov	a,(_USBController_update_sloc4_1_0 + 1)
      001651 9B               [12] 4783 	subb	a,r3
      001652 FB               [12] 4784 	mov	r3,a
      001653 E5*11            [12] 4785 	mov	a,(_USBController_update_sloc4_1_0 + 2)
      001655 9C               [12] 4786 	subb	a,r4
      001656 FC               [12] 4787 	mov	r4,a
      001657 E5*12            [12] 4788 	mov	a,(_USBController_update_sloc4_1_0 + 3)
      001659 9A               [12] 4789 	subb	a,r2
      00165A FA               [12] 4790 	mov	r2,a
      00165B C3               [12] 4791 	clr	c
      00165C 74 88            [12] 4792 	mov	a,#0x88
      00165E 98               [12] 4793 	subb	a,r0
      00165F 74 13            [12] 4794 	mov	a,#0x13
      001661 9B               [12] 4795 	subb	a,r3
      001662 E4               [12] 4796 	clr	a
      001663 9C               [12] 4797 	subb	a,r4
      001664 E4               [12] 4798 	clr	a
      001665 9A               [12] 4799 	subb	a,r2
      001666 50 40            [24] 4800 	jnc	00116$
                                   4801 ;	C:\Users\tonyp\Downloads\ch552-turbo-fan-ctrl\src\usb_protocol.c:354: uc->is_connected = false;
      001668 8D 82            [24] 4802 	mov	dpl,r5
      00166A 8E 83            [24] 4803 	mov	dph,r6
      00166C 8F F0            [24] 4804 	mov	b,r7
      00166E E4               [12] 4805 	clr	a
      00166F 12r00r00         [24] 4806 	lcall	__gptrput
                                   4807 ;	C:\Users\tonyp\Downloads\ch552-turbo-fan-ctrl\src\usb_protocol.c:355: uc->pairing_state = PAIRING_IDLE;
      001672 04               [12] 4808 	inc	a
      001673 2D               [12] 4809 	add	a,r5
      001674 FA               [12] 4810 	mov	r2,a
      001675 E4               [12] 4811 	clr	a
      001676 3E               [12] 4812 	addc	a,r6
      001677 FB               [12] 4813 	mov	r3,a
      001678 8F 04            [24] 4814 	mov	ar4,r7
      00167A 8A 82            [24] 4815 	mov	dpl,r2
      00167C 8B 83            [24] 4816 	mov	dph,r3
      00167E 8C F0            [24] 4817 	mov	b,r4
      001680 E4               [12] 4818 	clr	a
      001681 12r00r00         [24] 4819 	lcall	__gptrput
                                   4820 ;	C:\Users\tonyp\Downloads\ch552-turbo-fan-ctrl\src\usb_protocol.c:356: uc->override_active = false;
      001684 74 5D            [12] 4821 	mov	a,#0x5d
      001686 2D               [12] 4822 	add	a,r5
      001687 FA               [12] 4823 	mov	r2,a
      001688 E4               [12] 4824 	clr	a
      001689 3E               [12] 4825 	addc	a,r6
      00168A FB               [12] 4826 	mov	r3,a
      00168B 8F 04            [24] 4827 	mov	ar4,r7
      00168D 8A 82            [24] 4828 	mov	dpl,r2
      00168F 8B 83            [24] 4829 	mov	dph,r3
      001691 8C F0            [24] 4830 	mov	b,r4
      001693 E4               [12] 4831 	clr	a
      001694 12r00r00         [24] 4832 	lcall	__gptrput
                                   4833 ;	C:\Users\tonyp\Downloads\ch552-turbo-fan-ctrl\src\usb_protocol.c:357: uc->rpm_override_active = false;
      001697 74 5E            [12] 4834 	mov	a,#0x5e
      001699 2D               [12] 4835 	add	a,r5
      00169A FD               [12] 4836 	mov	r5,a
      00169B E4               [12] 4837 	clr	a
      00169C 3E               [12] 4838 	addc	a,r6
      00169D FE               [12] 4839 	mov	r6,a
      00169E 8D 82            [24] 4840 	mov	dpl,r5
      0016A0 8E 83            [24] 4841 	mov	dph,r6
      0016A2 8F F0            [24] 4842 	mov	b,r7
      0016A4 E4               [12] 4843 	clr	a
                                   4844 ;	C:\Users\tonyp\Downloads\ch552-turbo-fan-ctrl\src\usb_protocol.c:359: }
      0016A5 02r00r00         [24] 4845 	ljmp	__gptrput
      0016A8                       4846 00116$:
      0016A8 22               [24] 4847 	ret
                                   4848 ;------------------------------------------------------------
                                   4849 ;Allocation info for local variables in function 'USBController_sendStatus'
                                   4850 ;------------------------------------------------------------
                                   4851 ;status                    Allocated with name '_USBController_sendStatus_PARM_2'
                                   4852 ;uc                        Allocated with name '_USBController_sendStatus_uc_65536_276'
                                   4853 ;------------------------------------------------------------
                                   4854 ;	C:\Users\tonyp\Downloads\ch552-turbo-fan-ctrl\src\usb_protocol.c:361: void USBController_sendStatus(USBController* uc, const SystemStatus* status) {
                                   4855 ;	-----------------------------------------
                                   4856 ;	 function USBController_sendStatus
                                   4857 ;	-----------------------------------------
      0016A9                       4858 _USBController_sendStatus:
                                   4859 ;	C:\Users\tonyp\Downloads\ch552-turbo-fan-ctrl\src\usb_protocol.c:364: serial_print_str("{");
      0016A9 90r01r36         [24] 4860 	mov	dptr,#___str_30
      0016AC 75 F0 80         [24] 4861 	mov	b,#0x80
      0016AF 12r00r00         [24] 4862 	lcall	_serial_print_str
                                   4863 ;	C:\Users\tonyp\Downloads\ch552-turbo-fan-ctrl\src\usb_protocol.c:365: serial_print_str("\"temp\":");
      0016B2 90r01r38         [24] 4864 	mov	dptr,#___str_31
      0016B5 75 F0 80         [24] 4865 	mov	b,#0x80
      0016B8 12r00r00         [24] 4866 	lcall	_serial_print_str
                                   4867 ;	C:\Users\tonyp\Downloads\ch552-turbo-fan-ctrl\src\usb_protocol.c:366: serial_print_float(status->temperature, 2);
      0016BB 90r00r2E         [24] 4868 	mov	dptr,#_USBController_sendStatus_PARM_2
      0016BE E0               [24] 4869 	movx	a,@dptr
      0016BF FD               [12] 4870 	mov	r5,a
      0016C0 A3               [24] 4871 	inc	dptr
      0016C1 E0               [24] 4872 	movx	a,@dptr
      0016C2 FE               [12] 4873 	mov	r6,a
      0016C3 A3               [24] 4874 	inc	dptr
      0016C4 E0               [24] 4875 	movx	a,@dptr
      0016C5 FF               [12] 4876 	mov	r7,a
      0016C6 8D 82            [24] 4877 	mov	dpl,r5
      0016C8 8E 83            [24] 4878 	mov	dph,r6
      0016CA 8F F0            [24] 4879 	mov	b,r7
      0016CC 12r00r00         [24] 4880 	lcall	__gptrget
      0016CF F9               [12] 4881 	mov	r1,a
      0016D0 A3               [24] 4882 	inc	dptr
      0016D1 12r00r00         [24] 4883 	lcall	__gptrget
      0016D4 FA               [12] 4884 	mov	r2,a
      0016D5 A3               [24] 4885 	inc	dptr
      0016D6 12r00r00         [24] 4886 	lcall	__gptrget
      0016D9 FB               [12] 4887 	mov	r3,a
      0016DA A3               [24] 4888 	inc	dptr
      0016DB 12r00r00         [24] 4889 	lcall	__gptrget
      0016DE FC               [12] 4890 	mov	r4,a
      0016DF 90r00r00         [24] 4891 	mov	dptr,#_serial_print_float_PARM_2
      0016E2 74 02            [12] 4892 	mov	a,#0x02
      0016E4 F0               [24] 4893 	movx	@dptr,a
      0016E5 E4               [12] 4894 	clr	a
      0016E6 A3               [24] 4895 	inc	dptr
      0016E7 F0               [24] 4896 	movx	@dptr,a
      0016E8 89 82            [24] 4897 	mov	dpl,r1
      0016EA 8A 83            [24] 4898 	mov	dph,r2
      0016EC 8B F0            [24] 4899 	mov	b,r3
      0016EE EC               [12] 4900 	mov	a,r4
      0016EF C0 07            [24] 4901 	push	ar7
      0016F1 C0 06            [24] 4902 	push	ar6
      0016F3 C0 05            [24] 4903 	push	ar5
      0016F5 12r00r00         [24] 4904 	lcall	_serial_print_float
                                   4905 ;	C:\Users\tonyp\Downloads\ch552-turbo-fan-ctrl\src\usb_protocol.c:367: serial_print_str(",\"volt\":");
      0016F8 90r01r40         [24] 4906 	mov	dptr,#___str_32
      0016FB 75 F0 80         [24] 4907 	mov	b,#0x80
      0016FE 12r00r00         [24] 4908 	lcall	_serial_print_str
      001701 D0 05            [24] 4909 	pop	ar5
      001703 D0 06            [24] 4910 	pop	ar6
      001705 D0 07            [24] 4911 	pop	ar7
                                   4912 ;	C:\Users\tonyp\Downloads\ch552-turbo-fan-ctrl\src\usb_protocol.c:368: serial_print_float(status->voltage, 2);
      001707 74 04            [12] 4913 	mov	a,#0x04
      001709 2D               [12] 4914 	add	a,r5
      00170A FC               [12] 4915 	mov	r4,a
      00170B E4               [12] 4916 	clr	a
      00170C 3E               [12] 4917 	addc	a,r6
      00170D FA               [12] 4918 	mov	r2,a
      00170E 8F 03            [24] 4919 	mov	ar3,r7
      001710 8C 82            [24] 4920 	mov	dpl,r4
      001712 8A 83            [24] 4921 	mov	dph,r2
      001714 8B F0            [24] 4922 	mov	b,r3
      001716 12r00r00         [24] 4923 	lcall	__gptrget
      001719 F9               [12] 4924 	mov	r1,a
      00171A A3               [24] 4925 	inc	dptr
      00171B 12r00r00         [24] 4926 	lcall	__gptrget
      00171E FA               [12] 4927 	mov	r2,a
      00171F A3               [24] 4928 	inc	dptr
      001720 12r00r00         [24] 4929 	lcall	__gptrget
      001723 FB               [12] 4930 	mov	r3,a
      001724 A3               [24] 4931 	inc	dptr
      001725 12r00r00         [24] 4932 	lcall	__gptrget
      001728 FC               [12] 4933 	mov	r4,a
      001729 90r00r00         [24] 4934 	mov	dptr,#_serial_print_float_PARM_2
      00172C 74 02            [12] 4935 	mov	a,#0x02
      00172E F0               [24] 4936 	movx	@dptr,a
      00172F E4               [12] 4937 	clr	a
      001730 A3               [24] 4938 	inc	dptr
      001731 F0               [24] 4939 	movx	@dptr,a
      001732 89 82            [24] 4940 	mov	dpl,r1
      001734 8A 83            [24] 4941 	mov	dph,r2
      001736 8B F0            [24] 4942 	mov	b,r3
      001738 EC               [12] 4943 	mov	a,r4
      001739 C0 07            [24] 4944 	push	ar7
      00173B C0 06            [24] 4945 	push	ar6
      00173D C0 05            [24] 4946 	push	ar5
      00173F 12r00r00         [24] 4947 	lcall	_serial_print_float
                                   4948 ;	C:\Users\tonyp\Downloads\ch552-turbo-fan-ctrl\src\usb_protocol.c:369: serial_print_str(",\"target\":");
      001742 90r01r49         [24] 4949 	mov	dptr,#___str_33
      001745 75 F0 80         [24] 4950 	mov	b,#0x80
      001748 12r00r00         [24] 4951 	lcall	_serial_print_str
      00174B D0 05            [24] 4952 	pop	ar5
      00174D D0 06            [24] 4953 	pop	ar6
      00174F D0 07            [24] 4954 	pop	ar7
                                   4955 ;	C:\Users\tonyp\Downloads\ch552-turbo-fan-ctrl\src\usb_protocol.c:370: serial_print_float(status->target_voltage, 2);
      001751 74 08            [12] 4956 	mov	a,#0x08
      001753 2D               [12] 4957 	add	a,r5
      001754 FC               [12] 4958 	mov	r4,a
      001755 E4               [12] 4959 	clr	a
      001756 3E               [12] 4960 	addc	a,r6
      001757 FA               [12] 4961 	mov	r2,a
      001758 8F 03            [24] 4962 	mov	ar3,r7
      00175A 8C 82            [24] 4963 	mov	dpl,r4
      00175C 8A 83            [24] 4964 	mov	dph,r2
      00175E 8B F0            [24] 4965 	mov	b,r3
      001760 12r00r00         [24] 4966 	lcall	__gptrget
      001763 F9               [12] 4967 	mov	r1,a
      001764 A3               [24] 4968 	inc	dptr
      001765 12r00r00         [24] 4969 	lcall	__gptrget
      001768 FA               [12] 4970 	mov	r2,a
      001769 A3               [24] 4971 	inc	dptr
      00176A 12r00r00         [24] 4972 	lcall	__gptrget
      00176D FB               [12] 4973 	mov	r3,a
      00176E A3               [24] 4974 	inc	dptr
      00176F 12r00r00         [24] 4975 	lcall	__gptrget
      001772 FC               [12] 4976 	mov	r4,a
      001773 90r00r00         [24] 4977 	mov	dptr,#_serial_print_float_PARM_2
      001776 74 02            [12] 4978 	mov	a,#0x02
      001778 F0               [24] 4979 	movx	@dptr,a
      001779 E4               [12] 4980 	clr	a
      00177A A3               [24] 4981 	inc	dptr
      00177B F0               [24] 4982 	movx	@dptr,a
      00177C 89 82            [24] 4983 	mov	dpl,r1
      00177E 8A 83            [24] 4984 	mov	dph,r2
      001780 8B F0            [24] 4985 	mov	b,r3
      001782 EC               [12] 4986 	mov	a,r4
      001783 C0 07            [24] 4987 	push	ar7
      001785 C0 06            [24] 4988 	push	ar6
      001787 C0 05            [24] 4989 	push	ar5
      001789 12r00r00         [24] 4990 	lcall	_serial_print_float
                                   4991 ;	C:\Users\tonyp\Downloads\ch552-turbo-fan-ctrl\src\usb_protocol.c:371: serial_print_str(",\"rpm\":");
      00178C 90r01r54         [24] 4992 	mov	dptr,#___str_34
      00178F 75 F0 80         [24] 4993 	mov	b,#0x80
      001792 12r00r00         [24] 4994 	lcall	_serial_print_str
      001795 D0 05            [24] 4995 	pop	ar5
      001797 D0 06            [24] 4996 	pop	ar6
      001799 D0 07            [24] 4997 	pop	ar7
                                   4998 ;	C:\Users\tonyp\Downloads\ch552-turbo-fan-ctrl\src\usb_protocol.c:372: serial_print_uint(status->rpm);
      00179B 74 0C            [12] 4999 	mov	a,#0x0c
      00179D 2D               [12] 5000 	add	a,r5
      00179E FC               [12] 5001 	mov	r4,a
      00179F E4               [12] 5002 	clr	a
      0017A0 3E               [12] 5003 	addc	a,r6
      0017A1 FA               [12] 5004 	mov	r2,a
      0017A2 8F 03            [24] 5005 	mov	ar3,r7
      0017A4 8C 82            [24] 5006 	mov	dpl,r4
      0017A6 8A 83            [24] 5007 	mov	dph,r2
      0017A8 8B F0            [24] 5008 	mov	b,r3
      0017AA 12r00r00         [24] 5009 	lcall	__gptrget
      0017AD F9               [12] 5010 	mov	r1,a
      0017AE A3               [24] 5011 	inc	dptr
      0017AF 12r00r00         [24] 5012 	lcall	__gptrget
      0017B2 FA               [12] 5013 	mov	r2,a
      0017B3 A3               [24] 5014 	inc	dptr
      0017B4 12r00r00         [24] 5015 	lcall	__gptrget
      0017B7 FB               [12] 5016 	mov	r3,a
      0017B8 A3               [24] 5017 	inc	dptr
      0017B9 12r00r00         [24] 5018 	lcall	__gptrget
      0017BC 89 82            [24] 5019 	mov	dpl,r1
      0017BE 8A 83            [24] 5020 	mov	dph,r2
      0017C0 8B F0            [24] 5021 	mov	b,r3
      0017C2 C0 07            [24] 5022 	push	ar7
      0017C4 C0 06            [24] 5023 	push	ar6
      0017C6 C0 05            [24] 5024 	push	ar5
      0017C8 12r00r00         [24] 5025 	lcall	_serial_print_uint
                                   5026 ;	C:\Users\tonyp\Downloads\ch552-turbo-fan-ctrl\src\usb_protocol.c:373: serial_print_str(",\"target_rpm\":");
      0017CB 90r01r5C         [24] 5027 	mov	dptr,#___str_35
      0017CE 75 F0 80         [24] 5028 	mov	b,#0x80
      0017D1 12r00r00         [24] 5029 	lcall	_serial_print_str
      0017D4 D0 05            [24] 5030 	pop	ar5
      0017D6 D0 06            [24] 5031 	pop	ar6
      0017D8 D0 07            [24] 5032 	pop	ar7
                                   5033 ;	C:\Users\tonyp\Downloads\ch552-turbo-fan-ctrl\src\usb_protocol.c:374: serial_print_uint(status->target_rpm);
      0017DA 74 10            [12] 5034 	mov	a,#0x10
      0017DC 2D               [12] 5035 	add	a,r5
      0017DD FC               [12] 5036 	mov	r4,a
      0017DE E4               [12] 5037 	clr	a
      0017DF 3E               [12] 5038 	addc	a,r6
      0017E0 FA               [12] 5039 	mov	r2,a
      0017E1 8F 03            [24] 5040 	mov	ar3,r7
      0017E3 8C 82            [24] 5041 	mov	dpl,r4
      0017E5 8A 83            [24] 5042 	mov	dph,r2
      0017E7 8B F0            [24] 5043 	mov	b,r3
      0017E9 12r00r00         [24] 5044 	lcall	__gptrget
      0017EC F9               [12] 5045 	mov	r1,a
      0017ED A3               [24] 5046 	inc	dptr
      0017EE 12r00r00         [24] 5047 	lcall	__gptrget
      0017F1 FA               [12] 5048 	mov	r2,a
      0017F2 A3               [24] 5049 	inc	dptr
      0017F3 12r00r00         [24] 5050 	lcall	__gptrget
      0017F6 FB               [12] 5051 	mov	r3,a
      0017F7 A3               [24] 5052 	inc	dptr
      0017F8 12r00r00         [24] 5053 	lcall	__gptrget
      0017FB 89 82            [24] 5054 	mov	dpl,r1
      0017FD 8A 83            [24] 5055 	mov	dph,r2
      0017FF 8B F0            [24] 5056 	mov	b,r3
      001801 C0 07            [24] 5057 	push	ar7
      001803 C0 06            [24] 5058 	push	ar6
      001805 C0 05            [24] 5059 	push	ar5
      001807 12r00r00         [24] 5060 	lcall	_serial_print_uint
                                   5061 ;	C:\Users\tonyp\Downloads\ch552-turbo-fan-ctrl\src\usb_protocol.c:375: serial_print_str(",\"pwm\":");
      00180A 90r01r6B         [24] 5062 	mov	dptr,#___str_36
      00180D 75 F0 80         [24] 5063 	mov	b,#0x80
      001810 12r00r00         [24] 5064 	lcall	_serial_print_str
      001813 D0 05            [24] 5065 	pop	ar5
      001815 D0 06            [24] 5066 	pop	ar6
      001817 D0 07            [24] 5067 	pop	ar7
                                   5068 ;	C:\Users\tonyp\Downloads\ch552-turbo-fan-ctrl\src\usb_protocol.c:376: serial_print_uint(status->pwm_duty);
      001819 74 14            [12] 5069 	mov	a,#0x14
      00181B 2D               [12] 5070 	add	a,r5
      00181C FA               [12] 5071 	mov	r2,a
      00181D E4               [12] 5072 	clr	a
      00181E 3E               [12] 5073 	addc	a,r6
      00181F FB               [12] 5074 	mov	r3,a
      001820 8F 04            [24] 5075 	mov	ar4,r7
      001822 8A 82            [24] 5076 	mov	dpl,r2
      001824 8B 83            [24] 5077 	mov	dph,r3
      001826 8C F0            [24] 5078 	mov	b,r4
      001828 12r00r00         [24] 5079 	lcall	__gptrget
      00182B F9               [12] 5080 	mov	r1,a
      00182C 7A 00            [12] 5081 	mov	r2,#0x00
      00182E 7B 00            [12] 5082 	mov	r3,#0x00
      001830 7C 00            [12] 5083 	mov	r4,#0x00
      001832 89 82            [24] 5084 	mov	dpl,r1
      001834 8A 83            [24] 5085 	mov	dph,r2
      001836 8B F0            [24] 5086 	mov	b,r3
      001838 EC               [12] 5087 	mov	a,r4
      001839 C0 07            [24] 5088 	push	ar7
      00183B C0 06            [24] 5089 	push	ar6
      00183D C0 05            [24] 5090 	push	ar5
      00183F 12r00r00         [24] 5091 	lcall	_serial_print_uint
                                   5092 ;	C:\Users\tonyp\Downloads\ch552-turbo-fan-ctrl\src\usb_protocol.c:377: serial_print_str(",\"error\":\"0x");
      001842 90r01r73         [24] 5093 	mov	dptr,#___str_37
      001845 75 F0 80         [24] 5094 	mov	b,#0x80
      001848 12r00r00         [24] 5095 	lcall	_serial_print_str
      00184B D0 05            [24] 5096 	pop	ar5
      00184D D0 06            [24] 5097 	pop	ar6
      00184F D0 07            [24] 5098 	pop	ar7
                                   5099 ;	C:\Users\tonyp\Downloads\ch552-turbo-fan-ctrl\src\usb_protocol.c:378: serial_print_uint_base(status->error_flags, HEX);
      001851 74 15            [12] 5100 	mov	a,#0x15
      001853 2D               [12] 5101 	add	a,r5
      001854 FA               [12] 5102 	mov	r2,a
      001855 E4               [12] 5103 	clr	a
      001856 3E               [12] 5104 	addc	a,r6
      001857 FB               [12] 5105 	mov	r3,a
      001858 8F 04            [24] 5106 	mov	ar4,r7
      00185A 8A 82            [24] 5107 	mov	dpl,r2
      00185C 8B 83            [24] 5108 	mov	dph,r3
      00185E 8C F0            [24] 5109 	mov	b,r4
      001860 12r00r00         [24] 5110 	lcall	__gptrget
      001863 F9               [12] 5111 	mov	r1,a
      001864 7A 00            [12] 5112 	mov	r2,#0x00
      001866 7B 00            [12] 5113 	mov	r3,#0x00
      001868 7C 00            [12] 5114 	mov	r4,#0x00
      00186A 90r00r00         [24] 5115 	mov	dptr,#_serial_print_uint_base_PARM_2
      00186D 74 10            [12] 5116 	mov	a,#0x10
      00186F F0               [24] 5117 	movx	@dptr,a
      001870 E4               [12] 5118 	clr	a
      001871 A3               [24] 5119 	inc	dptr
      001872 F0               [24] 5120 	movx	@dptr,a
      001873 89 82            [24] 5121 	mov	dpl,r1
      001875 8A 83            [24] 5122 	mov	dph,r2
      001877 8B F0            [24] 5123 	mov	b,r3
      001879 EC               [12] 5124 	mov	a,r4
      00187A C0 07            [24] 5125 	push	ar7
      00187C C0 06            [24] 5126 	push	ar6
      00187E C0 05            [24] 5127 	push	ar5
      001880 12r00r00         [24] 5128 	lcall	_serial_print_uint_base
                                   5129 ;	C:\Users\tonyp\Downloads\ch552-turbo-fan-ctrl\src\usb_protocol.c:379: serial_print_str("\",\"mode\":\"");
      001883 90r01r80         [24] 5130 	mov	dptr,#___str_38
      001886 75 F0 80         [24] 5131 	mov	b,#0x80
      001889 12r00r00         [24] 5132 	lcall	_serial_print_str
      00188C D0 05            [24] 5133 	pop	ar5
      00188E D0 06            [24] 5134 	pop	ar6
      001890 D0 07            [24] 5135 	pop	ar7
                                   5136 ;	C:\Users\tonyp\Downloads\ch552-turbo-fan-ctrl\src\usb_protocol.c:380: serial_print_str(status->auto_mode ? "AUTO" : "MANUAL");
      001892 74 16            [12] 5137 	mov	a,#0x16
      001894 2D               [12] 5138 	add	a,r5
      001895 FD               [12] 5139 	mov	r5,a
      001896 E4               [12] 5140 	clr	a
      001897 3E               [12] 5141 	addc	a,r6
      001898 FE               [12] 5142 	mov	r6,a
      001899 8D 82            [24] 5143 	mov	dpl,r5
      00189B 8E 83            [24] 5144 	mov	dph,r6
      00189D 8F F0            [24] 5145 	mov	b,r7
      00189F 12r00r00         [24] 5146 	lcall	__gptrget
      0018A2 60 06            [24] 5147 	jz	00103$
      0018A4 7Er12            [12] 5148 	mov	r6,#___str_4
      0018A6 7Fs00            [12] 5149 	mov	r7,#(___str_4 >> 8)
      0018A8 80 04            [24] 5150 	sjmp	00104$
      0018AA                       5151 00103$:
      0018AA 7Er17            [12] 5152 	mov	r6,#___str_5
      0018AC 7Fs00            [12] 5153 	mov	r7,#(___str_5 >> 8)
      0018AE                       5154 00104$:
      0018AE 7D 80            [12] 5155 	mov	r5,#0x80
      0018B0 8E 82            [24] 5156 	mov	dpl,r6
      0018B2 8F 83            [24] 5157 	mov	dph,r7
      0018B4 8D F0            [24] 5158 	mov	b,r5
      0018B6 12r00r00         [24] 5159 	lcall	_serial_print_str
                                   5160 ;	C:\Users\tonyp\Downloads\ch552-turbo-fan-ctrl\src\usb_protocol.c:381: serial_println_str("\"}");
      0018B9 90r01r8B         [24] 5161 	mov	dptr,#___str_39
      0018BC 75 F0 80         [24] 5162 	mov	b,#0x80
                                   5163 ;	C:\Users\tonyp\Downloads\ch552-turbo-fan-ctrl\src\usb_protocol.c:382: }
      0018BF 02r00r00         [24] 5164 	ljmp	_serial_println_str
                                   5165 ;------------------------------------------------------------
                                   5166 ;Allocation info for local variables in function 'USBController_isConnected'
                                   5167 ;------------------------------------------------------------
                                   5168 ;uc                        Allocated with name '_USBController_isConnected_uc_65536_278'
                                   5169 ;------------------------------------------------------------
                                   5170 ;	C:\Users\tonyp\Downloads\ch552-turbo-fan-ctrl\src\usb_protocol.c:384: bool USBController_isConnected(const USBController* uc) {
                                   5171 ;	-----------------------------------------
                                   5172 ;	 function USBController_isConnected
                                   5173 ;	-----------------------------------------
      0018C2                       5174 _USBController_isConnected:
      0018C2 AF F0            [24] 5175 	mov	r7,b
      0018C4 AE 83            [24] 5176 	mov	r6,dph
      0018C6 E5 82            [12] 5177 	mov	a,dpl
      0018C8 90r00r31         [24] 5178 	mov	dptr,#_USBController_isConnected_uc_65536_278
      0018CB F0               [24] 5179 	movx	@dptr,a
      0018CC EE               [12] 5180 	mov	a,r6
      0018CD A3               [24] 5181 	inc	dptr
      0018CE F0               [24] 5182 	movx	@dptr,a
      0018CF EF               [12] 5183 	mov	a,r7
      0018D0 A3               [24] 5184 	inc	dptr
      0018D1 F0               [24] 5185 	movx	@dptr,a
                                   5186 ;	C:\Users\tonyp\Downloads\ch552-turbo-fan-ctrl\src\usb_protocol.c:385: return uc->is_connected;
      0018D2 90r00r31         [24] 5187 	mov	dptr,#_USBController_isConnected_uc_65536_278
      0018D5 E0               [24] 5188 	movx	a,@dptr
      0018D6 FD               [12] 5189 	mov	r5,a
      0018D7 A3               [24] 5190 	inc	dptr
      0018D8 E0               [24] 5191 	movx	a,@dptr
      0018D9 FE               [12] 5192 	mov	r6,a
      0018DA A3               [24] 5193 	inc	dptr
      0018DB E0               [24] 5194 	movx	a,@dptr
      0018DC FF               [12] 5195 	mov	r7,a
      0018DD 8D 82            [24] 5196 	mov	dpl,r5
      0018DF 8E 83            [24] 5197 	mov	dph,r6
      0018E1 8F F0            [24] 5198 	mov	b,r7
      0018E3 12r00r00         [24] 5199 	lcall	__gptrget
                                   5200 ;	C:\Users\tonyp\Downloads\ch552-turbo-fan-ctrl\src\usb_protocol.c:386: }
      0018E6 F5 82            [12] 5201 	mov	dpl,a
      0018E8 22               [24] 5202 	ret
                                   5203 ;------------------------------------------------------------
                                   5204 ;Allocation info for local variables in function 'USBController_getTargetVoltage'
                                   5205 ;------------------------------------------------------------
                                   5206 ;uc                        Allocated with name '_USBController_getTargetVoltage_uc_65536_280'
                                   5207 ;------------------------------------------------------------
                                   5208 ;	C:\Users\tonyp\Downloads\ch552-turbo-fan-ctrl\src\usb_protocol.c:388: float USBController_getTargetVoltage(const USBController* uc) {
                                   5209 ;	-----------------------------------------
                                   5210 ;	 function USBController_getTargetVoltage
                                   5211 ;	-----------------------------------------
      0018E9                       5212 _USBController_getTargetVoltage:
      0018E9 AF F0            [24] 5213 	mov	r7,b
      0018EB AE 83            [24] 5214 	mov	r6,dph
      0018ED E5 82            [12] 5215 	mov	a,dpl
      0018EF 90r00r34         [24] 5216 	mov	dptr,#_USBController_getTargetVoltage_uc_65536_280
      0018F2 F0               [24] 5217 	movx	@dptr,a
      0018F3 EE               [12] 5218 	mov	a,r6
      0018F4 A3               [24] 5219 	inc	dptr
      0018F5 F0               [24] 5220 	movx	@dptr,a
      0018F6 EF               [12] 5221 	mov	a,r7
      0018F7 A3               [24] 5222 	inc	dptr
      0018F8 F0               [24] 5223 	movx	@dptr,a
                                   5224 ;	C:\Users\tonyp\Downloads\ch552-turbo-fan-ctrl\src\usb_protocol.c:389: return uc->target_voltage_override;
      0018F9 90r00r34         [24] 5225 	mov	dptr,#_USBController_getTargetVoltage_uc_65536_280
      0018FC E0               [24] 5226 	movx	a,@dptr
      0018FD FD               [12] 5227 	mov	r5,a
      0018FE A3               [24] 5228 	inc	dptr
      0018FF E0               [24] 5229 	movx	a,@dptr
      001900 FE               [12] 5230 	mov	r6,a
      001901 A3               [24] 5231 	inc	dptr
      001902 E0               [24] 5232 	movx	a,@dptr
      001903 FF               [12] 5233 	mov	r7,a
      001904 74 48            [12] 5234 	mov	a,#0x48
      001906 2D               [12] 5235 	add	a,r5
      001907 FD               [12] 5236 	mov	r5,a
      001908 E4               [12] 5237 	clr	a
      001909 3E               [12] 5238 	addc	a,r6
      00190A FE               [12] 5239 	mov	r6,a
      00190B 8D 82            [24] 5240 	mov	dpl,r5
      00190D 8E 83            [24] 5241 	mov	dph,r6
      00190F 8F F0            [24] 5242 	mov	b,r7
      001911 12r00r00         [24] 5243 	lcall	__gptrget
      001914 FD               [12] 5244 	mov	r5,a
      001915 A3               [24] 5245 	inc	dptr
      001916 12r00r00         [24] 5246 	lcall	__gptrget
      001919 FE               [12] 5247 	mov	r6,a
      00191A A3               [24] 5248 	inc	dptr
      00191B 12r00r00         [24] 5249 	lcall	__gptrget
      00191E FF               [12] 5250 	mov	r7,a
      00191F A3               [24] 5251 	inc	dptr
      001920 12r00r00         [24] 5252 	lcall	__gptrget
      001923 8D 82            [24] 5253 	mov	dpl,r5
      001925 8E 83            [24] 5254 	mov	dph,r6
      001927 8F F0            [24] 5255 	mov	b,r7
                                   5256 ;	C:\Users\tonyp\Downloads\ch552-turbo-fan-ctrl\src\usb_protocol.c:390: }
      001929 22               [24] 5257 	ret
                                   5258 ;------------------------------------------------------------
                                   5259 ;Allocation info for local variables in function 'USBController_isOverrideActive'
                                   5260 ;------------------------------------------------------------
                                   5261 ;uc                        Allocated with name '_USBController_isOverrideActive_uc_65536_282'
                                   5262 ;------------------------------------------------------------
                                   5263 ;	C:\Users\tonyp\Downloads\ch552-turbo-fan-ctrl\src\usb_protocol.c:392: bool USBController_isOverrideActive(const USBController* uc) {
                                   5264 ;	-----------------------------------------
                                   5265 ;	 function USBController_isOverrideActive
                                   5266 ;	-----------------------------------------
      00192A                       5267 _USBController_isOverrideActive:
      00192A AF F0            [24] 5268 	mov	r7,b
      00192C AE 83            [24] 5269 	mov	r6,dph
      00192E E5 82            [12] 5270 	mov	a,dpl
      001930 90r00r37         [24] 5271 	mov	dptr,#_USBController_isOverrideActive_uc_65536_282
      001933 F0               [24] 5272 	movx	@dptr,a
      001934 EE               [12] 5273 	mov	a,r6
      001935 A3               [24] 5274 	inc	dptr
      001936 F0               [24] 5275 	movx	@dptr,a
      001937 EF               [12] 5276 	mov	a,r7
      001938 A3               [24] 5277 	inc	dptr
      001939 F0               [24] 5278 	movx	@dptr,a
                                   5279 ;	C:\Users\tonyp\Downloads\ch552-turbo-fan-ctrl\src\usb_protocol.c:393: return uc->override_active;
      00193A 90r00r37         [24] 5280 	mov	dptr,#_USBController_isOverrideActive_uc_65536_282
      00193D E0               [24] 5281 	movx	a,@dptr
      00193E FD               [12] 5282 	mov	r5,a
      00193F A3               [24] 5283 	inc	dptr
      001940 E0               [24] 5284 	movx	a,@dptr
      001941 FE               [12] 5285 	mov	r6,a
      001942 A3               [24] 5286 	inc	dptr
      001943 E0               [24] 5287 	movx	a,@dptr
      001944 FF               [12] 5288 	mov	r7,a
      001945 74 5D            [12] 5289 	mov	a,#0x5d
      001947 2D               [12] 5290 	add	a,r5
      001948 FD               [12] 5291 	mov	r5,a
      001949 E4               [12] 5292 	clr	a
      00194A 3E               [12] 5293 	addc	a,r6
      00194B FE               [12] 5294 	mov	r6,a
      00194C 8D 82            [24] 5295 	mov	dpl,r5
      00194E 8E 83            [24] 5296 	mov	dph,r6
      001950 8F F0            [24] 5297 	mov	b,r7
      001952 12r00r00         [24] 5298 	lcall	__gptrget
                                   5299 ;	C:\Users\tonyp\Downloads\ch552-turbo-fan-ctrl\src\usb_protocol.c:394: }
      001955 F5 82            [12] 5300 	mov	dpl,a
      001957 22               [24] 5301 	ret
                                   5302 	.area CSEG    (CODE)
                                   5303 	.area CONST   (CODE)
                                   5304 	.area CONST   (CODE)
      000000                       5305 ___str_0:
      000000 4F 4B 3A              5306 	.ascii "OK:"
      000003 00                    5307 	.db 0x00
                                   5308 	.area CSEG    (CODE)
                                   5309 	.area CONST   (CODE)
      000004                       5310 ___str_1:
      000004 3D                    5311 	.ascii "="
      000005 00                    5312 	.db 0x00
                                   5313 	.area CSEG    (CODE)
                                   5314 	.area CONST   (CODE)
      000006                       5315 ___str_2:
      000006 53 54 41 54 55 53     5316 	.ascii "STATUS"
      00000C 00                    5317 	.db 0x00
                                   5318 	.area CSEG    (CODE)
                                   5319 	.area CONST   (CODE)
      00000D                       5320 ___str_3:
      00000D 4D 4F 44 45           5321 	.ascii "MODE"
      000011 00                    5322 	.db 0x00
                                   5323 	.area CSEG    (CODE)
                                   5324 	.area CONST   (CODE)
      000012                       5325 ___str_4:
      000012 41 55 54 4F           5326 	.ascii "AUTO"
      000016 00                    5327 	.db 0x00
                                   5328 	.area CSEG    (CODE)
                                   5329 	.area CONST   (CODE)
      000017                       5330 ___str_5:
      000017 4D 41 4E 55 41 4C     5331 	.ascii "MANUAL"
      00001D 00                    5332 	.db 0x00
                                   5333 	.area CSEG    (CODE)
                                   5334 	.area CONST   (CODE)
      00001E                       5335 ___str_6:
      00001E 56 4F 4C 54 41 47 45  5336 	.ascii "VOLTAGE"
      000025 00                    5337 	.db 0x00
                                   5338 	.area CSEG    (CODE)
                                   5339 	.area CONST   (CODE)
      000026                       5340 ___str_7:
      000026 45 52 52 3A 56 4F 4C  5341 	.ascii "ERR:VOLTAGE_OUT_OF_RANGE"
             54 41 47 45 5F 4F 55
             54 5F 4F 46 5F 52 41
             4E 47 45
      00003E 00                    5342 	.db 0x00
                                   5343 	.area CSEG    (CODE)
                                   5344 	.area CONST   (CODE)
      00003F                       5345 ___str_8:
      00003F 52 50 4D              5346 	.ascii "RPM"
      000042 00                    5347 	.db 0x00
                                   5348 	.area CSEG    (CODE)
                                   5349 	.area CONST   (CODE)
      000043                       5350 ___str_9:
      000043 45 52 52 3A 52 50 4D  5351 	.ascii "ERR:RPM_OUT_OF_RANGE"
             5F 4F 55 54 5F 4F 46
             5F 52 41 4E 47 45
      000057 00                    5352 	.db 0x00
                                   5353 	.area CSEG    (CODE)
                                   5354 	.area CONST   (CODE)
      000058                       5355 ___str_10:
      000058 50 57 4D              5356 	.ascii "PWM"
      00005B 00                    5357 	.db 0x00
                                   5358 	.area CSEG    (CODE)
                                   5359 	.area CONST   (CODE)
      00005C                       5360 ___str_11:
      00005C 45 52 52 3A 50 57 4D  5361 	.ascii "ERR:PWM_OUT_OF_RANGE"
             5F 4F 55 54 5F 4F 46
             5F 52 41 4E 47 45
      000070 00                    5362 	.db 0x00
                                   5363 	.area CSEG    (CODE)
                                   5364 	.area CONST   (CODE)
      000071                       5365 ___str_12:
      000071 4F 4B 3A 50 57 4D 3D  5366 	.ascii "OK:PWM="
      000078 00                    5367 	.db 0x00
                                   5368 	.area CSEG    (CODE)
                                   5369 	.area CONST   (CODE)
      000079                       5370 ___str_13:
      000079 54 45 4D 50 5F 4D 49  5371 	.ascii "TEMP_MIN"
             4E
      000081 00                    5372 	.db 0x00
                                   5373 	.area CSEG    (CODE)
                                   5374 	.area CONST   (CODE)
      000082                       5375 ___str_14:
      000082 54 45 4D 50 5F 4D 41  5376 	.ascii "TEMP_MAX"
             58
      00008A 00                    5377 	.db 0x00
                                   5378 	.area CSEG    (CODE)
                                   5379 	.area CONST   (CODE)
      00008B                       5380 ___str_15:
      00008B 54 45 4D 50 5F 4F 56  5381 	.ascii "TEMP_OVERHEAT"
             45 52 48 45 41 54
      000098 00                    5382 	.db 0x00
                                   5383 	.area CSEG    (CODE)
                                   5384 	.area CONST   (CODE)
      000099                       5385 ___str_16:
      000099 48 45 4C 4C 4F        5386 	.ascii "HELLO"
      00009E 00                    5387 	.db 0x00
                                   5388 	.area CSEG    (CODE)
                                   5389 	.area CONST   (CODE)
      00009F                       5390 ___str_17:
      00009F 44 45 56 49 43 45 3A  5391 	.ascii "DEVICE:CH552G_FAN_CTRL_V1.0"
             43 48 35 35 32 47 5F
             46 41 4E 5F 43 54 52
             4C 5F 56 31 2E 30
      0000BA 00                    5392 	.db 0x00
                                   5393 	.area CSEG    (CODE)
                                   5394 	.area CONST   (CODE)
      0000BB                       5395 ___str_18:
      0000BB 43 4F 4E 4E 45 43 54  5396 	.ascii "CONNECT"
      0000C2 00                    5397 	.db 0x00
                                   5398 	.area CSEG    (CODE)
                                   5399 	.area CONST   (CODE)
      0000C3                       5400 ___str_19:
      0000C3 4F 4B 3A 43 4F 4E 4E  5401 	.ascii "OK:CONNECTED"
             45 43 54 45 44
      0000CF 00                    5402 	.db 0x00
                                   5403 	.area CSEG    (CODE)
                                   5404 	.area CONST   (CODE)
      0000D0                       5405 ___str_20:
      0000D0 50 49 4E 47           5406 	.ascii "PING"
      0000D4 00                    5407 	.db 0x00
                                   5408 	.area CSEG    (CODE)
                                   5409 	.area CONST   (CODE)
      0000D5                       5410 ___str_21:
      0000D5 50 4F 4E 47           5411 	.ascii "PONG"
      0000D9 00                    5412 	.db 0x00
                                   5413 	.area CSEG    (CODE)
                                   5414 	.area CONST   (CODE)
      0000DA                       5415 ___str_22:
      0000DA 52 45 53 45 54        5416 	.ascii "RESET"
      0000DF 00                    5417 	.db 0x00
                                   5418 	.area CSEG    (CODE)
                                   5419 	.area CONST   (CODE)
      0000E0                       5420 ___str_23:
      0000E0 4F 4B 3A 52 45 53 45  5421 	.ascii "OK:RESET"
             54
      0000E8 00                    5422 	.db 0x00
                                   5423 	.area CSEG    (CODE)
                                   5424 	.area CONST   (CODE)
      0000E9                       5425 ___str_24:
      0000E9 47 45 54 3A           5426 	.ascii "GET:"
      0000ED 00                    5427 	.db 0x00
                                   5428 	.area CSEG    (CODE)
                                   5429 	.area CONST   (CODE)
      0000EE                       5430 ___str_25:
      0000EE 45 52 52 3A 55 4E 4B  5431 	.ascii "ERR:UNKNOWN_GET:"
             4E 4F 57 4E 5F 47 45
             54 3A
      0000FE 00                    5432 	.db 0x00
                                   5433 	.area CSEG    (CODE)
                                   5434 	.area CONST   (CODE)
      0000FF                       5435 ___str_26:
      0000FF 53 45 54 3A           5436 	.ascii "SET:"
      000103 00                    5437 	.db 0x00
                                   5438 	.area CSEG    (CODE)
                                   5439 	.area CONST   (CODE)
      000104                       5440 ___str_27:
      000104 45 52 52 3A 55 4E 4B  5441 	.ascii "ERR:UNKNOWN_SET:"
             4E 4F 57 4E 5F 53 45
             54 3A
      000114 00                    5442 	.db 0x00
                                   5443 	.area CSEG    (CODE)
                                   5444 	.area CONST   (CODE)
      000115                       5445 ___str_28:
      000115 45 52 52 3A 42 41 44  5446 	.ascii "ERR:BAD_SET_KEY"
             5F 53 45 54 5F 4B 45
             59
      000124 00                    5447 	.db 0x00
                                   5448 	.area CSEG    (CODE)
                                   5449 	.area CONST   (CODE)
      000125                       5450 ___str_29:
      000125 45 52 52 3A 55 4E 4B  5451 	.ascii "ERR:UNKNOWN_CMD:"
             4E 4F 57 4E 5F 43 4D
             44 3A
      000135 00                    5452 	.db 0x00
                                   5453 	.area CSEG    (CODE)
                                   5454 	.area CONST   (CODE)
      000136                       5455 ___str_30:
      000136 7B                    5456 	.ascii "{"
      000137 00                    5457 	.db 0x00
                                   5458 	.area CSEG    (CODE)
                                   5459 	.area CONST   (CODE)
      000138                       5460 ___str_31:
      000138 22                    5461 	.db 0x22
      000139 74 65 6D 70           5462 	.ascii "temp"
      00013D 22                    5463 	.db 0x22
      00013E 3A                    5464 	.ascii ":"
      00013F 00                    5465 	.db 0x00
                                   5466 	.area CSEG    (CODE)
                                   5467 	.area CONST   (CODE)
      000140                       5468 ___str_32:
      000140 2C                    5469 	.ascii ","
      000141 22                    5470 	.db 0x22
      000142 76 6F 6C 74           5471 	.ascii "volt"
      000146 22                    5472 	.db 0x22
      000147 3A                    5473 	.ascii ":"
      000148 00                    5474 	.db 0x00
                                   5475 	.area CSEG    (CODE)
                                   5476 	.area CONST   (CODE)
      000149                       5477 ___str_33:
      000149 2C                    5478 	.ascii ","
      00014A 22                    5479 	.db 0x22
      00014B 74 61 72 67 65 74     5480 	.ascii "target"
      000151 22                    5481 	.db 0x22
      000152 3A                    5482 	.ascii ":"
      000153 00                    5483 	.db 0x00
                                   5484 	.area CSEG    (CODE)
                                   5485 	.area CONST   (CODE)
      000154                       5486 ___str_34:
      000154 2C                    5487 	.ascii ","
      000155 22                    5488 	.db 0x22
      000156 72 70 6D              5489 	.ascii "rpm"
      000159 22                    5490 	.db 0x22
      00015A 3A                    5491 	.ascii ":"
      00015B 00                    5492 	.db 0x00
                                   5493 	.area CSEG    (CODE)
                                   5494 	.area CONST   (CODE)
      00015C                       5495 ___str_35:
      00015C 2C                    5496 	.ascii ","
      00015D 22                    5497 	.db 0x22
      00015E 74 61 72 67 65 74 5F  5498 	.ascii "target_rpm"
             72 70 6D
      000168 22                    5499 	.db 0x22
      000169 3A                    5500 	.ascii ":"
      00016A 00                    5501 	.db 0x00
                                   5502 	.area CSEG    (CODE)
                                   5503 	.area CONST   (CODE)
      00016B                       5504 ___str_36:
      00016B 2C                    5505 	.ascii ","
      00016C 22                    5506 	.db 0x22
      00016D 70 77 6D              5507 	.ascii "pwm"
      000170 22                    5508 	.db 0x22
      000171 3A                    5509 	.ascii ":"
      000172 00                    5510 	.db 0x00
                                   5511 	.area CSEG    (CODE)
                                   5512 	.area CONST   (CODE)
      000173                       5513 ___str_37:
      000173 2C                    5514 	.ascii ","
      000174 22                    5515 	.db 0x22
      000175 65 72 72 6F 72        5516 	.ascii "error"
      00017A 22                    5517 	.db 0x22
      00017B 3A                    5518 	.ascii ":"
      00017C 22                    5519 	.db 0x22
      00017D 30 78                 5520 	.ascii "0x"
      00017F 00                    5521 	.db 0x00
                                   5522 	.area CSEG    (CODE)
                                   5523 	.area CONST   (CODE)
      000180                       5524 ___str_38:
      000180 22                    5525 	.db 0x22
      000181 2C                    5526 	.ascii ","
      000182 22                    5527 	.db 0x22
      000183 6D 6F 64 65           5528 	.ascii "mode"
      000187 22                    5529 	.db 0x22
      000188 3A                    5530 	.ascii ":"
      000189 22                    5531 	.db 0x22
      00018A 00                    5532 	.db 0x00
                                   5533 	.area CSEG    (CODE)
                                   5534 	.area CONST   (CODE)
      00018B                       5535 ___str_39:
      00018B 22                    5536 	.db 0x22
      00018C 7D                    5537 	.ascii "}"
      00018D 00                    5538 	.db 0x00
                                   5539 	.area CSEG    (CODE)
                                   5540 	.area XINIT   (CODE)
                                   5541 	.area CABS    (ABS,CODE)
