                                      1 ;--------------------------------------------------------
                                      2 ; File Created by SDCC : free open source ISO C Compiler 
                                      3 ; Version 4.2.2 #13407 (MINGW32)
                                      4 ;--------------------------------------------------------
                                      5 	.module voltage_control
                                      6 	.optsdcc -mmcs51 --model-large
                                      7 	
                                      8 ;--------------------------------------------------------
                                      9 ; Public variables in this module
                                     10 ;--------------------------------------------------------
                                     11 	.globl _delay
                                     12 	.globl _analogWrite
                                     13 	.globl _analogRead
                                     14 	.globl _pinMode
                                     15 	.globl _UIF_BUS_RST
                                     16 	.globl _UIF_DETECT
                                     17 	.globl _UIF_TRANSFER
                                     18 	.globl _UIF_SUSPEND
                                     19 	.globl _UIF_HST_SOF
                                     20 	.globl _UIF_FIFO_OV
                                     21 	.globl _U_SIE_FREE
                                     22 	.globl _U_TOG_OK
                                     23 	.globl _U_IS_NAK
                                     24 	.globl _S0_R_FIFO0
                                     25 	.globl _S0_R_FIFO1
                                     26 	.globl _S0_T_FIFO
                                     27 	.globl _S0_FREE
                                     28 	.globl _S0_IF_BYTE
                                     29 	.globl _S0_IF_FIRST
                                     30 	.globl _S0_IF_OV
                                     31 	.globl _S0_FST_ACT
                                     32 	.globl _CP_RL2
                                     33 	.globl _C_T2
                                     34 	.globl _TR2
                                     35 	.globl _EXEN2
                                     36 	.globl _TCLK
                                     37 	.globl _RCLK
                                     38 	.globl _EXF2
                                     39 	.globl _CAP1F
                                     40 	.globl _TF2
                                     41 	.globl _RI
                                     42 	.globl _TI
                                     43 	.globl _RB8
                                     44 	.globl _TB8
                                     45 	.globl _REN
                                     46 	.globl _SM2
                                     47 	.globl _SM1
                                     48 	.globl _SM0
                                     49 	.globl _IT0
                                     50 	.globl _IE0
                                     51 	.globl _IT1
                                     52 	.globl _IE1
                                     53 	.globl _TR0
                                     54 	.globl _TF0
                                     55 	.globl _TR1
                                     56 	.globl _TF1
                                     57 	.globl _P4_OUT_0
                                     58 	.globl _P4_OUT_1
                                     59 	.globl _P4_OUT_2
                                     60 	.globl _P4_OUT_3
                                     61 	.globl _P4_OUT_4
                                     62 	.globl _P4_OUT_5
                                     63 	.globl _P4_OUT_6
                                     64 	.globl _P4_OUT_7
                                     65 	.globl _RXD1_
                                     66 	.globl _LED2
                                     67 	.globl _CAP3_
                                     68 	.globl _PWM3_
                                     69 	.globl _PWM1_
                                     70 	.globl _TXD1_
                                     71 	.globl _TNOW_
                                     72 	.globl _LED3
                                     73 	.globl _PWM2_
                                     74 	.globl _SCS_
                                     75 	.globl _SCK_
                                     76 	.globl _P3_0
                                     77 	.globl _P3_1
                                     78 	.globl _P3_2
                                     79 	.globl _P3_3
                                     80 	.globl _P3_4
                                     81 	.globl _P3_5
                                     82 	.globl _P3_6
                                     83 	.globl _P3_7
                                     84 	.globl _RXD
                                     85 	.globl _TXD
                                     86 	.globl _INT0
                                     87 	.globl _LED0
                                     88 	.globl _INT1
                                     89 	.globl _LED1
                                     90 	.globl _T0
                                     91 	.globl _XCS0
                                     92 	.globl _LEDC
                                     93 	.globl _T1
                                     94 	.globl _DA6
                                     95 	.globl _WR
                                     96 	.globl _RD
                                     97 	.globl _P2_0
                                     98 	.globl _P2_1
                                     99 	.globl _P2_2
                                    100 	.globl _P2_3
                                    101 	.globl _P2_4
                                    102 	.globl _P2_5
                                    103 	.globl _P2_6
                                    104 	.globl _P2_7
                                    105 	.globl _MOSI1
                                    106 	.globl _MISO1
                                    107 	.globl _SCK1
                                    108 	.globl _PWM1
                                    109 	.globl _CAP2_
                                    110 	.globl _T2EX_
                                    111 	.globl _PWM2
                                    112 	.globl _TNOW
                                    113 	.globl _RXD1
                                    114 	.globl _DA7
                                    115 	.globl _TXD1
                                    116 	.globl _P1_0
                                    117 	.globl _P1_1
                                    118 	.globl _P1_2
                                    119 	.globl _P1_3
                                    120 	.globl _P1_4
                                    121 	.globl _P1_5
                                    122 	.globl _P1_6
                                    123 	.globl _P1_7
                                    124 	.globl _CAP1
                                    125 	.globl _T2
                                    126 	.globl _CAP2
                                    127 	.globl _T2EX
                                    128 	.globl _CAP3
                                    129 	.globl _PWM3
                                    130 	.globl _SCS
                                    131 	.globl _MOSI
                                    132 	.globl _MISO
                                    133 	.globl _SCK
                                    134 	.globl _AIN0
                                    135 	.globl _AIN1
                                    136 	.globl _AIN2
                                    137 	.globl _AIN3
                                    138 	.globl _AIN4
                                    139 	.globl _AIN5
                                    140 	.globl _AIN6
                                    141 	.globl _AIN7
                                    142 	.globl _P0_0
                                    143 	.globl _P0_1
                                    144 	.globl _P0_2
                                    145 	.globl _P0_3
                                    146 	.globl _P0_4
                                    147 	.globl _P0_5
                                    148 	.globl _P0_6
                                    149 	.globl _P0_7
                                    150 	.globl _UDTR
                                    151 	.globl _URTS
                                    152 	.globl _RXD_
                                    153 	.globl _TXD_
                                    154 	.globl _UCTS
                                    155 	.globl _UDSR
                                    156 	.globl _URI
                                    157 	.globl _UDCD
                                    158 	.globl _IE_SPI0
                                    159 	.globl _IE_TMR3
                                    160 	.globl _IE_USB
                                    161 	.globl _IE_ADC
                                    162 	.globl _IE_UART1
                                    163 	.globl _IE_PWM1
                                    164 	.globl _IE_GPIO
                                    165 	.globl _IE_WDOG
                                    166 	.globl _PX0
                                    167 	.globl _PT0
                                    168 	.globl _PX1
                                    169 	.globl _PT1
                                    170 	.globl _PS
                                    171 	.globl _PT2
                                    172 	.globl _PL_FLAG
                                    173 	.globl _PH_FLAG
                                    174 	.globl _EX0
                                    175 	.globl _ET0
                                    176 	.globl _EX1
                                    177 	.globl _ET1
                                    178 	.globl _ES
                                    179 	.globl _ET2
                                    180 	.globl _E_DIS
                                    181 	.globl _EA
                                    182 	.globl _P
                                    183 	.globl _F1
                                    184 	.globl _OV
                                    185 	.globl _RS0
                                    186 	.globl _RS1
                                    187 	.globl _F0
                                    188 	.globl _AC
                                    189 	.globl _CY
                                    190 	.globl _USB_DMA_AH
                                    191 	.globl _USB_DMA_AL
                                    192 	.globl _USB_DMA
                                    193 	.globl _UHUB1_CTRL
                                    194 	.globl _UDEV_CTRL
                                    195 	.globl _USB_DEV_AD
                                    196 	.globl _USB_CTRL
                                    197 	.globl _USB_INT_EN
                                    198 	.globl _UEP4_T_LEN
                                    199 	.globl _UEP4_CTRL
                                    200 	.globl _UEP0_T_LEN
                                    201 	.globl _UEP0_CTRL
                                    202 	.globl _USB_HUB_ST
                                    203 	.globl _USB_MIS_ST
                                    204 	.globl _USB_INT_ST
                                    205 	.globl _USB_INT_FG
                                    206 	.globl _UEP3_T_LEN
                                    207 	.globl _UEP3_CTRL
                                    208 	.globl _UEP2_T_LEN
                                    209 	.globl _UEP2_CTRL
                                    210 	.globl _UEP1_T_LEN
                                    211 	.globl _UEP1_CTRL
                                    212 	.globl _USB_RX_LEN
                                    213 	.globl _ADC_EX_SW
                                    214 	.globl _ADC_SETUP
                                    215 	.globl _ADC_FIFO_H
                                    216 	.globl _ADC_FIFO_L
                                    217 	.globl _ADC_FIFO
                                    218 	.globl _ADC_CHANN
                                    219 	.globl _ADC_CTRL
                                    220 	.globl _ADC_STAT
                                    221 	.globl _ADC_CK_SE
                                    222 	.globl _ADC_DMA_CN
                                    223 	.globl _ADC_DMA_AH
                                    224 	.globl _ADC_DMA_AL
                                    225 	.globl _ADC_DMA
                                    226 	.globl _SER1_ADDR
                                    227 	.globl _SER1_MSR
                                    228 	.globl _SER1_LSR
                                    229 	.globl _SER1_MCR
                                    230 	.globl _SER1_LCR
                                    231 	.globl _SER1_IIR
                                    232 	.globl _SER1_IER
                                    233 	.globl _SER1_FIFO
                                    234 	.globl _SPI1_CK_SE
                                    235 	.globl _SPI1_CTRL
                                    236 	.globl _SPI1_DATA
                                    237 	.globl _SPI1_STAT
                                    238 	.globl _SPI0_SETUP
                                    239 	.globl _SPI0_CK_SE
                                    240 	.globl _SPI0_CTRL
                                    241 	.globl _SPI0_DATA
                                    242 	.globl _SPI0_STAT
                                    243 	.globl _PWM_CYCLE
                                    244 	.globl _PWM_CK_SE
                                    245 	.globl _PWM_CTRL
                                    246 	.globl _PWM_DATA
                                    247 	.globl _PWM_DATA2
                                    248 	.globl _T3_FIFO_H
                                    249 	.globl _T3_FIFO_L
                                    250 	.globl _T3_FIFO
                                    251 	.globl _T3_DMA_AH
                                    252 	.globl _T3_DMA_AL
                                    253 	.globl _T3_DMA
                                    254 	.globl _T3_DMA_CN
                                    255 	.globl _T3_CTRL
                                    256 	.globl _T3_STAT
                                    257 	.globl _T3_END_H
                                    258 	.globl _T3_END_L
                                    259 	.globl _T3_END
                                    260 	.globl _T3_COUNT_H
                                    261 	.globl _T3_COUNT_L
                                    262 	.globl _T3_COUNT
                                    263 	.globl _T3_SETUP
                                    264 	.globl _TH2
                                    265 	.globl _TL2
                                    266 	.globl _T2COUNT
                                    267 	.globl _RCAP2H
                                    268 	.globl _RCAP2L
                                    269 	.globl _RCAP2
                                    270 	.globl _T2MOD
                                    271 	.globl _T2CON
                                    272 	.globl _SBUF
                                    273 	.globl _SCON
                                    274 	.globl _TH1
                                    275 	.globl _TH0
                                    276 	.globl _TL1
                                    277 	.globl _TL0
                                    278 	.globl _TMOD
                                    279 	.globl _TCON
                                    280 	.globl _XBUS_SPEED
                                    281 	.globl _XBUS_AUX
                                    282 	.globl _PIN_FUNC
                                    283 	.globl _PORT_CFG
                                    284 	.globl _P5_IN
                                    285 	.globl _P4_PU
                                    286 	.globl _P4_DIR
                                    287 	.globl _P4_IN
                                    288 	.globl _P4_OUT
                                    289 	.globl _P3_PU
                                    290 	.globl _P3_DIR
                                    291 	.globl _P3
                                    292 	.globl _P2_PU
                                    293 	.globl _P2_DIR
                                    294 	.globl _P2
                                    295 	.globl _P1_PU
                                    296 	.globl _P1_DIR
                                    297 	.globl _P1_IE
                                    298 	.globl _P1
                                    299 	.globl _P0_PU
                                    300 	.globl _P0_DIR
                                    301 	.globl _P0
                                    302 	.globl _ROM_CTRL
                                    303 	.globl _ROM_DATA_H
                                    304 	.globl _ROM_DATA_L
                                    305 	.globl _ROM_DATA
                                    306 	.globl _ROM_ADDR_H
                                    307 	.globl _ROM_ADDR_L
                                    308 	.globl _ROM_ADDR
                                    309 	.globl _GPIO_IE
                                    310 	.globl _IP_EX
                                    311 	.globl _IE_EX
                                    312 	.globl _IP
                                    313 	.globl _IE
                                    314 	.globl _WDOG_COUNT
                                    315 	.globl _RESET_KEEP
                                    316 	.globl _WAKE_CTRL
                                    317 	.globl _SLEEP_CTRL
                                    318 	.globl _CLOCK_CFG
                                    319 	.globl _PLL_CFG
                                    320 	.globl _PCON
                                    321 	.globl _GLOBAL_CFG
                                    322 	.globl _SAFE_MOD
                                    323 	.globl _DPH
                                    324 	.globl _DPL
                                    325 	.globl _SP
                                    326 	.globl _B
                                    327 	.globl _ACC
                                    328 	.globl _PSW
                                    329 	.globl _VoltageController_setVoltage_PARM_2
                                    330 	.globl _VoltageController_begin_PARM_3
                                    331 	.globl _VoltageController_begin_PARM_2
                                    332 	.globl _LED_DMA_XL
                                    333 	.globl _LED_DMA_XH
                                    334 	.globl _LED_DMA_CN
                                    335 	.globl _LED_DMA_AL
                                    336 	.globl _LED_DMA_AH
                                    337 	.globl _LED_CK_SE
                                    338 	.globl _LED_DATA
                                    339 	.globl _LED_CTRL
                                    340 	.globl _LED_STAT
                                    341 	.globl _UEP3_DMA_L
                                    342 	.globl _UEP3_DMA_H
                                    343 	.globl _UEP2_DMA_L
                                    344 	.globl _UEP2_DMA_H
                                    345 	.globl _UEP1_DMA_L
                                    346 	.globl _UEP1_DMA_H
                                    347 	.globl _UEP0_DMA_L
                                    348 	.globl _UEP0_DMA_H
                                    349 	.globl _UEP2_3_MOD
                                    350 	.globl _UEP4_1_MOD
                                    351 	.globl _pLED_DMA_XL
                                    352 	.globl _pLED_DMA_XH
                                    353 	.globl _pLED_DMA_CN
                                    354 	.globl _pLED_DMA_AL
                                    355 	.globl _pLED_DMA_AH
                                    356 	.globl _pLED_CK_SE
                                    357 	.globl _pLED_DATA
                                    358 	.globl _pLED_CTRL
                                    359 	.globl _pLED_STAT
                                    360 	.globl _pUEP3_DMA_L
                                    361 	.globl _pUEP3_DMA_H
                                    362 	.globl _pUEP2_DMA_L
                                    363 	.globl _pUEP2_DMA_H
                                    364 	.globl _pUEP1_DMA_L
                                    365 	.globl _pUEP1_DMA_H
                                    366 	.globl _pUEP0_DMA_L
                                    367 	.globl _pUEP0_DMA_H
                                    368 	.globl _pUEP2_3_MOD
                                    369 	.globl _pUEP4_1_MOD
                                    370 	.globl _VoltageController_begin
                                    371 	.globl _VoltageController_setVoltage
                                    372 	.globl _VoltageController_readVoltage
                                    373 	.globl _VoltageController_updateVoltage
                                    374 	.globl _VoltageController_isVoltageAbnormal
                                    375 	.globl _VoltageController_lockOutput
                                    376 	.globl _VoltageController_unlockOutput
                                    377 	.globl _VoltageController_getTargetVoltage
                                    378 	.globl _VoltageController_getCurrentVoltage
                                    379 	.globl _VoltageController_getPWMDuty
                                    380 	.globl _VoltageController_isLocked
                                    381 ;--------------------------------------------------------
                                    382 ; special function registers
                                    383 ;--------------------------------------------------------
                                    384 	.area RSEG    (ABS,DATA)
      000000                        385 	.org 0x0000
                           0000D0   386 _PSW	=	0x00d0
                           0000E0   387 _ACC	=	0x00e0
                           0000F0   388 _B	=	0x00f0
                           000081   389 _SP	=	0x0081
                           000082   390 _DPL	=	0x0082
                           000083   391 _DPH	=	0x0083
                           0000A1   392 _SAFE_MOD	=	0x00a1
                           0000B1   393 _GLOBAL_CFG	=	0x00b1
                           000087   394 _PCON	=	0x0087
                           0000B2   395 _PLL_CFG	=	0x00b2
                           0000B3   396 _CLOCK_CFG	=	0x00b3
                           0000EA   397 _SLEEP_CTRL	=	0x00ea
                           0000EB   398 _WAKE_CTRL	=	0x00eb
                           0000FE   399 _RESET_KEEP	=	0x00fe
                           0000FF   400 _WDOG_COUNT	=	0x00ff
                           0000A8   401 _IE	=	0x00a8
                           0000B8   402 _IP	=	0x00b8
                           0000E8   403 _IE_EX	=	0x00e8
                           0000E9   404 _IP_EX	=	0x00e9
                           0000CF   405 _GPIO_IE	=	0x00cf
                           008584   406 _ROM_ADDR	=	0x8584
                           000084   407 _ROM_ADDR_L	=	0x0084
                           000085   408 _ROM_ADDR_H	=	0x0085
                           008F8E   409 _ROM_DATA	=	0x8f8e
                           00008E   410 _ROM_DATA_L	=	0x008e
                           00008F   411 _ROM_DATA_H	=	0x008f
                           000086   412 _ROM_CTRL	=	0x0086
                           000080   413 _P0	=	0x0080
                           0000C4   414 _P0_DIR	=	0x00c4
                           0000C5   415 _P0_PU	=	0x00c5
                           000090   416 _P1	=	0x0090
                           0000B9   417 _P1_IE	=	0x00b9
                           0000BA   418 _P1_DIR	=	0x00ba
                           0000BB   419 _P1_PU	=	0x00bb
                           0000A0   420 _P2	=	0x00a0
                           0000BC   421 _P2_DIR	=	0x00bc
                           0000BD   422 _P2_PU	=	0x00bd
                           0000B0   423 _P3	=	0x00b0
                           0000BE   424 _P3_DIR	=	0x00be
                           0000BF   425 _P3_PU	=	0x00bf
                           0000C0   426 _P4_OUT	=	0x00c0
                           0000C1   427 _P4_IN	=	0x00c1
                           0000C2   428 _P4_DIR	=	0x00c2
                           0000C3   429 _P4_PU	=	0x00c3
                           0000C7   430 _P5_IN	=	0x00c7
                           0000C6   431 _PORT_CFG	=	0x00c6
                           0000CE   432 _PIN_FUNC	=	0x00ce
                           0000A2   433 _XBUS_AUX	=	0x00a2
                           0000FD   434 _XBUS_SPEED	=	0x00fd
                           000088   435 _TCON	=	0x0088
                           000089   436 _TMOD	=	0x0089
                           00008A   437 _TL0	=	0x008a
                           00008B   438 _TL1	=	0x008b
                           00008C   439 _TH0	=	0x008c
                           00008D   440 _TH1	=	0x008d
                           000098   441 _SCON	=	0x0098
                           000099   442 _SBUF	=	0x0099
                           0000C8   443 _T2CON	=	0x00c8
                           0000C9   444 _T2MOD	=	0x00c9
                           00CBCA   445 _RCAP2	=	0xcbca
                           0000CA   446 _RCAP2L	=	0x00ca
                           0000CB   447 _RCAP2H	=	0x00cb
                           00CDCC   448 _T2COUNT	=	0xcdcc
                           0000CC   449 _TL2	=	0x00cc
                           0000CD   450 _TH2	=	0x00cd
                           0000A3   451 _T3_SETUP	=	0x00a3
                           00A5A4   452 _T3_COUNT	=	0xa5a4
                           0000A4   453 _T3_COUNT_L	=	0x00a4
                           0000A5   454 _T3_COUNT_H	=	0x00a5
                           00A7A6   455 _T3_END	=	0xa7a6
                           0000A6   456 _T3_END_L	=	0x00a6
                           0000A7   457 _T3_END_H	=	0x00a7
                           0000A9   458 _T3_STAT	=	0x00a9
                           0000AA   459 _T3_CTRL	=	0x00aa
                           0000AB   460 _T3_DMA_CN	=	0x00ab
                           00ADAC   461 _T3_DMA	=	0xadac
                           0000AC   462 _T3_DMA_AL	=	0x00ac
                           0000AD   463 _T3_DMA_AH	=	0x00ad
                           00AFAE   464 _T3_FIFO	=	0xafae
                           0000AE   465 _T3_FIFO_L	=	0x00ae
                           0000AF   466 _T3_FIFO_H	=	0x00af
                           00009B   467 _PWM_DATA2	=	0x009b
                           00009C   468 _PWM_DATA	=	0x009c
                           00009D   469 _PWM_CTRL	=	0x009d
                           00009E   470 _PWM_CK_SE	=	0x009e
                           00009F   471 _PWM_CYCLE	=	0x009f
                           0000F8   472 _SPI0_STAT	=	0x00f8
                           0000F9   473 _SPI0_DATA	=	0x00f9
                           0000FA   474 _SPI0_CTRL	=	0x00fa
                           0000FB   475 _SPI0_CK_SE	=	0x00fb
                           0000FC   476 _SPI0_SETUP	=	0x00fc
                           0000B4   477 _SPI1_STAT	=	0x00b4
                           0000B5   478 _SPI1_DATA	=	0x00b5
                           0000B6   479 _SPI1_CTRL	=	0x00b6
                           0000B7   480 _SPI1_CK_SE	=	0x00b7
                           00009A   481 _SER1_FIFO	=	0x009a
                           000091   482 _SER1_IER	=	0x0091
                           000092   483 _SER1_IIR	=	0x0092
                           000093   484 _SER1_LCR	=	0x0093
                           000094   485 _SER1_MCR	=	0x0094
                           000095   486 _SER1_LSR	=	0x0095
                           000096   487 _SER1_MSR	=	0x0096
                           000097   488 _SER1_ADDR	=	0x0097
                           00EDEC   489 _ADC_DMA	=	0xedec
                           0000EC   490 _ADC_DMA_AL	=	0x00ec
                           0000ED   491 _ADC_DMA_AH	=	0x00ed
                           0000EE   492 _ADC_DMA_CN	=	0x00ee
                           0000EF   493 _ADC_CK_SE	=	0x00ef
                           0000F1   494 _ADC_STAT	=	0x00f1
                           0000F2   495 _ADC_CTRL	=	0x00f2
                           0000F3   496 _ADC_CHANN	=	0x00f3
                           00F5F4   497 _ADC_FIFO	=	0xf5f4
                           0000F4   498 _ADC_FIFO_L	=	0x00f4
                           0000F5   499 _ADC_FIFO_H	=	0x00f5
                           0000F6   500 _ADC_SETUP	=	0x00f6
                           0000F7   501 _ADC_EX_SW	=	0x00f7
                           0000D1   502 _USB_RX_LEN	=	0x00d1
                           0000D2   503 _UEP1_CTRL	=	0x00d2
                           0000D3   504 _UEP1_T_LEN	=	0x00d3
                           0000D4   505 _UEP2_CTRL	=	0x00d4
                           0000D5   506 _UEP2_T_LEN	=	0x00d5
                           0000D6   507 _UEP3_CTRL	=	0x00d6
                           0000D7   508 _UEP3_T_LEN	=	0x00d7
                           0000D8   509 _USB_INT_FG	=	0x00d8
                           0000D9   510 _USB_INT_ST	=	0x00d9
                           0000DA   511 _USB_MIS_ST	=	0x00da
                           0000DB   512 _USB_HUB_ST	=	0x00db
                           0000DC   513 _UEP0_CTRL	=	0x00dc
                           0000DD   514 _UEP0_T_LEN	=	0x00dd
                           0000DE   515 _UEP4_CTRL	=	0x00de
                           0000DF   516 _UEP4_T_LEN	=	0x00df
                           0000E1   517 _USB_INT_EN	=	0x00e1
                           0000E2   518 _USB_CTRL	=	0x00e2
                           0000E3   519 _USB_DEV_AD	=	0x00e3
                           0000E4   520 _UDEV_CTRL	=	0x00e4
                           0000E5   521 _UHUB1_CTRL	=	0x00e5
                           00E7E6   522 _USB_DMA	=	0xe7e6
                           0000E6   523 _USB_DMA_AL	=	0x00e6
                           0000E7   524 _USB_DMA_AH	=	0x00e7
                                    525 ;--------------------------------------------------------
                                    526 ; special function bits
                                    527 ;--------------------------------------------------------
                                    528 	.area RSEG    (ABS,DATA)
      000000                        529 	.org 0x0000
                           0000D7   530 _CY	=	0x00d7
                           0000D6   531 _AC	=	0x00d6
                           0000D5   532 _F0	=	0x00d5
                           0000D4   533 _RS1	=	0x00d4
                           0000D3   534 _RS0	=	0x00d3
                           0000D2   535 _OV	=	0x00d2
                           0000D1   536 _F1	=	0x00d1
                           0000D0   537 _P	=	0x00d0
                           0000AF   538 _EA	=	0x00af
                           0000AE   539 _E_DIS	=	0x00ae
                           0000AD   540 _ET2	=	0x00ad
                           0000AC   541 _ES	=	0x00ac
                           0000AB   542 _ET1	=	0x00ab
                           0000AA   543 _EX1	=	0x00aa
                           0000A9   544 _ET0	=	0x00a9
                           0000A8   545 _EX0	=	0x00a8
                           0000BF   546 _PH_FLAG	=	0x00bf
                           0000BE   547 _PL_FLAG	=	0x00be
                           0000BD   548 _PT2	=	0x00bd
                           0000BC   549 _PS	=	0x00bc
                           0000BB   550 _PT1	=	0x00bb
                           0000BA   551 _PX1	=	0x00ba
                           0000B9   552 _PT0	=	0x00b9
                           0000B8   553 _PX0	=	0x00b8
                           0000EF   554 _IE_WDOG	=	0x00ef
                           0000EE   555 _IE_GPIO	=	0x00ee
                           0000ED   556 _IE_PWM1	=	0x00ed
                           0000EC   557 _IE_UART1	=	0x00ec
                           0000EB   558 _IE_ADC	=	0x00eb
                           0000EA   559 _IE_USB	=	0x00ea
                           0000E9   560 _IE_TMR3	=	0x00e9
                           0000E8   561 _IE_SPI0	=	0x00e8
                           000087   562 _UDCD	=	0x0087
                           000086   563 _URI	=	0x0086
                           000085   564 _UDSR	=	0x0085
                           000084   565 _UCTS	=	0x0084
                           000083   566 _TXD_	=	0x0083
                           000082   567 _RXD_	=	0x0082
                           000081   568 _URTS	=	0x0081
                           000080   569 _UDTR	=	0x0080
                           000087   570 _P0_7	=	0x0087
                           000086   571 _P0_6	=	0x0086
                           000085   572 _P0_5	=	0x0085
                           000084   573 _P0_4	=	0x0084
                           000083   574 _P0_3	=	0x0083
                           000082   575 _P0_2	=	0x0082
                           000081   576 _P0_1	=	0x0081
                           000080   577 _P0_0	=	0x0080
                           000097   578 _AIN7	=	0x0097
                           000096   579 _AIN6	=	0x0096
                           000095   580 _AIN5	=	0x0095
                           000094   581 _AIN4	=	0x0094
                           000093   582 _AIN3	=	0x0093
                           000092   583 _AIN2	=	0x0092
                           000091   584 _AIN1	=	0x0091
                           000090   585 _AIN0	=	0x0090
                           000097   586 _SCK	=	0x0097
                           000096   587 _MISO	=	0x0096
                           000095   588 _MOSI	=	0x0095
                           000094   589 _SCS	=	0x0094
                           000092   590 _PWM3	=	0x0092
                           000092   591 _CAP3	=	0x0092
                           000091   592 _T2EX	=	0x0091
                           000091   593 _CAP2	=	0x0091
                           000090   594 _T2	=	0x0090
                           000090   595 _CAP1	=	0x0090
                           000097   596 _P1_7	=	0x0097
                           000096   597 _P1_6	=	0x0096
                           000095   598 _P1_5	=	0x0095
                           000094   599 _P1_4	=	0x0094
                           000093   600 _P1_3	=	0x0093
                           000092   601 _P1_2	=	0x0092
                           000091   602 _P1_1	=	0x0091
                           000090   603 _P1_0	=	0x0090
                           0000A7   604 _TXD1	=	0x00a7
                           0000A7   605 _DA7	=	0x00a7
                           0000A6   606 _RXD1	=	0x00a6
                           0000A5   607 _TNOW	=	0x00a5
                           0000A5   608 _PWM2	=	0x00a5
                           0000A5   609 _T2EX_	=	0x00a5
                           0000A5   610 _CAP2_	=	0x00a5
                           0000A4   611 _PWM1	=	0x00a4
                           0000A3   612 _SCK1	=	0x00a3
                           0000A2   613 _MISO1	=	0x00a2
                           0000A1   614 _MOSI1	=	0x00a1
                           0000A7   615 _P2_7	=	0x00a7
                           0000A6   616 _P2_6	=	0x00a6
                           0000A5   617 _P2_5	=	0x00a5
                           0000A4   618 _P2_4	=	0x00a4
                           0000A3   619 _P2_3	=	0x00a3
                           0000A2   620 _P2_2	=	0x00a2
                           0000A1   621 _P2_1	=	0x00a1
                           0000A0   622 _P2_0	=	0x00a0
                           0000B7   623 _RD	=	0x00b7
                           0000B6   624 _WR	=	0x00b6
                           0000B5   625 _DA6	=	0x00b5
                           0000B5   626 _T1	=	0x00b5
                           0000B4   627 _LEDC	=	0x00b4
                           0000B4   628 _XCS0	=	0x00b4
                           0000B4   629 _T0	=	0x00b4
                           0000B3   630 _LED1	=	0x00b3
                           0000B3   631 _INT1	=	0x00b3
                           0000B2   632 _LED0	=	0x00b2
                           0000B2   633 _INT0	=	0x00b2
                           0000B1   634 _TXD	=	0x00b1
                           0000B0   635 _RXD	=	0x00b0
                           0000B7   636 _P3_7	=	0x00b7
                           0000B6   637 _P3_6	=	0x00b6
                           0000B5   638 _P3_5	=	0x00b5
                           0000B4   639 _P3_4	=	0x00b4
                           0000B3   640 _P3_3	=	0x00b3
                           0000B2   641 _P3_2	=	0x00b2
                           0000B1   642 _P3_1	=	0x00b1
                           0000B0   643 _P3_0	=	0x00b0
                           0000C7   644 _SCK_	=	0x00c7
                           0000C6   645 _SCS_	=	0x00c6
                           0000C5   646 _PWM2_	=	0x00c5
                           0000C4   647 _LED3	=	0x00c4
                           0000C4   648 _TNOW_	=	0x00c4
                           0000C4   649 _TXD1_	=	0x00c4
                           0000C3   650 _PWM1_	=	0x00c3
                           0000C2   651 _PWM3_	=	0x00c2
                           0000C2   652 _CAP3_	=	0x00c2
                           0000C0   653 _LED2	=	0x00c0
                           0000C0   654 _RXD1_	=	0x00c0
                           0000C7   655 _P4_OUT_7	=	0x00c7
                           0000C6   656 _P4_OUT_6	=	0x00c6
                           0000C5   657 _P4_OUT_5	=	0x00c5
                           0000C4   658 _P4_OUT_4	=	0x00c4
                           0000C3   659 _P4_OUT_3	=	0x00c3
                           0000C2   660 _P4_OUT_2	=	0x00c2
                           0000C1   661 _P4_OUT_1	=	0x00c1
                           0000C0   662 _P4_OUT_0	=	0x00c0
                           00008F   663 _TF1	=	0x008f
                           00008E   664 _TR1	=	0x008e
                           00008D   665 _TF0	=	0x008d
                           00008C   666 _TR0	=	0x008c
                           00008B   667 _IE1	=	0x008b
                           00008A   668 _IT1	=	0x008a
                           000089   669 _IE0	=	0x0089
                           000088   670 _IT0	=	0x0088
                           00009F   671 _SM0	=	0x009f
                           00009E   672 _SM1	=	0x009e
                           00009D   673 _SM2	=	0x009d
                           00009C   674 _REN	=	0x009c
                           00009B   675 _TB8	=	0x009b
                           00009A   676 _RB8	=	0x009a
                           000099   677 _TI	=	0x0099
                           000098   678 _RI	=	0x0098
                           0000CF   679 _TF2	=	0x00cf
                           0000CF   680 _CAP1F	=	0x00cf
                           0000CE   681 _EXF2	=	0x00ce
                           0000CD   682 _RCLK	=	0x00cd
                           0000CC   683 _TCLK	=	0x00cc
                           0000CB   684 _EXEN2	=	0x00cb
                           0000CA   685 _TR2	=	0x00ca
                           0000C9   686 _C_T2	=	0x00c9
                           0000C8   687 _CP_RL2	=	0x00c8
                           0000FF   688 _S0_FST_ACT	=	0x00ff
                           0000FE   689 _S0_IF_OV	=	0x00fe
                           0000FD   690 _S0_IF_FIRST	=	0x00fd
                           0000FC   691 _S0_IF_BYTE	=	0x00fc
                           0000FB   692 _S0_FREE	=	0x00fb
                           0000FA   693 _S0_T_FIFO	=	0x00fa
                           0000F9   694 _S0_R_FIFO1	=	0x00f9
                           0000F8   695 _S0_R_FIFO0	=	0x00f8
                           0000DF   696 _U_IS_NAK	=	0x00df
                           0000DE   697 _U_TOG_OK	=	0x00de
                           0000DD   698 _U_SIE_FREE	=	0x00dd
                           0000DC   699 _UIF_FIFO_OV	=	0x00dc
                           0000DB   700 _UIF_HST_SOF	=	0x00db
                           0000DA   701 _UIF_SUSPEND	=	0x00da
                           0000D9   702 _UIF_TRANSFER	=	0x00d9
                           0000D8   703 _UIF_DETECT	=	0x00d8
                           0000D8   704 _UIF_BUS_RST	=	0x00d8
                                    705 ;--------------------------------------------------------
                                    706 ; overlayable register banks
                                    707 ;--------------------------------------------------------
                                    708 	.area REG_BANK_0	(REL,OVR,DATA)
      000000                        709 	.ds 8
                                    710 ;--------------------------------------------------------
                                    711 ; internal ram data
                                    712 ;--------------------------------------------------------
                                    713 	.area DSEG    (DATA)
      000000                        714 _VoltageController_begin_sloc0_1_0:
      000000                        715 	.ds 3
      000003                        716 _VoltageController_setVoltage_sloc0_1_0:
      000003                        717 	.ds 3
      000006                        718 _VoltageController_setVoltage_sloc1_1_0:
      000006                        719 	.ds 4
                                    720 ;--------------------------------------------------------
                                    721 ; overlayable items in internal ram
                                    722 ;--------------------------------------------------------
                                    723 ;--------------------------------------------------------
                                    724 ; indirectly addressable internal ram data
                                    725 ;--------------------------------------------------------
                                    726 	.area ISEG    (DATA)
                                    727 ;--------------------------------------------------------
                                    728 ; absolute internal ram data
                                    729 ;--------------------------------------------------------
                                    730 	.area IABS    (ABS,DATA)
                                    731 	.area IABS    (ABS,DATA)
                                    732 ;--------------------------------------------------------
                                    733 ; bit data
                                    734 ;--------------------------------------------------------
                                    735 	.area BSEG    (BIT)
                                    736 ;--------------------------------------------------------
                                    737 ; paged external ram data
                                    738 ;--------------------------------------------------------
                                    739 	.area PSEG    (PAG,XDATA)
                           002546   740 _pUEP4_1_MOD	=	0x2546
                           002547   741 _pUEP2_3_MOD	=	0x2547
                           002548   742 _pUEP0_DMA_H	=	0x2548
                           002549   743 _pUEP0_DMA_L	=	0x2549
                           00254A   744 _pUEP1_DMA_H	=	0x254a
                           00254B   745 _pUEP1_DMA_L	=	0x254b
                           00254C   746 _pUEP2_DMA_H	=	0x254c
                           00254D   747 _pUEP2_DMA_L	=	0x254d
                           00254E   748 _pUEP3_DMA_H	=	0x254e
                           00254F   749 _pUEP3_DMA_L	=	0x254f
                           002980   750 _pLED_STAT	=	0x2980
                           002981   751 _pLED_CTRL	=	0x2981
                           002982   752 _pLED_DATA	=	0x2982
                           002983   753 _pLED_CK_SE	=	0x2983
                           002984   754 _pLED_DMA_AH	=	0x2984
                           002985   755 _pLED_DMA_AL	=	0x2985
                           002986   756 _pLED_DMA_CN	=	0x2986
                           002988   757 _pLED_DMA_XH	=	0x2988
                           002989   758 _pLED_DMA_XL	=	0x2989
                                    759 ;--------------------------------------------------------
                                    760 ; uninitialized external ram data
                                    761 ;--------------------------------------------------------
                                    762 	.area XSEG    (XDATA)
                           002446   763 _UEP4_1_MOD	=	0x2446
                           002447   764 _UEP2_3_MOD	=	0x2447
                           002448   765 _UEP0_DMA_H	=	0x2448
                           002449   766 _UEP0_DMA_L	=	0x2449
                           00244A   767 _UEP1_DMA_H	=	0x244a
                           00244B   768 _UEP1_DMA_L	=	0x244b
                           00244C   769 _UEP2_DMA_H	=	0x244c
                           00244D   770 _UEP2_DMA_L	=	0x244d
                           00244E   771 _UEP3_DMA_H	=	0x244e
                           00244F   772 _UEP3_DMA_L	=	0x244f
                           002880   773 _LED_STAT	=	0x2880
                           002881   774 _LED_CTRL	=	0x2881
                           002882   775 _LED_DATA	=	0x2882
                           002883   776 _LED_CK_SE	=	0x2883
                           002884   777 _LED_DMA_AH	=	0x2884
                           002885   778 _LED_DMA_AL	=	0x2885
                           002886   779 _LED_DMA_CN	=	0x2886
                           002888   780 _LED_DMA_XH	=	0x2888
                           002889   781 _LED_DMA_XL	=	0x2889
      000000                        782 _VoltageController_voltageToPWM_voltage_65536_180:
      000000                        783 	.ds 4
      000004                        784 _VoltageController_voltageToPWM_pwm_float_65536_181:
      000004                        785 	.ds 4
      000008                        786 _VoltageController_begin_PARM_2:
      000008                        787 	.ds 1
      000009                        788 _VoltageController_begin_PARM_3:
      000009                        789 	.ds 1
      00000A                        790 _VoltageController_begin_vc_65536_182:
      00000A                        791 	.ds 3
      00000D                        792 _VoltageController_setVoltage_PARM_2:
      00000D                        793 	.ds 4
      000011                        794 _VoltageController_setVoltage_vc_65536_184:
      000011                        795 	.ds 3
      000014                        796 _VoltageController_readVoltage_vc_65536_187:
      000014                        797 	.ds 3
      000017                        798 _VoltageController_updateVoltage_vc_65536_189:
      000017                        799 	.ds 3
      00001A                        800 _VoltageController_isVoltageAbnormal_vc_65536_191:
      00001A                        801 	.ds 3
      00001D                        802 _VoltageController_lockOutput_vc_65536_194:
      00001D                        803 	.ds 3
      000020                        804 _VoltageController_unlockOutput_vc_65536_196:
      000020                        805 	.ds 3
      000023                        806 _VoltageController_getTargetVoltage_vc_65536_198:
      000023                        807 	.ds 3
      000026                        808 _VoltageController_getCurrentVoltage_vc_65536_200:
      000026                        809 	.ds 3
      000029                        810 _VoltageController_getPWMDuty_vc_65536_202:
      000029                        811 	.ds 3
      00002C                        812 _VoltageController_isLocked_vc_65536_204:
      00002C                        813 	.ds 3
                                    814 ;--------------------------------------------------------
                                    815 ; absolute external ram data
                                    816 ;--------------------------------------------------------
                                    817 	.area XABS    (ABS,XDATA)
                                    818 ;--------------------------------------------------------
                                    819 ; initialized external ram data
                                    820 ;--------------------------------------------------------
                                    821 	.area XISEG   (XDATA)
                                    822 	.area HOME    (CODE)
                                    823 	.area GSINIT0 (CODE)
                                    824 	.area GSINIT1 (CODE)
                                    825 	.area GSINIT2 (CODE)
                                    826 	.area GSINIT3 (CODE)
                                    827 	.area GSINIT4 (CODE)
                                    828 	.area GSINIT5 (CODE)
                                    829 	.area GSINIT  (CODE)
                                    830 	.area GSFINAL (CODE)
                                    831 	.area CSEG    (CODE)
                                    832 ;--------------------------------------------------------
                                    833 ; global & static initialisations
                                    834 ;--------------------------------------------------------
                                    835 	.area HOME    (CODE)
                                    836 	.area GSINIT  (CODE)
                                    837 	.area GSFINAL (CODE)
                                    838 	.area GSINIT  (CODE)
                                    839 ;--------------------------------------------------------
                                    840 ; Home
                                    841 ;--------------------------------------------------------
                                    842 	.area HOME    (CODE)
                                    843 	.area HOME    (CODE)
                                    844 ;--------------------------------------------------------
                                    845 ; code
                                    846 ;--------------------------------------------------------
                                    847 	.area CSEG    (CODE)
                                    848 ;------------------------------------------------------------
                                    849 ;Allocation info for local variables in function 'VoltageController_voltageToPWM'
                                    850 ;------------------------------------------------------------
                                    851 ;voltage                   Allocated with name '_VoltageController_voltageToPWM_voltage_65536_180'
                                    852 ;pwm_float                 Allocated with name '_VoltageController_voltageToPWM_pwm_float_65536_181'
                                    853 ;------------------------------------------------------------
                                    854 ;	C:\Users\tonyp\Downloads\ch552-turbo-fan-ctrl\src\voltage_control.c:8: static uint8_t VoltageController_voltageToPWM(float voltage) {
                                    855 ;	-----------------------------------------
                                    856 ;	 function VoltageController_voltageToPWM
                                    857 ;	-----------------------------------------
      000000                        858 _VoltageController_voltageToPWM:
                           000007   859 	ar7 = 0x07
                           000006   860 	ar6 = 0x06
                           000005   861 	ar5 = 0x05
                           000004   862 	ar4 = 0x04
                           000003   863 	ar3 = 0x03
                           000002   864 	ar2 = 0x02
                           000001   865 	ar1 = 0x01
                           000000   866 	ar0 = 0x00
      000000 AF 82            [24]  867 	mov	r7,dpl
      000002 AE 83            [24]  868 	mov	r6,dph
      000004 AD F0            [24]  869 	mov	r5,b
      000006 FC               [12]  870 	mov	r4,a
      000007 90r00r00         [24]  871 	mov	dptr,#_VoltageController_voltageToPWM_voltage_65536_180
      00000A EF               [12]  872 	mov	a,r7
      00000B F0               [24]  873 	movx	@dptr,a
      00000C EE               [12]  874 	mov	a,r6
      00000D A3               [24]  875 	inc	dptr
      00000E F0               [24]  876 	movx	@dptr,a
      00000F ED               [12]  877 	mov	a,r5
      000010 A3               [24]  878 	inc	dptr
      000011 F0               [24]  879 	movx	@dptr,a
      000012 EC               [12]  880 	mov	a,r4
      000013 A3               [24]  881 	inc	dptr
      000014 F0               [24]  882 	movx	@dptr,a
                                    883 ;	C:\Users\tonyp\Downloads\ch552-turbo-fan-ctrl\src\voltage_control.c:11: if (voltage < VOUT_MIN) voltage = VOUT_MIN;
      000015 90r00r00         [24]  884 	mov	dptr,#_VoltageController_voltageToPWM_voltage_65536_180
      000018 E0               [24]  885 	movx	a,@dptr
      000019 FC               [12]  886 	mov	r4,a
      00001A A3               [24]  887 	inc	dptr
      00001B E0               [24]  888 	movx	a,@dptr
      00001C FD               [12]  889 	mov	r5,a
      00001D A3               [24]  890 	inc	dptr
      00001E E0               [24]  891 	movx	a,@dptr
      00001F FE               [12]  892 	mov	r6,a
      000020 A3               [24]  893 	inc	dptr
      000021 E0               [24]  894 	movx	a,@dptr
      000022 FF               [12]  895 	mov	r7,a
      000023 E4               [12]  896 	clr	a
      000024 C0 E0            [24]  897 	push	acc
      000026 C0 E0            [24]  898 	push	acc
      000028 74 A0            [12]  899 	mov	a,#0xa0
      00002A C0 E0            [24]  900 	push	acc
      00002C 74 40            [12]  901 	mov	a,#0x40
      00002E C0 E0            [24]  902 	push	acc
      000030 8C 82            [24]  903 	mov	dpl,r4
      000032 8D 83            [24]  904 	mov	dph,r5
      000034 8E F0            [24]  905 	mov	b,r6
      000036 EF               [12]  906 	mov	a,r7
      000037 12r00r00         [24]  907 	lcall	___fslt
      00003A AF 82            [24]  908 	mov	r7,dpl
      00003C E5 81            [12]  909 	mov	a,sp
      00003E 24 FC            [12]  910 	add	a,#0xfc
      000040 F5 81            [12]  911 	mov	sp,a
      000042 EF               [12]  912 	mov	a,r7
      000043 60 0F            [24]  913 	jz	00102$
      000045 90r00r00         [24]  914 	mov	dptr,#_VoltageController_voltageToPWM_voltage_65536_180
      000048 E4               [12]  915 	clr	a
      000049 F0               [24]  916 	movx	@dptr,a
      00004A A3               [24]  917 	inc	dptr
      00004B F0               [24]  918 	movx	@dptr,a
      00004C 74 A0            [12]  919 	mov	a,#0xa0
      00004E A3               [24]  920 	inc	dptr
      00004F F0               [24]  921 	movx	@dptr,a
      000050 74 40            [12]  922 	mov	a,#0x40
      000052 A3               [24]  923 	inc	dptr
      000053 F0               [24]  924 	movx	@dptr,a
      000054                        925 00102$:
                                    926 ;	C:\Users\tonyp\Downloads\ch552-turbo-fan-ctrl\src\voltage_control.c:12: if (voltage > VOUT_MAX) voltage = VOUT_MAX;
      000054 90r00r00         [24]  927 	mov	dptr,#_VoltageController_voltageToPWM_voltage_65536_180
      000057 E0               [24]  928 	movx	a,@dptr
      000058 C0 E0            [24]  929 	push	acc
      00005A A3               [24]  930 	inc	dptr
      00005B E0               [24]  931 	movx	a,@dptr
      00005C C0 E0            [24]  932 	push	acc
      00005E A3               [24]  933 	inc	dptr
      00005F E0               [24]  934 	movx	a,@dptr
      000060 C0 E0            [24]  935 	push	acc
      000062 A3               [24]  936 	inc	dptr
      000063 E0               [24]  937 	movx	a,@dptr
      000064 C0 E0            [24]  938 	push	acc
      000066 90 00 00         [24]  939 	mov	dptr,#0x0000
      000069 75 F0 40         [24]  940 	mov	b,#0x40
      00006C 74 41            [12]  941 	mov	a,#0x41
      00006E 12r00r00         [24]  942 	lcall	___fslt
      000071 AF 82            [24]  943 	mov	r7,dpl
      000073 E5 81            [12]  944 	mov	a,sp
      000075 24 FC            [12]  945 	add	a,#0xfc
      000077 F5 81            [12]  946 	mov	sp,a
      000079 EF               [12]  947 	mov	a,r7
      00007A 60 0E            [24]  948 	jz	00104$
      00007C 90r00r00         [24]  949 	mov	dptr,#_VoltageController_voltageToPWM_voltage_65536_180
      00007F E4               [12]  950 	clr	a
      000080 F0               [24]  951 	movx	@dptr,a
      000081 A3               [24]  952 	inc	dptr
      000082 F0               [24]  953 	movx	@dptr,a
      000083 74 40            [12]  954 	mov	a,#0x40
      000085 A3               [24]  955 	inc	dptr
      000086 F0               [24]  956 	movx	@dptr,a
      000087 04               [12]  957 	inc	a
      000088 A3               [24]  958 	inc	dptr
      000089 F0               [24]  959 	movx	@dptr,a
      00008A                        960 00104$:
                                    961 ;	C:\Users\tonyp\Downloads\ch552-turbo-fan-ctrl\src\voltage_control.c:13: pwm_float = (VOUT_MAX - voltage) / (VOUT_MAX - VOUT_MIN) * PWM_RESOLUTION;
      00008A 90r00r00         [24]  962 	mov	dptr,#_VoltageController_voltageToPWM_voltage_65536_180
      00008D E0               [24]  963 	movx	a,@dptr
      00008E C0 E0            [24]  964 	push	acc
      000090 A3               [24]  965 	inc	dptr
      000091 E0               [24]  966 	movx	a,@dptr
      000092 C0 E0            [24]  967 	push	acc
      000094 A3               [24]  968 	inc	dptr
      000095 E0               [24]  969 	movx	a,@dptr
      000096 C0 E0            [24]  970 	push	acc
      000098 A3               [24]  971 	inc	dptr
      000099 E0               [24]  972 	movx	a,@dptr
      00009A C0 E0            [24]  973 	push	acc
      00009C 90 00 00         [24]  974 	mov	dptr,#0x0000
      00009F 75 F0 40         [24]  975 	mov	b,#0x40
      0000A2 74 41            [12]  976 	mov	a,#0x41
      0000A4 12r00r00         [24]  977 	lcall	___fssub
      0000A7 AC 82            [24]  978 	mov	r4,dpl
      0000A9 AD 83            [24]  979 	mov	r5,dph
      0000AB AE F0            [24]  980 	mov	r6,b
      0000AD FF               [12]  981 	mov	r7,a
      0000AE E5 81            [12]  982 	mov	a,sp
      0000B0 24 FC            [12]  983 	add	a,#0xfc
      0000B2 F5 81            [12]  984 	mov	sp,a
      0000B4 E4               [12]  985 	clr	a
      0000B5 C0 E0            [24]  986 	push	acc
      0000B7 C0 E0            [24]  987 	push	acc
      0000B9 74 E0            [12]  988 	mov	a,#0xe0
      0000BB C0 E0            [24]  989 	push	acc
      0000BD 74 40            [12]  990 	mov	a,#0x40
      0000BF C0 E0            [24]  991 	push	acc
      0000C1 8C 82            [24]  992 	mov	dpl,r4
      0000C3 8D 83            [24]  993 	mov	dph,r5
      0000C5 8E F0            [24]  994 	mov	b,r6
      0000C7 EF               [12]  995 	mov	a,r7
      0000C8 12r00r00         [24]  996 	lcall	___fsdiv
      0000CB AC 82            [24]  997 	mov	r4,dpl
      0000CD AD 83            [24]  998 	mov	r5,dph
      0000CF AE F0            [24]  999 	mov	r6,b
      0000D1 FF               [12] 1000 	mov	r7,a
      0000D2 E5 81            [12] 1001 	mov	a,sp
      0000D4 24 FC            [12] 1002 	add	a,#0xfc
      0000D6 F5 81            [12] 1003 	mov	sp,a
      0000D8 C0 04            [24] 1004 	push	ar4
      0000DA C0 05            [24] 1005 	push	ar5
      0000DC C0 06            [24] 1006 	push	ar6
      0000DE C0 07            [24] 1007 	push	ar7
      0000E0 90 00 00         [24] 1008 	mov	dptr,#0x0000
      0000E3 75 F0 7F         [24] 1009 	mov	b,#0x7f
      0000E6 74 43            [12] 1010 	mov	a,#0x43
      0000E8 12r00r00         [24] 1011 	lcall	___fsmul
      0000EB AC 82            [24] 1012 	mov	r4,dpl
      0000ED AD 83            [24] 1013 	mov	r5,dph
      0000EF AE F0            [24] 1014 	mov	r6,b
      0000F1 FF               [12] 1015 	mov	r7,a
      0000F2 E5 81            [12] 1016 	mov	a,sp
      0000F4 24 FC            [12] 1017 	add	a,#0xfc
      0000F6 F5 81            [12] 1018 	mov	sp,a
      0000F8 90r00r04         [24] 1019 	mov	dptr,#_VoltageController_voltageToPWM_pwm_float_65536_181
      0000FB EC               [12] 1020 	mov	a,r4
      0000FC F0               [24] 1021 	movx	@dptr,a
      0000FD ED               [12] 1022 	mov	a,r5
      0000FE A3               [24] 1023 	inc	dptr
      0000FF F0               [24] 1024 	movx	@dptr,a
      000100 EE               [12] 1025 	mov	a,r6
      000101 A3               [24] 1026 	inc	dptr
      000102 F0               [24] 1027 	movx	@dptr,a
      000103 EF               [12] 1028 	mov	a,r7
      000104 A3               [24] 1029 	inc	dptr
      000105 F0               [24] 1030 	movx	@dptr,a
                                   1031 ;	C:\Users\tonyp\Downloads\ch552-turbo-fan-ctrl\src\voltage_control.c:14: if (pwm_float < 0.0f) pwm_float = 0.0f;
      000106 E4               [12] 1032 	clr	a
      000107 C0 E0            [24] 1033 	push	acc
      000109 C0 E0            [24] 1034 	push	acc
      00010B C0 E0            [24] 1035 	push	acc
      00010D C0 E0            [24] 1036 	push	acc
      00010F 8C 82            [24] 1037 	mov	dpl,r4
      000111 8D 83            [24] 1038 	mov	dph,r5
      000113 8E F0            [24] 1039 	mov	b,r6
      000115 EF               [12] 1040 	mov	a,r7
      000116 12r00r00         [24] 1041 	lcall	___fslt
      000119 AF 82            [24] 1042 	mov	r7,dpl
      00011B E5 81            [12] 1043 	mov	a,sp
      00011D 24 FC            [12] 1044 	add	a,#0xfc
      00011F F5 81            [12] 1045 	mov	sp,a
      000121 EF               [12] 1046 	mov	a,r7
      000122 60 0B            [24] 1047 	jz	00106$
      000124 90r00r04         [24] 1048 	mov	dptr,#_VoltageController_voltageToPWM_pwm_float_65536_181
      000127 E4               [12] 1049 	clr	a
      000128 F0               [24] 1050 	movx	@dptr,a
      000129 A3               [24] 1051 	inc	dptr
      00012A F0               [24] 1052 	movx	@dptr,a
      00012B A3               [24] 1053 	inc	dptr
      00012C F0               [24] 1054 	movx	@dptr,a
      00012D A3               [24] 1055 	inc	dptr
      00012E F0               [24] 1056 	movx	@dptr,a
      00012F                       1057 00106$:
                                   1058 ;	C:\Users\tonyp\Downloads\ch552-turbo-fan-ctrl\src\voltage_control.c:15: if (pwm_float > (float)PWM_RESOLUTION) pwm_float = (float)PWM_RESOLUTION;
      00012F 90r00r04         [24] 1059 	mov	dptr,#_VoltageController_voltageToPWM_pwm_float_65536_181
      000132 E0               [24] 1060 	movx	a,@dptr
      000133 C0 E0            [24] 1061 	push	acc
      000135 A3               [24] 1062 	inc	dptr
      000136 E0               [24] 1063 	movx	a,@dptr
      000137 C0 E0            [24] 1064 	push	acc
      000139 A3               [24] 1065 	inc	dptr
      00013A E0               [24] 1066 	movx	a,@dptr
      00013B C0 E0            [24] 1067 	push	acc
      00013D A3               [24] 1068 	inc	dptr
      00013E E0               [24] 1069 	movx	a,@dptr
      00013F C0 E0            [24] 1070 	push	acc
      000141 90 00 00         [24] 1071 	mov	dptr,#0x0000
      000144 75 F0 7F         [24] 1072 	mov	b,#0x7f
      000147 74 43            [12] 1073 	mov	a,#0x43
      000149 12r00r00         [24] 1074 	lcall	___fslt
      00014C AF 82            [24] 1075 	mov	r7,dpl
      00014E E5 81            [12] 1076 	mov	a,sp
      000150 24 FC            [12] 1077 	add	a,#0xfc
      000152 F5 81            [12] 1078 	mov	sp,a
      000154 EF               [12] 1079 	mov	a,r7
      000155 60 0F            [24] 1080 	jz	00108$
      000157 90r00r04         [24] 1081 	mov	dptr,#_VoltageController_voltageToPWM_pwm_float_65536_181
      00015A E4               [12] 1082 	clr	a
      00015B F0               [24] 1083 	movx	@dptr,a
      00015C A3               [24] 1084 	inc	dptr
      00015D F0               [24] 1085 	movx	@dptr,a
      00015E 74 7F            [12] 1086 	mov	a,#0x7f
      000160 A3               [24] 1087 	inc	dptr
      000161 F0               [24] 1088 	movx	@dptr,a
      000162 74 43            [12] 1089 	mov	a,#0x43
      000164 A3               [24] 1090 	inc	dptr
      000165 F0               [24] 1091 	movx	@dptr,a
      000166                       1092 00108$:
                                   1093 ;	C:\Users\tonyp\Downloads\ch552-turbo-fan-ctrl\src\voltage_control.c:16: return (uint8_t)pwm_float;
      000166 90r00r04         [24] 1094 	mov	dptr,#_VoltageController_voltageToPWM_pwm_float_65536_181
      000169 E0               [24] 1095 	movx	a,@dptr
      00016A FC               [12] 1096 	mov	r4,a
      00016B A3               [24] 1097 	inc	dptr
      00016C E0               [24] 1098 	movx	a,@dptr
      00016D FD               [12] 1099 	mov	r5,a
      00016E A3               [24] 1100 	inc	dptr
      00016F E0               [24] 1101 	movx	a,@dptr
      000170 FE               [12] 1102 	mov	r6,a
      000171 A3               [24] 1103 	inc	dptr
      000172 E0               [24] 1104 	movx	a,@dptr
      000173 8C 82            [24] 1105 	mov	dpl,r4
      000175 8D 83            [24] 1106 	mov	dph,r5
      000177 8E F0            [24] 1107 	mov	b,r6
                                   1108 ;	C:\Users\tonyp\Downloads\ch552-turbo-fan-ctrl\src\voltage_control.c:17: }
      000179 02r00r00         [24] 1109 	ljmp	___fs2uchar
                                   1110 ;------------------------------------------------------------
                                   1111 ;Allocation info for local variables in function 'VoltageController_begin'
                                   1112 ;------------------------------------------------------------
                                   1113 ;sloc0                     Allocated with name '_VoltageController_begin_sloc0_1_0'
                                   1114 ;pwm_out                   Allocated with name '_VoltageController_begin_PARM_2'
                                   1115 ;adc_in                    Allocated with name '_VoltageController_begin_PARM_3'
                                   1116 ;vc                        Allocated with name '_VoltageController_begin_vc_65536_182'
                                   1117 ;------------------------------------------------------------
                                   1118 ;	C:\Users\tonyp\Downloads\ch552-turbo-fan-ctrl\src\voltage_control.c:19: void VoltageController_begin(VoltageController* vc, uint8_t pwm_out, uint8_t adc_in) {
                                   1119 ;	-----------------------------------------
                                   1120 ;	 function VoltageController_begin
                                   1121 ;	-----------------------------------------
      00017C                       1122 _VoltageController_begin:
      00017C AF F0            [24] 1123 	mov	r7,b
      00017E AE 83            [24] 1124 	mov	r6,dph
      000180 E5 82            [12] 1125 	mov	a,dpl
      000182 90r00r0A         [24] 1126 	mov	dptr,#_VoltageController_begin_vc_65536_182
      000185 F0               [24] 1127 	movx	@dptr,a
      000186 EE               [12] 1128 	mov	a,r6
      000187 A3               [24] 1129 	inc	dptr
      000188 F0               [24] 1130 	movx	@dptr,a
      000189 EF               [12] 1131 	mov	a,r7
      00018A A3               [24] 1132 	inc	dptr
      00018B F0               [24] 1133 	movx	@dptr,a
                                   1134 ;	C:\Users\tonyp\Downloads\ch552-turbo-fan-ctrl\src\voltage_control.c:20: vc->pwm_pin = pwm_out;
      00018C 90r00r0A         [24] 1135 	mov	dptr,#_VoltageController_begin_vc_65536_182
      00018F E0               [24] 1136 	movx	a,@dptr
      000190 FD               [12] 1137 	mov	r5,a
      000191 A3               [24] 1138 	inc	dptr
      000192 E0               [24] 1139 	movx	a,@dptr
      000193 FE               [12] 1140 	mov	r6,a
      000194 A3               [24] 1141 	inc	dptr
      000195 E0               [24] 1142 	movx	a,@dptr
      000196 FF               [12] 1143 	mov	r7,a
      000197 90r00r08         [24] 1144 	mov	dptr,#_VoltageController_begin_PARM_2
      00019A E0               [24] 1145 	movx	a,@dptr
      00019B FC               [12] 1146 	mov	r4,a
      00019C 8D 82            [24] 1147 	mov	dpl,r5
      00019E 8E 83            [24] 1148 	mov	dph,r6
      0001A0 8F F0            [24] 1149 	mov	b,r7
      0001A2 12r00r00         [24] 1150 	lcall	__gptrput
                                   1151 ;	C:\Users\tonyp\Downloads\ch552-turbo-fan-ctrl\src\voltage_control.c:21: vc->adc_pin = adc_in;
      0001A5 74 01            [12] 1152 	mov	a,#0x01
      0001A7 2D               [12] 1153 	add	a,r5
      0001A8 F5*00            [12] 1154 	mov	_VoltageController_begin_sloc0_1_0,a
      0001AA E4               [12] 1155 	clr	a
      0001AB 3E               [12] 1156 	addc	a,r6
      0001AC F5*01            [12] 1157 	mov	(_VoltageController_begin_sloc0_1_0 + 1),a
      0001AE 8F*02            [24] 1158 	mov	(_VoltageController_begin_sloc0_1_0 + 2),r7
      0001B0 90r00r09         [24] 1159 	mov	dptr,#_VoltageController_begin_PARM_3
      0001B3 E0               [24] 1160 	movx	a,@dptr
      0001B4 85*00 82         [24] 1161 	mov	dpl,_VoltageController_begin_sloc0_1_0
      0001B7 85*01 83         [24] 1162 	mov	dph,(_VoltageController_begin_sloc0_1_0 + 1)
      0001BA 85*02 F0         [24] 1163 	mov	b,(_VoltageController_begin_sloc0_1_0 + 2)
      0001BD 12r00r00         [24] 1164 	lcall	__gptrput
                                   1165 ;	C:\Users\tonyp\Downloads\ch552-turbo-fan-ctrl\src\voltage_control.c:24: pinMode(vc->pwm_pin, OUTPUT);
      0001C0 90r00r00         [24] 1166 	mov	dptr,#_pinMode_PARM_2
      0001C3 74 01            [12] 1167 	mov	a,#0x01
      0001C5 F0               [24] 1168 	movx	@dptr,a
      0001C6 8C 82            [24] 1169 	mov	dpl,r4
      0001C8 C0 07            [24] 1170 	push	ar7
      0001CA C0 06            [24] 1171 	push	ar6
      0001CC C0 05            [24] 1172 	push	ar5
      0001CE 12r00r00         [24] 1173 	lcall	_pinMode
      0001D1 D0 05            [24] 1174 	pop	ar5
      0001D3 D0 06            [24] 1175 	pop	ar6
      0001D5 D0 07            [24] 1176 	pop	ar7
                                   1177 ;	C:\Users\tonyp\Downloads\ch552-turbo-fan-ctrl\src\voltage_control.c:27: analogWrite(vc->pwm_pin, 0);
      0001D7 8D 82            [24] 1178 	mov	dpl,r5
      0001D9 8E 83            [24] 1179 	mov	dph,r6
      0001DB 8F F0            [24] 1180 	mov	b,r7
      0001DD 12r00r00         [24] 1181 	lcall	__gptrget
      0001E0 FC               [12] 1182 	mov	r4,a
      0001E1 90r00r00         [24] 1183 	mov	dptr,#_analogWrite_PARM_2
      0001E4 E4               [12] 1184 	clr	a
      0001E5 F0               [24] 1185 	movx	@dptr,a
      0001E6 A3               [24] 1186 	inc	dptr
      0001E7 F0               [24] 1187 	movx	@dptr,a
      0001E8 8C 82            [24] 1188 	mov	dpl,r4
      0001EA C0 07            [24] 1189 	push	ar7
      0001EC C0 06            [24] 1190 	push	ar6
      0001EE C0 05            [24] 1191 	push	ar5
      0001F0 12r00r00         [24] 1192 	lcall	_analogWrite
      0001F3 D0 05            [24] 1193 	pop	ar5
      0001F5 D0 06            [24] 1194 	pop	ar6
      0001F7 D0 07            [24] 1195 	pop	ar7
                                   1196 ;	C:\Users\tonyp\Downloads\ch552-turbo-fan-ctrl\src\voltage_control.c:28: vc->current_pwm_duty = 0;
      0001F9 74 0A            [12] 1197 	mov	a,#0x0a
      0001FB 2D               [12] 1198 	add	a,r5
      0001FC F8               [12] 1199 	mov	r0,a
      0001FD E4               [12] 1200 	clr	a
      0001FE 3E               [12] 1201 	addc	a,r6
      0001FF FB               [12] 1202 	mov	r3,a
      000200 8F 04            [24] 1203 	mov	ar4,r7
      000202 88 82            [24] 1204 	mov	dpl,r0
      000204 8B 83            [24] 1205 	mov	dph,r3
      000206 8C F0            [24] 1206 	mov	b,r4
      000208 E4               [12] 1207 	clr	a
      000209 12r00r00         [24] 1208 	lcall	__gptrput
                                   1209 ;	C:\Users\tonyp\Downloads\ch552-turbo-fan-ctrl\src\voltage_control.c:29: vc->target_voltage = VOUT_DEFAULT;
      00020C 74 02            [12] 1210 	mov	a,#0x02
      00020E 2D               [12] 1211 	add	a,r5
      00020F FA               [12] 1212 	mov	r2,a
      000210 E4               [12] 1213 	clr	a
      000211 3E               [12] 1214 	addc	a,r6
      000212 FB               [12] 1215 	mov	r3,a
      000213 8F 04            [24] 1216 	mov	ar4,r7
      000215 8A 82            [24] 1217 	mov	dpl,r2
      000217 8B 83            [24] 1218 	mov	dph,r3
      000219 8C F0            [24] 1219 	mov	b,r4
      00021B E4               [12] 1220 	clr	a
      00021C 12r00r00         [24] 1221 	lcall	__gptrput
      00021F A3               [24] 1222 	inc	dptr
      000220 12r00r00         [24] 1223 	lcall	__gptrput
      000223 A3               [24] 1224 	inc	dptr
      000224 74 40            [12] 1225 	mov	a,#0x40
      000226 12r00r00         [24] 1226 	lcall	__gptrput
      000229 A3               [24] 1227 	inc	dptr
      00022A 04               [12] 1228 	inc	a
      00022B 12r00r00         [24] 1229 	lcall	__gptrput
                                   1230 ;	C:\Users\tonyp\Downloads\ch552-turbo-fan-ctrl\src\voltage_control.c:30: vc->is_locked = false;
      00022E 74 0B            [12] 1231 	mov	a,#0x0b
      000230 2D               [12] 1232 	add	a,r5
      000231 FA               [12] 1233 	mov	r2,a
      000232 E4               [12] 1234 	clr	a
      000233 3E               [12] 1235 	addc	a,r6
      000234 FB               [12] 1236 	mov	r3,a
      000235 8F 04            [24] 1237 	mov	ar4,r7
      000237 8A 82            [24] 1238 	mov	dpl,r2
      000239 8B 83            [24] 1239 	mov	dph,r3
      00023B 8C F0            [24] 1240 	mov	b,r4
      00023D E4               [12] 1241 	clr	a
      00023E 12r00r00         [24] 1242 	lcall	__gptrput
                                   1243 ;	C:\Users\tonyp\Downloads\ch552-turbo-fan-ctrl\src\voltage_control.c:33: pinMode(vc->adc_pin, INPUT);
      000241 85*00 82         [24] 1244 	mov	dpl,_VoltageController_begin_sloc0_1_0
      000244 85*01 83         [24] 1245 	mov	dph,(_VoltageController_begin_sloc0_1_0 + 1)
      000247 85*02 F0         [24] 1246 	mov	b,(_VoltageController_begin_sloc0_1_0 + 2)
      00024A 12r00r00         [24] 1247 	lcall	__gptrget
      00024D FC               [12] 1248 	mov	r4,a
      00024E 90r00r00         [24] 1249 	mov	dptr,#_pinMode_PARM_2
      000251 E4               [12] 1250 	clr	a
      000252 F0               [24] 1251 	movx	@dptr,a
      000253 8C 82            [24] 1252 	mov	dpl,r4
      000255 C0 07            [24] 1253 	push	ar7
      000257 C0 06            [24] 1254 	push	ar6
      000259 C0 05            [24] 1255 	push	ar5
      00025B 12r00r00         [24] 1256 	lcall	_pinMode
                                   1257 ;	C:\Users\tonyp\Downloads\ch552-turbo-fan-ctrl\src\voltage_control.c:36: delay(100);
      00025E 90 00 64         [24] 1258 	mov	dptr,#(0x64&0x00ff)
      000261 E4               [12] 1259 	clr	a
      000262 F5 F0            [12] 1260 	mov	b,a
      000264 12r00r00         [24] 1261 	lcall	_delay
      000267 D0 05            [24] 1262 	pop	ar5
      000269 D0 06            [24] 1263 	pop	ar6
      00026B D0 07            [24] 1264 	pop	ar7
                                   1265 ;	C:\Users\tonyp\Downloads\ch552-turbo-fan-ctrl\src\voltage_control.c:37: vc->current_voltage = VoltageController_readVoltage(vc);
      00026D 74 06            [12] 1266 	mov	a,#0x06
      00026F 2D               [12] 1267 	add	a,r5
      000270 FA               [12] 1268 	mov	r2,a
      000271 E4               [12] 1269 	clr	a
      000272 3E               [12] 1270 	addc	a,r6
      000273 FB               [12] 1271 	mov	r3,a
      000274 8F 04            [24] 1272 	mov	ar4,r7
      000276 8D 82            [24] 1273 	mov	dpl,r5
      000278 8E 83            [24] 1274 	mov	dph,r6
      00027A 8F F0            [24] 1275 	mov	b,r7
      00027C C0 04            [24] 1276 	push	ar4
      00027E C0 03            [24] 1277 	push	ar3
      000280 C0 02            [24] 1278 	push	ar2
      000282 12r03rF7         [24] 1279 	lcall	_VoltageController_readVoltage
      000285 A9 82            [24] 1280 	mov	r1,dpl
      000287 AD 83            [24] 1281 	mov	r5,dph
      000289 AE F0            [24] 1282 	mov	r6,b
      00028B FF               [12] 1283 	mov	r7,a
      00028C D0 02            [24] 1284 	pop	ar2
      00028E D0 03            [24] 1285 	pop	ar3
      000290 D0 04            [24] 1286 	pop	ar4
      000292 8A 82            [24] 1287 	mov	dpl,r2
      000294 8B 83            [24] 1288 	mov	dph,r3
      000296 8C F0            [24] 1289 	mov	b,r4
      000298 E9               [12] 1290 	mov	a,r1
      000299 12r00r00         [24] 1291 	lcall	__gptrput
      00029C A3               [24] 1292 	inc	dptr
      00029D ED               [12] 1293 	mov	a,r5
      00029E 12r00r00         [24] 1294 	lcall	__gptrput
      0002A1 A3               [24] 1295 	inc	dptr
      0002A2 EE               [12] 1296 	mov	a,r6
      0002A3 12r00r00         [24] 1297 	lcall	__gptrput
      0002A6 A3               [24] 1298 	inc	dptr
      0002A7 EF               [12] 1299 	mov	a,r7
                                   1300 ;	C:\Users\tonyp\Downloads\ch552-turbo-fan-ctrl\src\voltage_control.c:38: }
      0002A8 02r00r00         [24] 1301 	ljmp	__gptrput
                                   1302 ;------------------------------------------------------------
                                   1303 ;Allocation info for local variables in function 'VoltageController_setVoltage'
                                   1304 ;------------------------------------------------------------
                                   1305 ;sloc0                     Allocated with name '_VoltageController_setVoltage_sloc0_1_0'
                                   1306 ;sloc1                     Allocated with name '_VoltageController_setVoltage_sloc1_1_0'
                                   1307 ;voltage                   Allocated with name '_VoltageController_setVoltage_PARM_2'
                                   1308 ;vc                        Allocated with name '_VoltageController_setVoltage_vc_65536_184'
                                   1309 ;------------------------------------------------------------
                                   1310 ;	C:\Users\tonyp\Downloads\ch552-turbo-fan-ctrl\src\voltage_control.c:40: void VoltageController_setVoltage(VoltageController* vc, float voltage) {
                                   1311 ;	-----------------------------------------
                                   1312 ;	 function VoltageController_setVoltage
                                   1313 ;	-----------------------------------------
      0002AB                       1314 _VoltageController_setVoltage:
      0002AB AF F0            [24] 1315 	mov	r7,b
      0002AD AE 83            [24] 1316 	mov	r6,dph
      0002AF E5 82            [12] 1317 	mov	a,dpl
      0002B1 90r00r11         [24] 1318 	mov	dptr,#_VoltageController_setVoltage_vc_65536_184
      0002B4 F0               [24] 1319 	movx	@dptr,a
      0002B5 EE               [12] 1320 	mov	a,r6
      0002B6 A3               [24] 1321 	inc	dptr
      0002B7 F0               [24] 1322 	movx	@dptr,a
      0002B8 EF               [12] 1323 	mov	a,r7
      0002B9 A3               [24] 1324 	inc	dptr
      0002BA F0               [24] 1325 	movx	@dptr,a
                                   1326 ;	C:\Users\tonyp\Downloads\ch552-turbo-fan-ctrl\src\voltage_control.c:41: if (vc->is_locked) {
      0002BB 90r00r11         [24] 1327 	mov	dptr,#_VoltageController_setVoltage_vc_65536_184
      0002BE E0               [24] 1328 	movx	a,@dptr
      0002BF FD               [12] 1329 	mov	r5,a
      0002C0 A3               [24] 1330 	inc	dptr
      0002C1 E0               [24] 1331 	movx	a,@dptr
      0002C2 FE               [12] 1332 	mov	r6,a
      0002C3 A3               [24] 1333 	inc	dptr
      0002C4 E0               [24] 1334 	movx	a,@dptr
      0002C5 FF               [12] 1335 	mov	r7,a
      0002C6 74 0B            [12] 1336 	mov	a,#0x0b
      0002C8 2D               [12] 1337 	add	a,r5
      0002C9 FA               [12] 1338 	mov	r2,a
      0002CA E4               [12] 1339 	clr	a
      0002CB 3E               [12] 1340 	addc	a,r6
      0002CC FB               [12] 1341 	mov	r3,a
      0002CD 8F 04            [24] 1342 	mov	ar4,r7
      0002CF 8A 82            [24] 1343 	mov	dpl,r2
      0002D1 8B 83            [24] 1344 	mov	dph,r3
      0002D3 8C F0            [24] 1345 	mov	b,r4
      0002D5 12r00r00         [24] 1346 	lcall	__gptrget
      0002D8 60 01            [24] 1347 	jz	00102$
                                   1348 ;	C:\Users\tonyp\Downloads\ch552-turbo-fan-ctrl\src\voltage_control.c:42: return;
      0002DA 22               [24] 1349 	ret
      0002DB                       1350 00102$:
                                   1351 ;	C:\Users\tonyp\Downloads\ch552-turbo-fan-ctrl\src\voltage_control.c:45: if (voltage < VOUT_MIN) voltage = VOUT_MIN;
      0002DB 90r00r0D         [24] 1352 	mov	dptr,#_VoltageController_setVoltage_PARM_2
      0002DE E0               [24] 1353 	movx	a,@dptr
      0002DF F9               [12] 1354 	mov	r1,a
      0002E0 A3               [24] 1355 	inc	dptr
      0002E1 E0               [24] 1356 	movx	a,@dptr
      0002E2 FA               [12] 1357 	mov	r2,a
      0002E3 A3               [24] 1358 	inc	dptr
      0002E4 E0               [24] 1359 	movx	a,@dptr
      0002E5 FB               [12] 1360 	mov	r3,a
      0002E6 A3               [24] 1361 	inc	dptr
      0002E7 E0               [24] 1362 	movx	a,@dptr
      0002E8 FC               [12] 1363 	mov	r4,a
      0002E9 C0 07            [24] 1364 	push	ar7
      0002EB C0 06            [24] 1365 	push	ar6
      0002ED C0 05            [24] 1366 	push	ar5
      0002EF E4               [12] 1367 	clr	a
      0002F0 C0 E0            [24] 1368 	push	acc
      0002F2 C0 E0            [24] 1369 	push	acc
      0002F4 74 A0            [12] 1370 	mov	a,#0xa0
      0002F6 C0 E0            [24] 1371 	push	acc
      0002F8 74 40            [12] 1372 	mov	a,#0x40
      0002FA C0 E0            [24] 1373 	push	acc
      0002FC 89 82            [24] 1374 	mov	dpl,r1
      0002FE 8A 83            [24] 1375 	mov	dph,r2
      000300 8B F0            [24] 1376 	mov	b,r3
      000302 EC               [12] 1377 	mov	a,r4
      000303 12r00r00         [24] 1378 	lcall	___fslt
      000306 AC 82            [24] 1379 	mov	r4,dpl
      000308 E5 81            [12] 1380 	mov	a,sp
      00030A 24 FC            [12] 1381 	add	a,#0xfc
      00030C F5 81            [12] 1382 	mov	sp,a
      00030E D0 05            [24] 1383 	pop	ar5
      000310 D0 06            [24] 1384 	pop	ar6
      000312 D0 07            [24] 1385 	pop	ar7
      000314 EC               [12] 1386 	mov	a,r4
      000315 60 0F            [24] 1387 	jz	00104$
      000317 90r00r0D         [24] 1388 	mov	dptr,#_VoltageController_setVoltage_PARM_2
      00031A E4               [12] 1389 	clr	a
      00031B F0               [24] 1390 	movx	@dptr,a
      00031C A3               [24] 1391 	inc	dptr
      00031D F0               [24] 1392 	movx	@dptr,a
      00031E 74 A0            [12] 1393 	mov	a,#0xa0
      000320 A3               [24] 1394 	inc	dptr
      000321 F0               [24] 1395 	movx	@dptr,a
      000322 74 40            [12] 1396 	mov	a,#0x40
      000324 A3               [24] 1397 	inc	dptr
      000325 F0               [24] 1398 	movx	@dptr,a
      000326                       1399 00104$:
                                   1400 ;	C:\Users\tonyp\Downloads\ch552-turbo-fan-ctrl\src\voltage_control.c:46: if (voltage > VOUT_MAX) voltage = VOUT_MAX;
      000326 C0 07            [24] 1401 	push	ar7
      000328 C0 06            [24] 1402 	push	ar6
      00032A C0 05            [24] 1403 	push	ar5
      00032C 90r00r0D         [24] 1404 	mov	dptr,#_VoltageController_setVoltage_PARM_2
      00032F E0               [24] 1405 	movx	a,@dptr
      000330 C0 E0            [24] 1406 	push	acc
      000332 A3               [24] 1407 	inc	dptr
      000333 E0               [24] 1408 	movx	a,@dptr
      000334 C0 E0            [24] 1409 	push	acc
      000336 A3               [24] 1410 	inc	dptr
      000337 E0               [24] 1411 	movx	a,@dptr
      000338 C0 E0            [24] 1412 	push	acc
      00033A A3               [24] 1413 	inc	dptr
      00033B E0               [24] 1414 	movx	a,@dptr
      00033C C0 E0            [24] 1415 	push	acc
      00033E 90 00 00         [24] 1416 	mov	dptr,#0x0000
      000341 75 F0 40         [24] 1417 	mov	b,#0x40
      000344 74 41            [12] 1418 	mov	a,#0x41
      000346 12r00r00         [24] 1419 	lcall	___fslt
      000349 AC 82            [24] 1420 	mov	r4,dpl
      00034B E5 81            [12] 1421 	mov	a,sp
      00034D 24 FC            [12] 1422 	add	a,#0xfc
      00034F F5 81            [12] 1423 	mov	sp,a
      000351 D0 05            [24] 1424 	pop	ar5
      000353 D0 06            [24] 1425 	pop	ar6
      000355 D0 07            [24] 1426 	pop	ar7
      000357 EC               [12] 1427 	mov	a,r4
      000358 60 0E            [24] 1428 	jz	00106$
      00035A 90r00r0D         [24] 1429 	mov	dptr,#_VoltageController_setVoltage_PARM_2
      00035D E4               [12] 1430 	clr	a
      00035E F0               [24] 1431 	movx	@dptr,a
      00035F A3               [24] 1432 	inc	dptr
      000360 F0               [24] 1433 	movx	@dptr,a
      000361 74 40            [12] 1434 	mov	a,#0x40
      000363 A3               [24] 1435 	inc	dptr
      000364 F0               [24] 1436 	movx	@dptr,a
      000365 04               [12] 1437 	inc	a
      000366 A3               [24] 1438 	inc	dptr
      000367 F0               [24] 1439 	movx	@dptr,a
      000368                       1440 00106$:
                                   1441 ;	C:\Users\tonyp\Downloads\ch552-turbo-fan-ctrl\src\voltage_control.c:47: vc->target_voltage = voltage;
      000368 74 02            [12] 1442 	mov	a,#0x02
      00036A 2D               [12] 1443 	add	a,r5
      00036B F5*03            [12] 1444 	mov	_VoltageController_setVoltage_sloc0_1_0,a
      00036D E4               [12] 1445 	clr	a
      00036E 3E               [12] 1446 	addc	a,r6
      00036F F5*04            [12] 1447 	mov	(_VoltageController_setVoltage_sloc0_1_0 + 1),a
      000371 8F*05            [24] 1448 	mov	(_VoltageController_setVoltage_sloc0_1_0 + 2),r7
      000373 90r00r0D         [24] 1449 	mov	dptr,#_VoltageController_setVoltage_PARM_2
      000376 E0               [24] 1450 	movx	a,@dptr
      000377 F5*06            [12] 1451 	mov	_VoltageController_setVoltage_sloc1_1_0,a
      000379 A3               [24] 1452 	inc	dptr
      00037A E0               [24] 1453 	movx	a,@dptr
      00037B F5*07            [12] 1454 	mov	(_VoltageController_setVoltage_sloc1_1_0 + 1),a
      00037D A3               [24] 1455 	inc	dptr
      00037E E0               [24] 1456 	movx	a,@dptr
      00037F F5*08            [12] 1457 	mov	(_VoltageController_setVoltage_sloc1_1_0 + 2),a
      000381 A3               [24] 1458 	inc	dptr
      000382 E0               [24] 1459 	movx	a,@dptr
      000383 F5*09            [12] 1460 	mov	(_VoltageController_setVoltage_sloc1_1_0 + 3),a
      000385 85*03 82         [24] 1461 	mov	dpl,_VoltageController_setVoltage_sloc0_1_0
      000388 85*04 83         [24] 1462 	mov	dph,(_VoltageController_setVoltage_sloc0_1_0 + 1)
      00038B 85*05 F0         [24] 1463 	mov	b,(_VoltageController_setVoltage_sloc0_1_0 + 2)
      00038E E5*06            [12] 1464 	mov	a,_VoltageController_setVoltage_sloc1_1_0
      000390 12r00r00         [24] 1465 	lcall	__gptrput
      000393 A3               [24] 1466 	inc	dptr
      000394 E5*07            [12] 1467 	mov	a,(_VoltageController_setVoltage_sloc1_1_0 + 1)
      000396 12r00r00         [24] 1468 	lcall	__gptrput
      000399 A3               [24] 1469 	inc	dptr
      00039A E5*08            [12] 1470 	mov	a,(_VoltageController_setVoltage_sloc1_1_0 + 2)
      00039C 12r00r00         [24] 1471 	lcall	__gptrput
      00039F A3               [24] 1472 	inc	dptr
      0003A0 E5*09            [12] 1473 	mov	a,(_VoltageController_setVoltage_sloc1_1_0 + 3)
      0003A2 12r00r00         [24] 1474 	lcall	__gptrput
                                   1475 ;	C:\Users\tonyp\Downloads\ch552-turbo-fan-ctrl\src\voltage_control.c:48: vc->current_pwm_duty = VoltageController_voltageToPWM(vc->target_voltage);
      0003A5 74 0A            [12] 1476 	mov	a,#0x0a
      0003A7 2D               [12] 1477 	add	a,r5
      0003A8 FA               [12] 1478 	mov	r2,a
      0003A9 E4               [12] 1479 	clr	a
      0003AA 3E               [12] 1480 	addc	a,r6
      0003AB FB               [12] 1481 	mov	r3,a
      0003AC 8F 04            [24] 1482 	mov	ar4,r7
      0003AE 85*06 82         [24] 1483 	mov	dpl,_VoltageController_setVoltage_sloc1_1_0
      0003B1 85*07 83         [24] 1484 	mov	dph,(_VoltageController_setVoltage_sloc1_1_0 + 1)
      0003B4 85*08 F0         [24] 1485 	mov	b,(_VoltageController_setVoltage_sloc1_1_0 + 2)
      0003B7 E5*09            [12] 1486 	mov	a,(_VoltageController_setVoltage_sloc1_1_0 + 3)
      0003B9 C0 07            [24] 1487 	push	ar7
      0003BB C0 06            [24] 1488 	push	ar6
      0003BD C0 05            [24] 1489 	push	ar5
      0003BF C0 04            [24] 1490 	push	ar4
      0003C1 C0 03            [24] 1491 	push	ar3
      0003C3 C0 02            [24] 1492 	push	ar2
      0003C5 12r00r00         [24] 1493 	lcall	_VoltageController_voltageToPWM
      0003C8 A9 82            [24] 1494 	mov	r1,dpl
      0003CA D0 02            [24] 1495 	pop	ar2
      0003CC D0 03            [24] 1496 	pop	ar3
      0003CE D0 04            [24] 1497 	pop	ar4
      0003D0 D0 05            [24] 1498 	pop	ar5
      0003D2 D0 06            [24] 1499 	pop	ar6
      0003D4 D0 07            [24] 1500 	pop	ar7
      0003D6 8A 82            [24] 1501 	mov	dpl,r2
      0003D8 8B 83            [24] 1502 	mov	dph,r3
      0003DA 8C F0            [24] 1503 	mov	b,r4
      0003DC E9               [12] 1504 	mov	a,r1
      0003DD 12r00r00         [24] 1505 	lcall	__gptrput
                                   1506 ;	C:\Users\tonyp\Downloads\ch552-turbo-fan-ctrl\src\voltage_control.c:49: analogWrite(vc->pwm_pin, vc->current_pwm_duty);
      0003E0 8D 82            [24] 1507 	mov	dpl,r5
      0003E2 8E 83            [24] 1508 	mov	dph,r6
      0003E4 8F F0            [24] 1509 	mov	b,r7
      0003E6 12r00r00         [24] 1510 	lcall	__gptrget
      0003E9 FD               [12] 1511 	mov	r5,a
      0003EA 90r00r00         [24] 1512 	mov	dptr,#_analogWrite_PARM_2
      0003ED E9               [12] 1513 	mov	a,r1
      0003EE F0               [24] 1514 	movx	@dptr,a
      0003EF E4               [12] 1515 	clr	a
      0003F0 A3               [24] 1516 	inc	dptr
      0003F1 F0               [24] 1517 	movx	@dptr,a
      0003F2 8D 82            [24] 1518 	mov	dpl,r5
                                   1519 ;	C:\Users\tonyp\Downloads\ch552-turbo-fan-ctrl\src\voltage_control.c:50: }
      0003F4 02r00r00         [24] 1520 	ljmp	_analogWrite
                                   1521 ;------------------------------------------------------------
                                   1522 ;Allocation info for local variables in function 'VoltageController_readVoltage'
                                   1523 ;------------------------------------------------------------
                                   1524 ;vc                        Allocated with name '_VoltageController_readVoltage_vc_65536_187'
                                   1525 ;adc_value                 Allocated with name '_VoltageController_readVoltage_adc_value_65536_188'
                                   1526 ;adc_voltage               Allocated with name '_VoltageController_readVoltage_adc_voltage_65536_188'
                                   1527 ;output_voltage            Allocated with name '_VoltageController_readVoltage_output_voltage_65536_188'
                                   1528 ;------------------------------------------------------------
                                   1529 ;	C:\Users\tonyp\Downloads\ch552-turbo-fan-ctrl\src\voltage_control.c:52: float VoltageController_readVoltage(VoltageController* vc) {
                                   1530 ;	-----------------------------------------
                                   1531 ;	 function VoltageController_readVoltage
                                   1532 ;	-----------------------------------------
      0003F7                       1533 _VoltageController_readVoltage:
      0003F7 AF F0            [24] 1534 	mov	r7,b
      0003F9 AE 83            [24] 1535 	mov	r6,dph
      0003FB E5 82            [12] 1536 	mov	a,dpl
      0003FD 90r00r14         [24] 1537 	mov	dptr,#_VoltageController_readVoltage_vc_65536_187
      000400 F0               [24] 1538 	movx	@dptr,a
      000401 EE               [12] 1539 	mov	a,r6
      000402 A3               [24] 1540 	inc	dptr
      000403 F0               [24] 1541 	movx	@dptr,a
      000404 EF               [12] 1542 	mov	a,r7
      000405 A3               [24] 1543 	inc	dptr
      000406 F0               [24] 1544 	movx	@dptr,a
                                   1545 ;	C:\Users\tonyp\Downloads\ch552-turbo-fan-ctrl\src\voltage_control.c:53: int adc_value = analogRead(vc->adc_pin);
      000407 90r00r14         [24] 1546 	mov	dptr,#_VoltageController_readVoltage_vc_65536_187
      00040A E0               [24] 1547 	movx	a,@dptr
      00040B FD               [12] 1548 	mov	r5,a
      00040C A3               [24] 1549 	inc	dptr
      00040D E0               [24] 1550 	movx	a,@dptr
      00040E FE               [12] 1551 	mov	r6,a
      00040F A3               [24] 1552 	inc	dptr
      000410 E0               [24] 1553 	movx	a,@dptr
      000411 FF               [12] 1554 	mov	r7,a
      000412 0D               [12] 1555 	inc	r5
      000413 BD 00 01         [24] 1556 	cjne	r5,#0x00,00103$
      000416 0E               [12] 1557 	inc	r6
      000417                       1558 00103$:
      000417 8D 82            [24] 1559 	mov	dpl,r5
      000419 8E 83            [24] 1560 	mov	dph,r6
      00041B 8F F0            [24] 1561 	mov	b,r7
      00041D 12r00r00         [24] 1562 	lcall	__gptrget
      000420 F5 82            [12] 1563 	mov	dpl,a
      000422 12r00r00         [24] 1564 	lcall	_analogRead
                                   1565 ;	C:\Users\tonyp\Downloads\ch552-turbo-fan-ctrl\src\voltage_control.c:55: float adc_voltage = (float)adc_value / (ADC_RESOLUTION - 1) * ADC_REF_VOLTAGE;
      000425 12r00r00         [24] 1566 	lcall	___sint2fs
      000428 AC 82            [24] 1567 	mov	r4,dpl
      00042A AD 83            [24] 1568 	mov	r5,dph
      00042C AE F0            [24] 1569 	mov	r6,b
      00042E FF               [12] 1570 	mov	r7,a
      00042F E4               [12] 1571 	clr	a
      000430 C0 E0            [24] 1572 	push	acc
      000432 C0 E0            [24] 1573 	push	acc
      000434 74 7E            [12] 1574 	mov	a,#0x7e
      000436 C0 E0            [24] 1575 	push	acc
      000438 74 43            [12] 1576 	mov	a,#0x43
      00043A C0 E0            [24] 1577 	push	acc
      00043C 8C 82            [24] 1578 	mov	dpl,r4
      00043E 8D 83            [24] 1579 	mov	dph,r5
      000440 8E F0            [24] 1580 	mov	b,r6
      000442 EF               [12] 1581 	mov	a,r7
      000443 12r00r00         [24] 1582 	lcall	___fsdiv
      000446 AC 82            [24] 1583 	mov	r4,dpl
      000448 AD 83            [24] 1584 	mov	r5,dph
      00044A AE F0            [24] 1585 	mov	r6,b
      00044C FF               [12] 1586 	mov	r7,a
      00044D E5 81            [12] 1587 	mov	a,sp
      00044F 24 FC            [12] 1588 	add	a,#0xfc
      000451 F5 81            [12] 1589 	mov	sp,a
      000453 C0 04            [24] 1590 	push	ar4
      000455 C0 05            [24] 1591 	push	ar5
      000457 C0 06            [24] 1592 	push	ar6
      000459 C0 07            [24] 1593 	push	ar7
                                   1594 ;	C:\Users\tonyp\Downloads\ch552-turbo-fan-ctrl\src\voltage_control.c:56: float output_voltage = adc_voltage * ADC_VOLTAGE_RATIO;
      00045B 90 00 00         [24] 1595 	mov	dptr,#0x0000
      00045E 75 F0 A0         [24] 1596 	mov	b,#0xa0
      000461 74 40            [12] 1597 	mov	a,#0x40
      000463 12r00r00         [24] 1598 	lcall	___fsmul
      000466 AC 82            [24] 1599 	mov	r4,dpl
      000468 AD 83            [24] 1600 	mov	r5,dph
      00046A AE F0            [24] 1601 	mov	r6,b
      00046C FF               [12] 1602 	mov	r7,a
      00046D E5 81            [12] 1603 	mov	a,sp
      00046F 24 FC            [12] 1604 	add	a,#0xfc
      000471 F5 81            [12] 1605 	mov	sp,a
      000473 C0 04            [24] 1606 	push	ar4
      000475 C0 05            [24] 1607 	push	ar5
      000477 C0 06            [24] 1608 	push	ar6
      000479 C0 07            [24] 1609 	push	ar7
                                   1610 ;	C:\Users\tonyp\Downloads\ch552-turbo-fan-ctrl\src\voltage_control.c:58: return output_voltage;
      00047B 90 70 A4         [24] 1611 	mov	dptr,#0x70a4
      00047E 75 F0 3D         [24] 1612 	mov	b,#0x3d
      000481 74 40            [12] 1613 	mov	a,#0x40
      000483 12r00r00         [24] 1614 	lcall	___fsmul
      000486 AC 82            [24] 1615 	mov	r4,dpl
      000488 AD 83            [24] 1616 	mov	r5,dph
      00048A AE F0            [24] 1617 	mov	r6,b
      00048C FF               [12] 1618 	mov	r7,a
      00048D E5 81            [12] 1619 	mov	a,sp
      00048F 24 FC            [12] 1620 	add	a,#0xfc
      000491 F5 81            [12] 1621 	mov	sp,a
      000493 8C 82            [24] 1622 	mov	dpl,r4
      000495 8D 83            [24] 1623 	mov	dph,r5
      000497 8E F0            [24] 1624 	mov	b,r6
      000499 EF               [12] 1625 	mov	a,r7
                                   1626 ;	C:\Users\tonyp\Downloads\ch552-turbo-fan-ctrl\src\voltage_control.c:59: }
      00049A 22               [24] 1627 	ret
                                   1628 ;------------------------------------------------------------
                                   1629 ;Allocation info for local variables in function 'VoltageController_updateVoltage'
                                   1630 ;------------------------------------------------------------
                                   1631 ;vc                        Allocated with name '_VoltageController_updateVoltage_vc_65536_189'
                                   1632 ;------------------------------------------------------------
                                   1633 ;	C:\Users\tonyp\Downloads\ch552-turbo-fan-ctrl\src\voltage_control.c:61: float VoltageController_updateVoltage(VoltageController* vc) {
                                   1634 ;	-----------------------------------------
                                   1635 ;	 function VoltageController_updateVoltage
                                   1636 ;	-----------------------------------------
      00049B                       1637 _VoltageController_updateVoltage:
      00049B AF F0            [24] 1638 	mov	r7,b
      00049D AE 83            [24] 1639 	mov	r6,dph
      00049F E5 82            [12] 1640 	mov	a,dpl
      0004A1 90r00r17         [24] 1641 	mov	dptr,#_VoltageController_updateVoltage_vc_65536_189
      0004A4 F0               [24] 1642 	movx	@dptr,a
      0004A5 EE               [12] 1643 	mov	a,r6
      0004A6 A3               [24] 1644 	inc	dptr
      0004A7 F0               [24] 1645 	movx	@dptr,a
      0004A8 EF               [12] 1646 	mov	a,r7
      0004A9 A3               [24] 1647 	inc	dptr
      0004AA F0               [24] 1648 	movx	@dptr,a
                                   1649 ;	C:\Users\tonyp\Downloads\ch552-turbo-fan-ctrl\src\voltage_control.c:62: vc->current_voltage = VoltageController_readVoltage(vc);
      0004AB 90r00r17         [24] 1650 	mov	dptr,#_VoltageController_updateVoltage_vc_65536_189
      0004AE E0               [24] 1651 	movx	a,@dptr
      0004AF FD               [12] 1652 	mov	r5,a
      0004B0 A3               [24] 1653 	inc	dptr
      0004B1 E0               [24] 1654 	movx	a,@dptr
      0004B2 FE               [12] 1655 	mov	r6,a
      0004B3 A3               [24] 1656 	inc	dptr
      0004B4 E0               [24] 1657 	movx	a,@dptr
      0004B5 FF               [12] 1658 	mov	r7,a
      0004B6 74 06            [12] 1659 	mov	a,#0x06
      0004B8 2D               [12] 1660 	add	a,r5
      0004B9 FA               [12] 1661 	mov	r2,a
      0004BA E4               [12] 1662 	clr	a
      0004BB 3E               [12] 1663 	addc	a,r6
      0004BC FB               [12] 1664 	mov	r3,a
      0004BD 8F 04            [24] 1665 	mov	ar4,r7
      0004BF 8D 82            [24] 1666 	mov	dpl,r5
      0004C1 8E 83            [24] 1667 	mov	dph,r6
      0004C3 8F F0            [24] 1668 	mov	b,r7
      0004C5 C0 04            [24] 1669 	push	ar4
      0004C7 C0 03            [24] 1670 	push	ar3
      0004C9 C0 02            [24] 1671 	push	ar2
      0004CB 12r03rF7         [24] 1672 	lcall	_VoltageController_readVoltage
      0004CE A9 82            [24] 1673 	mov	r1,dpl
      0004D0 AD 83            [24] 1674 	mov	r5,dph
      0004D2 AE F0            [24] 1675 	mov	r6,b
      0004D4 FF               [12] 1676 	mov	r7,a
      0004D5 D0 02            [24] 1677 	pop	ar2
      0004D7 D0 03            [24] 1678 	pop	ar3
      0004D9 D0 04            [24] 1679 	pop	ar4
      0004DB 8A 82            [24] 1680 	mov	dpl,r2
      0004DD 8B 83            [24] 1681 	mov	dph,r3
      0004DF 8C F0            [24] 1682 	mov	b,r4
      0004E1 E9               [12] 1683 	mov	a,r1
      0004E2 12r00r00         [24] 1684 	lcall	__gptrput
      0004E5 A3               [24] 1685 	inc	dptr
      0004E6 ED               [12] 1686 	mov	a,r5
      0004E7 12r00r00         [24] 1687 	lcall	__gptrput
      0004EA A3               [24] 1688 	inc	dptr
      0004EB EE               [12] 1689 	mov	a,r6
      0004EC 12r00r00         [24] 1690 	lcall	__gptrput
      0004EF A3               [24] 1691 	inc	dptr
      0004F0 EF               [12] 1692 	mov	a,r7
      0004F1 12r00r00         [24] 1693 	lcall	__gptrput
                                   1694 ;	C:\Users\tonyp\Downloads\ch552-turbo-fan-ctrl\src\voltage_control.c:63: return vc->current_voltage;
      0004F4 90r00r17         [24] 1695 	mov	dptr,#_VoltageController_updateVoltage_vc_65536_189
      0004F7 E0               [24] 1696 	movx	a,@dptr
      0004F8 FD               [12] 1697 	mov	r5,a
      0004F9 A3               [24] 1698 	inc	dptr
      0004FA E0               [24] 1699 	movx	a,@dptr
      0004FB FE               [12] 1700 	mov	r6,a
      0004FC A3               [24] 1701 	inc	dptr
      0004FD E0               [24] 1702 	movx	a,@dptr
      0004FE FF               [12] 1703 	mov	r7,a
      0004FF 74 06            [12] 1704 	mov	a,#0x06
      000501 2D               [12] 1705 	add	a,r5
      000502 FD               [12] 1706 	mov	r5,a
      000503 E4               [12] 1707 	clr	a
      000504 3E               [12] 1708 	addc	a,r6
      000505 FE               [12] 1709 	mov	r6,a
      000506 8D 82            [24] 1710 	mov	dpl,r5
      000508 8E 83            [24] 1711 	mov	dph,r6
      00050A 8F F0            [24] 1712 	mov	b,r7
      00050C 12r00r00         [24] 1713 	lcall	__gptrget
      00050F FD               [12] 1714 	mov	r5,a
      000510 A3               [24] 1715 	inc	dptr
      000511 12r00r00         [24] 1716 	lcall	__gptrget
      000514 FE               [12] 1717 	mov	r6,a
      000515 A3               [24] 1718 	inc	dptr
      000516 12r00r00         [24] 1719 	lcall	__gptrget
      000519 FF               [12] 1720 	mov	r7,a
      00051A A3               [24] 1721 	inc	dptr
      00051B 12r00r00         [24] 1722 	lcall	__gptrget
      00051E 8D 82            [24] 1723 	mov	dpl,r5
      000520 8E 83            [24] 1724 	mov	dph,r6
      000522 8F F0            [24] 1725 	mov	b,r7
                                   1726 ;	C:\Users\tonyp\Downloads\ch552-turbo-fan-ctrl\src\voltage_control.c:64: }
      000524 22               [24] 1727 	ret
                                   1728 ;------------------------------------------------------------
                                   1729 ;Allocation info for local variables in function 'VoltageController_isVoltageAbnormal'
                                   1730 ;------------------------------------------------------------
                                   1731 ;vc                        Allocated with name '_VoltageController_isVoltageAbnormal_vc_65536_191'
                                   1732 ;------------------------------------------------------------
                                   1733 ;	C:\Users\tonyp\Downloads\ch552-turbo-fan-ctrl\src\voltage_control.c:66: bool VoltageController_isVoltageAbnormal(VoltageController* vc) {
                                   1734 ;	-----------------------------------------
                                   1735 ;	 function VoltageController_isVoltageAbnormal
                                   1736 ;	-----------------------------------------
      000525                       1737 _VoltageController_isVoltageAbnormal:
      000525 AF F0            [24] 1738 	mov	r7,b
      000527 AE 83            [24] 1739 	mov	r6,dph
      000529 E5 82            [12] 1740 	mov	a,dpl
      00052B 90r00r1A         [24] 1741 	mov	dptr,#_VoltageController_isVoltageAbnormal_vc_65536_191
      00052E F0               [24] 1742 	movx	@dptr,a
      00052F EE               [12] 1743 	mov	a,r6
      000530 A3               [24] 1744 	inc	dptr
      000531 F0               [24] 1745 	movx	@dptr,a
      000532 EF               [12] 1746 	mov	a,r7
      000533 A3               [24] 1747 	inc	dptr
      000534 F0               [24] 1748 	movx	@dptr,a
                                   1749 ;	C:\Users\tonyp\Downloads\ch552-turbo-fan-ctrl\src\voltage_control.c:67: VoltageController_updateVoltage(vc);
      000535 90r00r1A         [24] 1750 	mov	dptr,#_VoltageController_isVoltageAbnormal_vc_65536_191
      000538 E0               [24] 1751 	movx	a,@dptr
      000539 FD               [12] 1752 	mov	r5,a
      00053A A3               [24] 1753 	inc	dptr
      00053B E0               [24] 1754 	movx	a,@dptr
      00053C FE               [12] 1755 	mov	r6,a
      00053D A3               [24] 1756 	inc	dptr
      00053E E0               [24] 1757 	movx	a,@dptr
      00053F FF               [12] 1758 	mov	r7,a
      000540 8D 82            [24] 1759 	mov	dpl,r5
      000542 8E 83            [24] 1760 	mov	dph,r6
      000544 8F F0            [24] 1761 	mov	b,r7
      000546 12r04r9B         [24] 1762 	lcall	_VoltageController_updateVoltage
                                   1763 ;	C:\Users\tonyp\Downloads\ch552-turbo-fan-ctrl\src\voltage_control.c:69: if (vc->current_voltage < vc->target_voltage - 1.0f) {
      000549 90r00r1A         [24] 1764 	mov	dptr,#_VoltageController_isVoltageAbnormal_vc_65536_191
      00054C E0               [24] 1765 	movx	a,@dptr
      00054D FF               [12] 1766 	mov	r7,a
      00054E A3               [24] 1767 	inc	dptr
      00054F E0               [24] 1768 	movx	a,@dptr
      000550 FD               [12] 1769 	mov	r5,a
      000551 A3               [24] 1770 	inc	dptr
      000552 E0               [24] 1771 	movx	a,@dptr
      000553 FE               [12] 1772 	mov	r6,a
      000554 74 06            [12] 1773 	mov	a,#0x06
      000556 2F               [12] 1774 	add	a,r7
      000557 FC               [12] 1775 	mov	r4,a
      000558 E4               [12] 1776 	clr	a
      000559 3D               [12] 1777 	addc	a,r5
      00055A FA               [12] 1778 	mov	r2,a
      00055B 8E 03            [24] 1779 	mov	ar3,r6
      00055D 8C 82            [24] 1780 	mov	dpl,r4
      00055F 8A 83            [24] 1781 	mov	dph,r2
      000561 8B F0            [24] 1782 	mov	b,r3
      000563 12r00r00         [24] 1783 	lcall	__gptrget
      000566 F9               [12] 1784 	mov	r1,a
      000567 A3               [24] 1785 	inc	dptr
      000568 12r00r00         [24] 1786 	lcall	__gptrget
      00056B FA               [12] 1787 	mov	r2,a
      00056C A3               [24] 1788 	inc	dptr
      00056D 12r00r00         [24] 1789 	lcall	__gptrget
      000570 FB               [12] 1790 	mov	r3,a
      000571 A3               [24] 1791 	inc	dptr
      000572 12r00r00         [24] 1792 	lcall	__gptrget
      000575 FC               [12] 1793 	mov	r4,a
      000576 74 02            [12] 1794 	mov	a,#0x02
      000578 2F               [12] 1795 	add	a,r7
      000579 FF               [12] 1796 	mov	r7,a
      00057A E4               [12] 1797 	clr	a
      00057B 3D               [12] 1798 	addc	a,r5
      00057C FD               [12] 1799 	mov	r5,a
      00057D 8F 82            [24] 1800 	mov	dpl,r7
      00057F 8D 83            [24] 1801 	mov	dph,r5
      000581 8E F0            [24] 1802 	mov	b,r6
      000583 12r00r00         [24] 1803 	lcall	__gptrget
      000586 F8               [12] 1804 	mov	r0,a
      000587 A3               [24] 1805 	inc	dptr
      000588 12r00r00         [24] 1806 	lcall	__gptrget
      00058B FD               [12] 1807 	mov	r5,a
      00058C A3               [24] 1808 	inc	dptr
      00058D 12r00r00         [24] 1809 	lcall	__gptrget
      000590 FE               [12] 1810 	mov	r6,a
      000591 A3               [24] 1811 	inc	dptr
      000592 12r00r00         [24] 1812 	lcall	__gptrget
      000595 FF               [12] 1813 	mov	r7,a
      000596 C0 04            [24] 1814 	push	ar4
      000598 C0 03            [24] 1815 	push	ar3
      00059A C0 02            [24] 1816 	push	ar2
      00059C C0 01            [24] 1817 	push	ar1
      00059E E4               [12] 1818 	clr	a
      00059F C0 E0            [24] 1819 	push	acc
      0005A1 C0 E0            [24] 1820 	push	acc
      0005A3 74 80            [12] 1821 	mov	a,#0x80
      0005A5 C0 E0            [24] 1822 	push	acc
      0005A7 74 3F            [12] 1823 	mov	a,#0x3f
      0005A9 C0 E0            [24] 1824 	push	acc
      0005AB 88 82            [24] 1825 	mov	dpl,r0
      0005AD 8D 83            [24] 1826 	mov	dph,r5
      0005AF 8E F0            [24] 1827 	mov	b,r6
      0005B1 EF               [12] 1828 	mov	a,r7
      0005B2 12r00r00         [24] 1829 	lcall	___fssub
      0005B5 A8 82            [24] 1830 	mov	r0,dpl
      0005B7 AD 83            [24] 1831 	mov	r5,dph
      0005B9 AE F0            [24] 1832 	mov	r6,b
      0005BB FF               [12] 1833 	mov	r7,a
      0005BC E5 81            [12] 1834 	mov	a,sp
      0005BE 24 FC            [12] 1835 	add	a,#0xfc
      0005C0 F5 81            [12] 1836 	mov	sp,a
      0005C2 D0 01            [24] 1837 	pop	ar1
      0005C4 D0 02            [24] 1838 	pop	ar2
      0005C6 D0 03            [24] 1839 	pop	ar3
      0005C8 D0 04            [24] 1840 	pop	ar4
      0005CA C0 00            [24] 1841 	push	ar0
      0005CC C0 05            [24] 1842 	push	ar5
      0005CE C0 06            [24] 1843 	push	ar6
      0005D0 C0 07            [24] 1844 	push	ar7
      0005D2 89 82            [24] 1845 	mov	dpl,r1
      0005D4 8A 83            [24] 1846 	mov	dph,r2
      0005D6 8B F0            [24] 1847 	mov	b,r3
      0005D8 EC               [12] 1848 	mov	a,r4
      0005D9 12r00r00         [24] 1849 	lcall	___fslt
      0005DC AF 82            [24] 1850 	mov	r7,dpl
      0005DE E5 81            [12] 1851 	mov	a,sp
      0005E0 24 FC            [12] 1852 	add	a,#0xfc
      0005E2 F5 81            [12] 1853 	mov	sp,a
      0005E4 EF               [12] 1854 	mov	a,r7
      0005E5 60 04            [24] 1855 	jz	00102$
                                   1856 ;	C:\Users\tonyp\Downloads\ch552-turbo-fan-ctrl\src\voltage_control.c:70: return true;
      0005E7 75 82 01         [24] 1857 	mov	dpl,#0x01
      0005EA 22               [24] 1858 	ret
      0005EB                       1859 00102$:
                                   1860 ;	C:\Users\tonyp\Downloads\ch552-turbo-fan-ctrl\src\voltage_control.c:73: return false;
      0005EB 75 82 00         [24] 1861 	mov	dpl,#0x00
                                   1862 ;	C:\Users\tonyp\Downloads\ch552-turbo-fan-ctrl\src\voltage_control.c:74: }
      0005EE 22               [24] 1863 	ret
                                   1864 ;------------------------------------------------------------
                                   1865 ;Allocation info for local variables in function 'VoltageController_lockOutput'
                                   1866 ;------------------------------------------------------------
                                   1867 ;vc                        Allocated with name '_VoltageController_lockOutput_vc_65536_194'
                                   1868 ;------------------------------------------------------------
                                   1869 ;	C:\Users\tonyp\Downloads\ch552-turbo-fan-ctrl\src\voltage_control.c:76: void VoltageController_lockOutput(VoltageController* vc) {
                                   1870 ;	-----------------------------------------
                                   1871 ;	 function VoltageController_lockOutput
                                   1872 ;	-----------------------------------------
      0005EF                       1873 _VoltageController_lockOutput:
      0005EF AF F0            [24] 1874 	mov	r7,b
      0005F1 AE 83            [24] 1875 	mov	r6,dph
      0005F3 E5 82            [12] 1876 	mov	a,dpl
      0005F5 90r00r1D         [24] 1877 	mov	dptr,#_VoltageController_lockOutput_vc_65536_194
      0005F8 F0               [24] 1878 	movx	@dptr,a
      0005F9 EE               [12] 1879 	mov	a,r6
      0005FA A3               [24] 1880 	inc	dptr
      0005FB F0               [24] 1881 	movx	@dptr,a
      0005FC EF               [12] 1882 	mov	a,r7
      0005FD A3               [24] 1883 	inc	dptr
      0005FE F0               [24] 1884 	movx	@dptr,a
                                   1885 ;	C:\Users\tonyp\Downloads\ch552-turbo-fan-ctrl\src\voltage_control.c:77: vc->is_locked = true;
      0005FF 90r00r1D         [24] 1886 	mov	dptr,#_VoltageController_lockOutput_vc_65536_194
      000602 E0               [24] 1887 	movx	a,@dptr
      000603 FD               [12] 1888 	mov	r5,a
      000604 A3               [24] 1889 	inc	dptr
      000605 E0               [24] 1890 	movx	a,@dptr
      000606 FE               [12] 1891 	mov	r6,a
      000607 A3               [24] 1892 	inc	dptr
      000608 E0               [24] 1893 	movx	a,@dptr
      000609 FF               [12] 1894 	mov	r7,a
      00060A 74 0B            [12] 1895 	mov	a,#0x0b
      00060C 2D               [12] 1896 	add	a,r5
      00060D FA               [12] 1897 	mov	r2,a
      00060E E4               [12] 1898 	clr	a
      00060F 3E               [12] 1899 	addc	a,r6
      000610 FB               [12] 1900 	mov	r3,a
      000611 8F 04            [24] 1901 	mov	ar4,r7
      000613 8A 82            [24] 1902 	mov	dpl,r2
      000615 8B 83            [24] 1903 	mov	dph,r3
      000617 8C F0            [24] 1904 	mov	b,r4
      000619 74 01            [12] 1905 	mov	a,#0x01
      00061B 12r00r00         [24] 1906 	lcall	__gptrput
                                   1907 ;	C:\Users\tonyp\Downloads\ch552-turbo-fan-ctrl\src\voltage_control.c:78: vc->current_pwm_duty = PWM_RESOLUTION;
      00061E 74 0A            [12] 1908 	mov	a,#0x0a
      000620 2D               [12] 1909 	add	a,r5
      000621 FA               [12] 1910 	mov	r2,a
      000622 E4               [12] 1911 	clr	a
      000623 3E               [12] 1912 	addc	a,r6
      000624 FB               [12] 1913 	mov	r3,a
      000625 8F 04            [24] 1914 	mov	ar4,r7
      000627 8A 82            [24] 1915 	mov	dpl,r2
      000629 8B 83            [24] 1916 	mov	dph,r3
      00062B 8C F0            [24] 1917 	mov	b,r4
      00062D 74 FF            [12] 1918 	mov	a,#0xff
      00062F 12r00r00         [24] 1919 	lcall	__gptrput
                                   1920 ;	C:\Users\tonyp\Downloads\ch552-turbo-fan-ctrl\src\voltage_control.c:79: analogWrite(vc->pwm_pin, vc->current_pwm_duty);
      000632 8D 82            [24] 1921 	mov	dpl,r5
      000634 8E 83            [24] 1922 	mov	dph,r6
      000636 8F F0            [24] 1923 	mov	b,r7
      000638 12r00r00         [24] 1924 	lcall	__gptrget
      00063B FD               [12] 1925 	mov	r5,a
      00063C 8A 82            [24] 1926 	mov	dpl,r2
      00063E 8B 83            [24] 1927 	mov	dph,r3
      000640 8C F0            [24] 1928 	mov	b,r4
      000642 12r00r00         [24] 1929 	lcall	__gptrget
      000645 90r00r00         [24] 1930 	mov	dptr,#_analogWrite_PARM_2
      000648 F0               [24] 1931 	movx	@dptr,a
      000649 E4               [12] 1932 	clr	a
      00064A A3               [24] 1933 	inc	dptr
      00064B F0               [24] 1934 	movx	@dptr,a
      00064C 8D 82            [24] 1935 	mov	dpl,r5
                                   1936 ;	C:\Users\tonyp\Downloads\ch552-turbo-fan-ctrl\src\voltage_control.c:80: }
      00064E 02r00r00         [24] 1937 	ljmp	_analogWrite
                                   1938 ;------------------------------------------------------------
                                   1939 ;Allocation info for local variables in function 'VoltageController_unlockOutput'
                                   1940 ;------------------------------------------------------------
                                   1941 ;vc                        Allocated with name '_VoltageController_unlockOutput_vc_65536_196'
                                   1942 ;------------------------------------------------------------
                                   1943 ;	C:\Users\tonyp\Downloads\ch552-turbo-fan-ctrl\src\voltage_control.c:82: void VoltageController_unlockOutput(VoltageController* vc) {
                                   1944 ;	-----------------------------------------
                                   1945 ;	 function VoltageController_unlockOutput
                                   1946 ;	-----------------------------------------
      000651                       1947 _VoltageController_unlockOutput:
      000651 AF F0            [24] 1948 	mov	r7,b
      000653 AE 83            [24] 1949 	mov	r6,dph
      000655 E5 82            [12] 1950 	mov	a,dpl
      000657 90r00r20         [24] 1951 	mov	dptr,#_VoltageController_unlockOutput_vc_65536_196
      00065A F0               [24] 1952 	movx	@dptr,a
      00065B EE               [12] 1953 	mov	a,r6
      00065C A3               [24] 1954 	inc	dptr
      00065D F0               [24] 1955 	movx	@dptr,a
      00065E EF               [12] 1956 	mov	a,r7
      00065F A3               [24] 1957 	inc	dptr
      000660 F0               [24] 1958 	movx	@dptr,a
                                   1959 ;	C:\Users\tonyp\Downloads\ch552-turbo-fan-ctrl\src\voltage_control.c:83: vc->is_locked = false;
      000661 90r00r20         [24] 1960 	mov	dptr,#_VoltageController_unlockOutput_vc_65536_196
      000664 E0               [24] 1961 	movx	a,@dptr
      000665 FD               [12] 1962 	mov	r5,a
      000666 A3               [24] 1963 	inc	dptr
      000667 E0               [24] 1964 	movx	a,@dptr
      000668 FE               [12] 1965 	mov	r6,a
      000669 A3               [24] 1966 	inc	dptr
      00066A E0               [24] 1967 	movx	a,@dptr
      00066B FF               [12] 1968 	mov	r7,a
      00066C 74 0B            [12] 1969 	mov	a,#0x0b
      00066E 2D               [12] 1970 	add	a,r5
      00066F FD               [12] 1971 	mov	r5,a
      000670 E4               [12] 1972 	clr	a
      000671 3E               [12] 1973 	addc	a,r6
      000672 FE               [12] 1974 	mov	r6,a
      000673 8D 82            [24] 1975 	mov	dpl,r5
      000675 8E 83            [24] 1976 	mov	dph,r6
      000677 8F F0            [24] 1977 	mov	b,r7
      000679 E4               [12] 1978 	clr	a
                                   1979 ;	C:\Users\tonyp\Downloads\ch552-turbo-fan-ctrl\src\voltage_control.c:84: }
      00067A 02r00r00         [24] 1980 	ljmp	__gptrput
                                   1981 ;------------------------------------------------------------
                                   1982 ;Allocation info for local variables in function 'VoltageController_getTargetVoltage'
                                   1983 ;------------------------------------------------------------
                                   1984 ;vc                        Allocated with name '_VoltageController_getTargetVoltage_vc_65536_198'
                                   1985 ;------------------------------------------------------------
                                   1986 ;	C:\Users\tonyp\Downloads\ch552-turbo-fan-ctrl\src\voltage_control.c:86: float VoltageController_getTargetVoltage(const VoltageController* vc) {
                                   1987 ;	-----------------------------------------
                                   1988 ;	 function VoltageController_getTargetVoltage
                                   1989 ;	-----------------------------------------
      00067D                       1990 _VoltageController_getTargetVoltage:
      00067D AF F0            [24] 1991 	mov	r7,b
      00067F AE 83            [24] 1992 	mov	r6,dph
      000681 E5 82            [12] 1993 	mov	a,dpl
      000683 90r00r23         [24] 1994 	mov	dptr,#_VoltageController_getTargetVoltage_vc_65536_198
      000686 F0               [24] 1995 	movx	@dptr,a
      000687 EE               [12] 1996 	mov	a,r6
      000688 A3               [24] 1997 	inc	dptr
      000689 F0               [24] 1998 	movx	@dptr,a
      00068A EF               [12] 1999 	mov	a,r7
      00068B A3               [24] 2000 	inc	dptr
      00068C F0               [24] 2001 	movx	@dptr,a
                                   2002 ;	C:\Users\tonyp\Downloads\ch552-turbo-fan-ctrl\src\voltage_control.c:87: return vc->target_voltage;
      00068D 90r00r23         [24] 2003 	mov	dptr,#_VoltageController_getTargetVoltage_vc_65536_198
      000690 E0               [24] 2004 	movx	a,@dptr
      000691 FD               [12] 2005 	mov	r5,a
      000692 A3               [24] 2006 	inc	dptr
      000693 E0               [24] 2007 	movx	a,@dptr
      000694 FE               [12] 2008 	mov	r6,a
      000695 A3               [24] 2009 	inc	dptr
      000696 E0               [24] 2010 	movx	a,@dptr
      000697 FF               [12] 2011 	mov	r7,a
      000698 74 02            [12] 2012 	mov	a,#0x02
      00069A 2D               [12] 2013 	add	a,r5
      00069B FD               [12] 2014 	mov	r5,a
      00069C E4               [12] 2015 	clr	a
      00069D 3E               [12] 2016 	addc	a,r6
      00069E FE               [12] 2017 	mov	r6,a
      00069F 8D 82            [24] 2018 	mov	dpl,r5
      0006A1 8E 83            [24] 2019 	mov	dph,r6
      0006A3 8F F0            [24] 2020 	mov	b,r7
      0006A5 12r00r00         [24] 2021 	lcall	__gptrget
      0006A8 FD               [12] 2022 	mov	r5,a
      0006A9 A3               [24] 2023 	inc	dptr
      0006AA 12r00r00         [24] 2024 	lcall	__gptrget
      0006AD FE               [12] 2025 	mov	r6,a
      0006AE A3               [24] 2026 	inc	dptr
      0006AF 12r00r00         [24] 2027 	lcall	__gptrget
      0006B2 FF               [12] 2028 	mov	r7,a
      0006B3 A3               [24] 2029 	inc	dptr
      0006B4 12r00r00         [24] 2030 	lcall	__gptrget
      0006B7 8D 82            [24] 2031 	mov	dpl,r5
      0006B9 8E 83            [24] 2032 	mov	dph,r6
      0006BB 8F F0            [24] 2033 	mov	b,r7
                                   2034 ;	C:\Users\tonyp\Downloads\ch552-turbo-fan-ctrl\src\voltage_control.c:88: }
      0006BD 22               [24] 2035 	ret
                                   2036 ;------------------------------------------------------------
                                   2037 ;Allocation info for local variables in function 'VoltageController_getCurrentVoltage'
                                   2038 ;------------------------------------------------------------
                                   2039 ;vc                        Allocated with name '_VoltageController_getCurrentVoltage_vc_65536_200'
                                   2040 ;------------------------------------------------------------
                                   2041 ;	C:\Users\tonyp\Downloads\ch552-turbo-fan-ctrl\src\voltage_control.c:90: float VoltageController_getCurrentVoltage(const VoltageController* vc) {
                                   2042 ;	-----------------------------------------
                                   2043 ;	 function VoltageController_getCurrentVoltage
                                   2044 ;	-----------------------------------------
      0006BE                       2045 _VoltageController_getCurrentVoltage:
      0006BE AF F0            [24] 2046 	mov	r7,b
      0006C0 AE 83            [24] 2047 	mov	r6,dph
      0006C2 E5 82            [12] 2048 	mov	a,dpl
      0006C4 90r00r26         [24] 2049 	mov	dptr,#_VoltageController_getCurrentVoltage_vc_65536_200
      0006C7 F0               [24] 2050 	movx	@dptr,a
      0006C8 EE               [12] 2051 	mov	a,r6
      0006C9 A3               [24] 2052 	inc	dptr
      0006CA F0               [24] 2053 	movx	@dptr,a
      0006CB EF               [12] 2054 	mov	a,r7
      0006CC A3               [24] 2055 	inc	dptr
      0006CD F0               [24] 2056 	movx	@dptr,a
                                   2057 ;	C:\Users\tonyp\Downloads\ch552-turbo-fan-ctrl\src\voltage_control.c:91: return vc->current_voltage;
      0006CE 90r00r26         [24] 2058 	mov	dptr,#_VoltageController_getCurrentVoltage_vc_65536_200
      0006D1 E0               [24] 2059 	movx	a,@dptr
      0006D2 FD               [12] 2060 	mov	r5,a
      0006D3 A3               [24] 2061 	inc	dptr
      0006D4 E0               [24] 2062 	movx	a,@dptr
      0006D5 FE               [12] 2063 	mov	r6,a
      0006D6 A3               [24] 2064 	inc	dptr
      0006D7 E0               [24] 2065 	movx	a,@dptr
      0006D8 FF               [12] 2066 	mov	r7,a
      0006D9 74 06            [12] 2067 	mov	a,#0x06
      0006DB 2D               [12] 2068 	add	a,r5
      0006DC FD               [12] 2069 	mov	r5,a
      0006DD E4               [12] 2070 	clr	a
      0006DE 3E               [12] 2071 	addc	a,r6
      0006DF FE               [12] 2072 	mov	r6,a
      0006E0 8D 82            [24] 2073 	mov	dpl,r5
      0006E2 8E 83            [24] 2074 	mov	dph,r6
      0006E4 8F F0            [24] 2075 	mov	b,r7
      0006E6 12r00r00         [24] 2076 	lcall	__gptrget
      0006E9 FD               [12] 2077 	mov	r5,a
      0006EA A3               [24] 2078 	inc	dptr
      0006EB 12r00r00         [24] 2079 	lcall	__gptrget
      0006EE FE               [12] 2080 	mov	r6,a
      0006EF A3               [24] 2081 	inc	dptr
      0006F0 12r00r00         [24] 2082 	lcall	__gptrget
      0006F3 FF               [12] 2083 	mov	r7,a
      0006F4 A3               [24] 2084 	inc	dptr
      0006F5 12r00r00         [24] 2085 	lcall	__gptrget
      0006F8 8D 82            [24] 2086 	mov	dpl,r5
      0006FA 8E 83            [24] 2087 	mov	dph,r6
      0006FC 8F F0            [24] 2088 	mov	b,r7
                                   2089 ;	C:\Users\tonyp\Downloads\ch552-turbo-fan-ctrl\src\voltage_control.c:92: }
      0006FE 22               [24] 2090 	ret
                                   2091 ;------------------------------------------------------------
                                   2092 ;Allocation info for local variables in function 'VoltageController_getPWMDuty'
                                   2093 ;------------------------------------------------------------
                                   2094 ;vc                        Allocated with name '_VoltageController_getPWMDuty_vc_65536_202'
                                   2095 ;------------------------------------------------------------
                                   2096 ;	C:\Users\tonyp\Downloads\ch552-turbo-fan-ctrl\src\voltage_control.c:94: uint8_t VoltageController_getPWMDuty(const VoltageController* vc) {
                                   2097 ;	-----------------------------------------
                                   2098 ;	 function VoltageController_getPWMDuty
                                   2099 ;	-----------------------------------------
      0006FF                       2100 _VoltageController_getPWMDuty:
      0006FF AF F0            [24] 2101 	mov	r7,b
      000701 AE 83            [24] 2102 	mov	r6,dph
      000703 E5 82            [12] 2103 	mov	a,dpl
      000705 90r00r29         [24] 2104 	mov	dptr,#_VoltageController_getPWMDuty_vc_65536_202
      000708 F0               [24] 2105 	movx	@dptr,a
      000709 EE               [12] 2106 	mov	a,r6
      00070A A3               [24] 2107 	inc	dptr
      00070B F0               [24] 2108 	movx	@dptr,a
      00070C EF               [12] 2109 	mov	a,r7
      00070D A3               [24] 2110 	inc	dptr
      00070E F0               [24] 2111 	movx	@dptr,a
                                   2112 ;	C:\Users\tonyp\Downloads\ch552-turbo-fan-ctrl\src\voltage_control.c:95: return vc->current_pwm_duty;
      00070F 90r00r29         [24] 2113 	mov	dptr,#_VoltageController_getPWMDuty_vc_65536_202
      000712 E0               [24] 2114 	movx	a,@dptr
      000713 FD               [12] 2115 	mov	r5,a
      000714 A3               [24] 2116 	inc	dptr
      000715 E0               [24] 2117 	movx	a,@dptr
      000716 FE               [12] 2118 	mov	r6,a
      000717 A3               [24] 2119 	inc	dptr
      000718 E0               [24] 2120 	movx	a,@dptr
      000719 FF               [12] 2121 	mov	r7,a
      00071A 74 0A            [12] 2122 	mov	a,#0x0a
      00071C 2D               [12] 2123 	add	a,r5
      00071D FD               [12] 2124 	mov	r5,a
      00071E E4               [12] 2125 	clr	a
      00071F 3E               [12] 2126 	addc	a,r6
      000720 FE               [12] 2127 	mov	r6,a
      000721 8D 82            [24] 2128 	mov	dpl,r5
      000723 8E 83            [24] 2129 	mov	dph,r6
      000725 8F F0            [24] 2130 	mov	b,r7
      000727 12r00r00         [24] 2131 	lcall	__gptrget
                                   2132 ;	C:\Users\tonyp\Downloads\ch552-turbo-fan-ctrl\src\voltage_control.c:96: }
      00072A F5 82            [12] 2133 	mov	dpl,a
      00072C 22               [24] 2134 	ret
                                   2135 ;------------------------------------------------------------
                                   2136 ;Allocation info for local variables in function 'VoltageController_isLocked'
                                   2137 ;------------------------------------------------------------
                                   2138 ;vc                        Allocated with name '_VoltageController_isLocked_vc_65536_204'
                                   2139 ;------------------------------------------------------------
                                   2140 ;	C:\Users\tonyp\Downloads\ch552-turbo-fan-ctrl\src\voltage_control.c:98: bool VoltageController_isLocked(const VoltageController* vc) {
                                   2141 ;	-----------------------------------------
                                   2142 ;	 function VoltageController_isLocked
                                   2143 ;	-----------------------------------------
      00072D                       2144 _VoltageController_isLocked:
      00072D AF F0            [24] 2145 	mov	r7,b
      00072F AE 83            [24] 2146 	mov	r6,dph
      000731 E5 82            [12] 2147 	mov	a,dpl
      000733 90r00r2C         [24] 2148 	mov	dptr,#_VoltageController_isLocked_vc_65536_204
      000736 F0               [24] 2149 	movx	@dptr,a
      000737 EE               [12] 2150 	mov	a,r6
      000738 A3               [24] 2151 	inc	dptr
      000739 F0               [24] 2152 	movx	@dptr,a
      00073A EF               [12] 2153 	mov	a,r7
      00073B A3               [24] 2154 	inc	dptr
      00073C F0               [24] 2155 	movx	@dptr,a
                                   2156 ;	C:\Users\tonyp\Downloads\ch552-turbo-fan-ctrl\src\voltage_control.c:99: return vc->is_locked;
      00073D 90r00r2C         [24] 2157 	mov	dptr,#_VoltageController_isLocked_vc_65536_204
      000740 E0               [24] 2158 	movx	a,@dptr
      000741 FD               [12] 2159 	mov	r5,a
      000742 A3               [24] 2160 	inc	dptr
      000743 E0               [24] 2161 	movx	a,@dptr
      000744 FE               [12] 2162 	mov	r6,a
      000745 A3               [24] 2163 	inc	dptr
      000746 E0               [24] 2164 	movx	a,@dptr
      000747 FF               [12] 2165 	mov	r7,a
      000748 74 0B            [12] 2166 	mov	a,#0x0b
      00074A 2D               [12] 2167 	add	a,r5
      00074B FD               [12] 2168 	mov	r5,a
      00074C E4               [12] 2169 	clr	a
      00074D 3E               [12] 2170 	addc	a,r6
      00074E FE               [12] 2171 	mov	r6,a
      00074F 8D 82            [24] 2172 	mov	dpl,r5
      000751 8E 83            [24] 2173 	mov	dph,r6
      000753 8F F0            [24] 2174 	mov	b,r7
      000755 12r00r00         [24] 2175 	lcall	__gptrget
                                   2176 ;	C:\Users\tonyp\Downloads\ch552-turbo-fan-ctrl\src\voltage_control.c:100: }
      000758 F5 82            [12] 2177 	mov	dpl,a
      00075A 22               [24] 2178 	ret
                                   2179 	.area CSEG    (CODE)
                                   2180 	.area CONST   (CODE)
                                   2181 	.area XINIT   (CODE)
                                   2182 	.area CABS    (ABS,CODE)
