                                      1 ;--------------------------------------------------------
                                      2 ; File Created by SDCC : free open source ISO C Compiler 
                                      3 ; Version 4.2.2 #13407 (MINGW32)
                                      4 ;--------------------------------------------------------
                                      5 	.module USBCDC
                                      6 	.optsdcc -mmcs51 --model-large
                                      7 	
                                      8 ;--------------------------------------------------------
                                      9 ; Public variables in this module
                                     10 ;--------------------------------------------------------
                                     11 	.globl _USB_EP2_OUT
                                     12 	.globl _USB_EP2_IN
                                     13 	.globl _USBSerial_read
                                     14 	.globl _USBSerial_available
                                     15 	.globl _USBSerial_print_n
                                     16 	.globl _USBSerial_write
                                     17 	.globl _USBSerial_flush
                                     18 	.globl _USBSerial
                                     19 	.globl _USBSerial_wait_UpPoint2BusyFlag_clear
                                     20 	.globl _setControlLineStateHandler
                                     21 	.globl _getLineCodingHandler
                                     22 	.globl _setLineCodingHandler
                                     23 	.globl _resetCDCParameters
                                     24 	.globl _delayMicroseconds
                                     25 	.globl _UIF_BUS_RST
                                     26 	.globl _UIF_DETECT
                                     27 	.globl _UIF_TRANSFER
                                     28 	.globl _UIF_SUSPEND
                                     29 	.globl _UIF_HST_SOF
                                     30 	.globl _UIF_FIFO_OV
                                     31 	.globl _U_SIE_FREE
                                     32 	.globl _U_TOG_OK
                                     33 	.globl _U_IS_NAK
                                     34 	.globl _S0_R_FIFO0
                                     35 	.globl _S0_R_FIFO1
                                     36 	.globl _S0_T_FIFO
                                     37 	.globl _S0_FREE
                                     38 	.globl _S0_IF_BYTE
                                     39 	.globl _S0_IF_FIRST
                                     40 	.globl _S0_IF_OV
                                     41 	.globl _S0_FST_ACT
                                     42 	.globl _CP_RL2
                                     43 	.globl _C_T2
                                     44 	.globl _TR2
                                     45 	.globl _EXEN2
                                     46 	.globl _TCLK
                                     47 	.globl _RCLK
                                     48 	.globl _EXF2
                                     49 	.globl _CAP1F
                                     50 	.globl _TF2
                                     51 	.globl _RI
                                     52 	.globl _TI
                                     53 	.globl _RB8
                                     54 	.globl _TB8
                                     55 	.globl _REN
                                     56 	.globl _SM2
                                     57 	.globl _SM1
                                     58 	.globl _SM0
                                     59 	.globl _IT0
                                     60 	.globl _IE0
                                     61 	.globl _IT1
                                     62 	.globl _IE1
                                     63 	.globl _TR0
                                     64 	.globl _TF0
                                     65 	.globl _TR1
                                     66 	.globl _TF1
                                     67 	.globl _P4_OUT_0
                                     68 	.globl _P4_OUT_1
                                     69 	.globl _P4_OUT_2
                                     70 	.globl _P4_OUT_3
                                     71 	.globl _P4_OUT_4
                                     72 	.globl _P4_OUT_5
                                     73 	.globl _P4_OUT_6
                                     74 	.globl _P4_OUT_7
                                     75 	.globl _RXD1_
                                     76 	.globl _LED2
                                     77 	.globl _CAP3_
                                     78 	.globl _PWM3_
                                     79 	.globl _PWM1_
                                     80 	.globl _TXD1_
                                     81 	.globl _TNOW_
                                     82 	.globl _LED3
                                     83 	.globl _PWM2_
                                     84 	.globl _SCS_
                                     85 	.globl _SCK_
                                     86 	.globl _P3_0
                                     87 	.globl _P3_1
                                     88 	.globl _P3_2
                                     89 	.globl _P3_3
                                     90 	.globl _P3_4
                                     91 	.globl _P3_5
                                     92 	.globl _P3_6
                                     93 	.globl _P3_7
                                     94 	.globl _RXD
                                     95 	.globl _TXD
                                     96 	.globl _INT0
                                     97 	.globl _LED0
                                     98 	.globl _INT1
                                     99 	.globl _LED1
                                    100 	.globl _T0
                                    101 	.globl _XCS0
                                    102 	.globl _LEDC
                                    103 	.globl _T1
                                    104 	.globl _DA6
                                    105 	.globl _WR
                                    106 	.globl _RD
                                    107 	.globl _P2_0
                                    108 	.globl _P2_1
                                    109 	.globl _P2_2
                                    110 	.globl _P2_3
                                    111 	.globl _P2_4
                                    112 	.globl _P2_5
                                    113 	.globl _P2_6
                                    114 	.globl _P2_7
                                    115 	.globl _MOSI1
                                    116 	.globl _MISO1
                                    117 	.globl _SCK1
                                    118 	.globl _PWM1
                                    119 	.globl _CAP2_
                                    120 	.globl _T2EX_
                                    121 	.globl _PWM2
                                    122 	.globl _TNOW
                                    123 	.globl _RXD1
                                    124 	.globl _DA7
                                    125 	.globl _TXD1
                                    126 	.globl _P1_0
                                    127 	.globl _P1_1
                                    128 	.globl _P1_2
                                    129 	.globl _P1_3
                                    130 	.globl _P1_4
                                    131 	.globl _P1_5
                                    132 	.globl _P1_6
                                    133 	.globl _P1_7
                                    134 	.globl _CAP1
                                    135 	.globl _T2
                                    136 	.globl _CAP2
                                    137 	.globl _T2EX
                                    138 	.globl _CAP3
                                    139 	.globl _PWM3
                                    140 	.globl _SCS
                                    141 	.globl _MOSI
                                    142 	.globl _MISO
                                    143 	.globl _SCK
                                    144 	.globl _AIN0
                                    145 	.globl _AIN1
                                    146 	.globl _AIN2
                                    147 	.globl _AIN3
                                    148 	.globl _AIN4
                                    149 	.globl _AIN5
                                    150 	.globl _AIN6
                                    151 	.globl _AIN7
                                    152 	.globl _P0_0
                                    153 	.globl _P0_1
                                    154 	.globl _P0_2
                                    155 	.globl _P0_3
                                    156 	.globl _P0_4
                                    157 	.globl _P0_5
                                    158 	.globl _P0_6
                                    159 	.globl _P0_7
                                    160 	.globl _UDTR
                                    161 	.globl _URTS
                                    162 	.globl _RXD_
                                    163 	.globl _TXD_
                                    164 	.globl _UCTS
                                    165 	.globl _UDSR
                                    166 	.globl _URI
                                    167 	.globl _UDCD
                                    168 	.globl _IE_SPI0
                                    169 	.globl _IE_TMR3
                                    170 	.globl _IE_USB
                                    171 	.globl _IE_ADC
                                    172 	.globl _IE_UART1
                                    173 	.globl _IE_PWM1
                                    174 	.globl _IE_GPIO
                                    175 	.globl _IE_WDOG
                                    176 	.globl _PX0
                                    177 	.globl _PT0
                                    178 	.globl _PX1
                                    179 	.globl _PT1
                                    180 	.globl _PS
                                    181 	.globl _PT2
                                    182 	.globl _PL_FLAG
                                    183 	.globl _PH_FLAG
                                    184 	.globl _EX0
                                    185 	.globl _ET0
                                    186 	.globl _EX1
                                    187 	.globl _ET1
                                    188 	.globl _ES
                                    189 	.globl _ET2
                                    190 	.globl _E_DIS
                                    191 	.globl _EA
                                    192 	.globl _P
                                    193 	.globl _F1
                                    194 	.globl _OV
                                    195 	.globl _RS0
                                    196 	.globl _RS1
                                    197 	.globl _F0
                                    198 	.globl _AC
                                    199 	.globl _CY
                                    200 	.globl _USB_DMA_AH
                                    201 	.globl _USB_DMA_AL
                                    202 	.globl _USB_DMA
                                    203 	.globl _UHUB1_CTRL
                                    204 	.globl _UDEV_CTRL
                                    205 	.globl _USB_DEV_AD
                                    206 	.globl _USB_CTRL
                                    207 	.globl _USB_INT_EN
                                    208 	.globl _UEP4_T_LEN
                                    209 	.globl _UEP4_CTRL
                                    210 	.globl _UEP0_T_LEN
                                    211 	.globl _UEP0_CTRL
                                    212 	.globl _USB_HUB_ST
                                    213 	.globl _USB_MIS_ST
                                    214 	.globl _USB_INT_ST
                                    215 	.globl _USB_INT_FG
                                    216 	.globl _UEP3_T_LEN
                                    217 	.globl _UEP3_CTRL
                                    218 	.globl _UEP2_T_LEN
                                    219 	.globl _UEP2_CTRL
                                    220 	.globl _UEP1_T_LEN
                                    221 	.globl _UEP1_CTRL
                                    222 	.globl _USB_RX_LEN
                                    223 	.globl _ADC_EX_SW
                                    224 	.globl _ADC_SETUP
                                    225 	.globl _ADC_FIFO_H
                                    226 	.globl _ADC_FIFO_L
                                    227 	.globl _ADC_FIFO
                                    228 	.globl _ADC_CHANN
                                    229 	.globl _ADC_CTRL
                                    230 	.globl _ADC_STAT
                                    231 	.globl _ADC_CK_SE
                                    232 	.globl _ADC_DMA_CN
                                    233 	.globl _ADC_DMA_AH
                                    234 	.globl _ADC_DMA_AL
                                    235 	.globl _ADC_DMA
                                    236 	.globl _SER1_ADDR
                                    237 	.globl _SER1_MSR
                                    238 	.globl _SER1_LSR
                                    239 	.globl _SER1_MCR
                                    240 	.globl _SER1_LCR
                                    241 	.globl _SER1_IIR
                                    242 	.globl _SER1_IER
                                    243 	.globl _SER1_FIFO
                                    244 	.globl _SPI1_CK_SE
                                    245 	.globl _SPI1_CTRL
                                    246 	.globl _SPI1_DATA
                                    247 	.globl _SPI1_STAT
                                    248 	.globl _SPI0_SETUP
                                    249 	.globl _SPI0_CK_SE
                                    250 	.globl _SPI0_CTRL
                                    251 	.globl _SPI0_DATA
                                    252 	.globl _SPI0_STAT
                                    253 	.globl _PWM_CYCLE
                                    254 	.globl _PWM_CK_SE
                                    255 	.globl _PWM_CTRL
                                    256 	.globl _PWM_DATA
                                    257 	.globl _PWM_DATA2
                                    258 	.globl _T3_FIFO_H
                                    259 	.globl _T3_FIFO_L
                                    260 	.globl _T3_FIFO
                                    261 	.globl _T3_DMA_AH
                                    262 	.globl _T3_DMA_AL
                                    263 	.globl _T3_DMA
                                    264 	.globl _T3_DMA_CN
                                    265 	.globl _T3_CTRL
                                    266 	.globl _T3_STAT
                                    267 	.globl _T3_END_H
                                    268 	.globl _T3_END_L
                                    269 	.globl _T3_END
                                    270 	.globl _T3_COUNT_H
                                    271 	.globl _T3_COUNT_L
                                    272 	.globl _T3_COUNT
                                    273 	.globl _T3_SETUP
                                    274 	.globl _TH2
                                    275 	.globl _TL2
                                    276 	.globl _T2COUNT
                                    277 	.globl _RCAP2H
                                    278 	.globl _RCAP2L
                                    279 	.globl _RCAP2
                                    280 	.globl _T2MOD
                                    281 	.globl _T2CON
                                    282 	.globl _SBUF
                                    283 	.globl _SCON
                                    284 	.globl _TH1
                                    285 	.globl _TH0
                                    286 	.globl _TL1
                                    287 	.globl _TL0
                                    288 	.globl _TMOD
                                    289 	.globl _TCON
                                    290 	.globl _XBUS_SPEED
                                    291 	.globl _XBUS_AUX
                                    292 	.globl _PIN_FUNC
                                    293 	.globl _PORT_CFG
                                    294 	.globl _P5_IN
                                    295 	.globl _P4_PU
                                    296 	.globl _P4_DIR
                                    297 	.globl _P4_IN
                                    298 	.globl _P4_OUT
                                    299 	.globl _P3_PU
                                    300 	.globl _P3_DIR
                                    301 	.globl _P3
                                    302 	.globl _P2_PU
                                    303 	.globl _P2_DIR
                                    304 	.globl _P2
                                    305 	.globl _P1_PU
                                    306 	.globl _P1_DIR
                                    307 	.globl _P1_IE
                                    308 	.globl _P1
                                    309 	.globl _P0_PU
                                    310 	.globl _P0_DIR
                                    311 	.globl _P0
                                    312 	.globl _ROM_CTRL
                                    313 	.globl _ROM_DATA_H
                                    314 	.globl _ROM_DATA_L
                                    315 	.globl _ROM_DATA
                                    316 	.globl _ROM_ADDR_H
                                    317 	.globl _ROM_ADDR_L
                                    318 	.globl _ROM_ADDR
                                    319 	.globl _GPIO_IE
                                    320 	.globl _IP_EX
                                    321 	.globl _IE_EX
                                    322 	.globl _IP
                                    323 	.globl _IE
                                    324 	.globl _WDOG_COUNT
                                    325 	.globl _RESET_KEEP
                                    326 	.globl _WAKE_CTRL
                                    327 	.globl _SLEEP_CTRL
                                    328 	.globl _CLOCK_CFG
                                    329 	.globl _PLL_CFG
                                    330 	.globl _PCON
                                    331 	.globl _GLOBAL_CFG
                                    332 	.globl _SAFE_MOD
                                    333 	.globl _DPH
                                    334 	.globl _DPL
                                    335 	.globl _SP
                                    336 	.globl _B
                                    337 	.globl _ACC
                                    338 	.globl _PSW
                                    339 	.globl _usbWritePointer
                                    340 	.globl _controlLineState
                                    341 	.globl _USBBufOutPointEP2
                                    342 	.globl _USBByteCountEP2
                                    343 	.globl _LineCoding
                                    344 	.globl _USBSerial_print_n_PARM_2
                                    345 	.globl _LED_DMA_XL
                                    346 	.globl _LED_DMA_XH
                                    347 	.globl _LED_DMA_CN
                                    348 	.globl _LED_DMA_AL
                                    349 	.globl _LED_DMA_AH
                                    350 	.globl _LED_CK_SE
                                    351 	.globl _LED_DATA
                                    352 	.globl _LED_CTRL
                                    353 	.globl _LED_STAT
                                    354 	.globl _UEP3_DMA_L
                                    355 	.globl _UEP3_DMA_H
                                    356 	.globl _UEP2_DMA_L
                                    357 	.globl _UEP2_DMA_H
                                    358 	.globl _UEP1_DMA_L
                                    359 	.globl _UEP1_DMA_H
                                    360 	.globl _UEP0_DMA_L
                                    361 	.globl _UEP0_DMA_H
                                    362 	.globl _UEP2_3_MOD
                                    363 	.globl _UEP4_1_MOD
                                    364 	.globl _pLED_DMA_XL
                                    365 	.globl _pLED_DMA_XH
                                    366 	.globl _pLED_DMA_CN
                                    367 	.globl _pLED_DMA_AL
                                    368 	.globl _pLED_DMA_AH
                                    369 	.globl _pLED_CK_SE
                                    370 	.globl _pLED_DATA
                                    371 	.globl _pLED_CTRL
                                    372 	.globl _pLED_STAT
                                    373 	.globl _pUEP3_DMA_L
                                    374 	.globl _pUEP3_DMA_H
                                    375 	.globl _pUEP2_DMA_L
                                    376 	.globl _pUEP2_DMA_H
                                    377 	.globl _pUEP1_DMA_L
                                    378 	.globl _pUEP1_DMA_H
                                    379 	.globl _pUEP0_DMA_L
                                    380 	.globl _pUEP0_DMA_H
                                    381 	.globl _pUEP2_3_MOD
                                    382 	.globl _pUEP4_1_MOD
                                    383 	.globl _UpPoint2BusyFlag
                                    384 ;--------------------------------------------------------
                                    385 ; special function registers
                                    386 ;--------------------------------------------------------
                                    387 	.area RSEG    (ABS,DATA)
      000000                        388 	.org 0x0000
                           0000D0   389 _PSW	=	0x00d0
                           0000E0   390 _ACC	=	0x00e0
                           0000F0   391 _B	=	0x00f0
                           000081   392 _SP	=	0x0081
                           000082   393 _DPL	=	0x0082
                           000083   394 _DPH	=	0x0083
                           0000A1   395 _SAFE_MOD	=	0x00a1
                           0000B1   396 _GLOBAL_CFG	=	0x00b1
                           000087   397 _PCON	=	0x0087
                           0000B2   398 _PLL_CFG	=	0x00b2
                           0000B3   399 _CLOCK_CFG	=	0x00b3
                           0000EA   400 _SLEEP_CTRL	=	0x00ea
                           0000EB   401 _WAKE_CTRL	=	0x00eb
                           0000FE   402 _RESET_KEEP	=	0x00fe
                           0000FF   403 _WDOG_COUNT	=	0x00ff
                           0000A8   404 _IE	=	0x00a8
                           0000B8   405 _IP	=	0x00b8
                           0000E8   406 _IE_EX	=	0x00e8
                           0000E9   407 _IP_EX	=	0x00e9
                           0000CF   408 _GPIO_IE	=	0x00cf
                           008584   409 _ROM_ADDR	=	0x8584
                           000084   410 _ROM_ADDR_L	=	0x0084
                           000085   411 _ROM_ADDR_H	=	0x0085
                           008F8E   412 _ROM_DATA	=	0x8f8e
                           00008E   413 _ROM_DATA_L	=	0x008e
                           00008F   414 _ROM_DATA_H	=	0x008f
                           000086   415 _ROM_CTRL	=	0x0086
                           000080   416 _P0	=	0x0080
                           0000C4   417 _P0_DIR	=	0x00c4
                           0000C5   418 _P0_PU	=	0x00c5
                           000090   419 _P1	=	0x0090
                           0000B9   420 _P1_IE	=	0x00b9
                           0000BA   421 _P1_DIR	=	0x00ba
                           0000BB   422 _P1_PU	=	0x00bb
                           0000A0   423 _P2	=	0x00a0
                           0000BC   424 _P2_DIR	=	0x00bc
                           0000BD   425 _P2_PU	=	0x00bd
                           0000B0   426 _P3	=	0x00b0
                           0000BE   427 _P3_DIR	=	0x00be
                           0000BF   428 _P3_PU	=	0x00bf
                           0000C0   429 _P4_OUT	=	0x00c0
                           0000C1   430 _P4_IN	=	0x00c1
                           0000C2   431 _P4_DIR	=	0x00c2
                           0000C3   432 _P4_PU	=	0x00c3
                           0000C7   433 _P5_IN	=	0x00c7
                           0000C6   434 _PORT_CFG	=	0x00c6
                           0000CE   435 _PIN_FUNC	=	0x00ce
                           0000A2   436 _XBUS_AUX	=	0x00a2
                           0000FD   437 _XBUS_SPEED	=	0x00fd
                           000088   438 _TCON	=	0x0088
                           000089   439 _TMOD	=	0x0089
                           00008A   440 _TL0	=	0x008a
                           00008B   441 _TL1	=	0x008b
                           00008C   442 _TH0	=	0x008c
                           00008D   443 _TH1	=	0x008d
                           000098   444 _SCON	=	0x0098
                           000099   445 _SBUF	=	0x0099
                           0000C8   446 _T2CON	=	0x00c8
                           0000C9   447 _T2MOD	=	0x00c9
                           00CBCA   448 _RCAP2	=	0xcbca
                           0000CA   449 _RCAP2L	=	0x00ca
                           0000CB   450 _RCAP2H	=	0x00cb
                           00CDCC   451 _T2COUNT	=	0xcdcc
                           0000CC   452 _TL2	=	0x00cc
                           0000CD   453 _TH2	=	0x00cd
                           0000A3   454 _T3_SETUP	=	0x00a3
                           00A5A4   455 _T3_COUNT	=	0xa5a4
                           0000A4   456 _T3_COUNT_L	=	0x00a4
                           0000A5   457 _T3_COUNT_H	=	0x00a5
                           00A7A6   458 _T3_END	=	0xa7a6
                           0000A6   459 _T3_END_L	=	0x00a6
                           0000A7   460 _T3_END_H	=	0x00a7
                           0000A9   461 _T3_STAT	=	0x00a9
                           0000AA   462 _T3_CTRL	=	0x00aa
                           0000AB   463 _T3_DMA_CN	=	0x00ab
                           00ADAC   464 _T3_DMA	=	0xadac
                           0000AC   465 _T3_DMA_AL	=	0x00ac
                           0000AD   466 _T3_DMA_AH	=	0x00ad
                           00AFAE   467 _T3_FIFO	=	0xafae
                           0000AE   468 _T3_FIFO_L	=	0x00ae
                           0000AF   469 _T3_FIFO_H	=	0x00af
                           00009B   470 _PWM_DATA2	=	0x009b
                           00009C   471 _PWM_DATA	=	0x009c
                           00009D   472 _PWM_CTRL	=	0x009d
                           00009E   473 _PWM_CK_SE	=	0x009e
                           00009F   474 _PWM_CYCLE	=	0x009f
                           0000F8   475 _SPI0_STAT	=	0x00f8
                           0000F9   476 _SPI0_DATA	=	0x00f9
                           0000FA   477 _SPI0_CTRL	=	0x00fa
                           0000FB   478 _SPI0_CK_SE	=	0x00fb
                           0000FC   479 _SPI0_SETUP	=	0x00fc
                           0000B4   480 _SPI1_STAT	=	0x00b4
                           0000B5   481 _SPI1_DATA	=	0x00b5
                           0000B6   482 _SPI1_CTRL	=	0x00b6
                           0000B7   483 _SPI1_CK_SE	=	0x00b7
                           00009A   484 _SER1_FIFO	=	0x009a
                           000091   485 _SER1_IER	=	0x0091
                           000092   486 _SER1_IIR	=	0x0092
                           000093   487 _SER1_LCR	=	0x0093
                           000094   488 _SER1_MCR	=	0x0094
                           000095   489 _SER1_LSR	=	0x0095
                           000096   490 _SER1_MSR	=	0x0096
                           000097   491 _SER1_ADDR	=	0x0097
                           00EDEC   492 _ADC_DMA	=	0xedec
                           0000EC   493 _ADC_DMA_AL	=	0x00ec
                           0000ED   494 _ADC_DMA_AH	=	0x00ed
                           0000EE   495 _ADC_DMA_CN	=	0x00ee
                           0000EF   496 _ADC_CK_SE	=	0x00ef
                           0000F1   497 _ADC_STAT	=	0x00f1
                           0000F2   498 _ADC_CTRL	=	0x00f2
                           0000F3   499 _ADC_CHANN	=	0x00f3
                           00F5F4   500 _ADC_FIFO	=	0xf5f4
                           0000F4   501 _ADC_FIFO_L	=	0x00f4
                           0000F5   502 _ADC_FIFO_H	=	0x00f5
                           0000F6   503 _ADC_SETUP	=	0x00f6
                           0000F7   504 _ADC_EX_SW	=	0x00f7
                           0000D1   505 _USB_RX_LEN	=	0x00d1
                           0000D2   506 _UEP1_CTRL	=	0x00d2
                           0000D3   507 _UEP1_T_LEN	=	0x00d3
                           0000D4   508 _UEP2_CTRL	=	0x00d4
                           0000D5   509 _UEP2_T_LEN	=	0x00d5
                           0000D6   510 _UEP3_CTRL	=	0x00d6
                           0000D7   511 _UEP3_T_LEN	=	0x00d7
                           0000D8   512 _USB_INT_FG	=	0x00d8
                           0000D9   513 _USB_INT_ST	=	0x00d9
                           0000DA   514 _USB_MIS_ST	=	0x00da
                           0000DB   515 _USB_HUB_ST	=	0x00db
                           0000DC   516 _UEP0_CTRL	=	0x00dc
                           0000DD   517 _UEP0_T_LEN	=	0x00dd
                           0000DE   518 _UEP4_CTRL	=	0x00de
                           0000DF   519 _UEP4_T_LEN	=	0x00df
                           0000E1   520 _USB_INT_EN	=	0x00e1
                           0000E2   521 _USB_CTRL	=	0x00e2
                           0000E3   522 _USB_DEV_AD	=	0x00e3
                           0000E4   523 _UDEV_CTRL	=	0x00e4
                           0000E5   524 _UHUB1_CTRL	=	0x00e5
                           00E7E6   525 _USB_DMA	=	0xe7e6
                           0000E6   526 _USB_DMA_AL	=	0x00e6
                           0000E7   527 _USB_DMA_AH	=	0x00e7
                                    528 ;--------------------------------------------------------
                                    529 ; special function bits
                                    530 ;--------------------------------------------------------
                                    531 	.area RSEG    (ABS,DATA)
      000000                        532 	.org 0x0000
                           0000D7   533 _CY	=	0x00d7
                           0000D6   534 _AC	=	0x00d6
                           0000D5   535 _F0	=	0x00d5
                           0000D4   536 _RS1	=	0x00d4
                           0000D3   537 _RS0	=	0x00d3
                           0000D2   538 _OV	=	0x00d2
                           0000D1   539 _F1	=	0x00d1
                           0000D0   540 _P	=	0x00d0
                           0000AF   541 _EA	=	0x00af
                           0000AE   542 _E_DIS	=	0x00ae
                           0000AD   543 _ET2	=	0x00ad
                           0000AC   544 _ES	=	0x00ac
                           0000AB   545 _ET1	=	0x00ab
                           0000AA   546 _EX1	=	0x00aa
                           0000A9   547 _ET0	=	0x00a9
                           0000A8   548 _EX0	=	0x00a8
                           0000BF   549 _PH_FLAG	=	0x00bf
                           0000BE   550 _PL_FLAG	=	0x00be
                           0000BD   551 _PT2	=	0x00bd
                           0000BC   552 _PS	=	0x00bc
                           0000BB   553 _PT1	=	0x00bb
                           0000BA   554 _PX1	=	0x00ba
                           0000B9   555 _PT0	=	0x00b9
                           0000B8   556 _PX0	=	0x00b8
                           0000EF   557 _IE_WDOG	=	0x00ef
                           0000EE   558 _IE_GPIO	=	0x00ee
                           0000ED   559 _IE_PWM1	=	0x00ed
                           0000EC   560 _IE_UART1	=	0x00ec
                           0000EB   561 _IE_ADC	=	0x00eb
                           0000EA   562 _IE_USB	=	0x00ea
                           0000E9   563 _IE_TMR3	=	0x00e9
                           0000E8   564 _IE_SPI0	=	0x00e8
                           000087   565 _UDCD	=	0x0087
                           000086   566 _URI	=	0x0086
                           000085   567 _UDSR	=	0x0085
                           000084   568 _UCTS	=	0x0084
                           000083   569 _TXD_	=	0x0083
                           000082   570 _RXD_	=	0x0082
                           000081   571 _URTS	=	0x0081
                           000080   572 _UDTR	=	0x0080
                           000087   573 _P0_7	=	0x0087
                           000086   574 _P0_6	=	0x0086
                           000085   575 _P0_5	=	0x0085
                           000084   576 _P0_4	=	0x0084
                           000083   577 _P0_3	=	0x0083
                           000082   578 _P0_2	=	0x0082
                           000081   579 _P0_1	=	0x0081
                           000080   580 _P0_0	=	0x0080
                           000097   581 _AIN7	=	0x0097
                           000096   582 _AIN6	=	0x0096
                           000095   583 _AIN5	=	0x0095
                           000094   584 _AIN4	=	0x0094
                           000093   585 _AIN3	=	0x0093
                           000092   586 _AIN2	=	0x0092
                           000091   587 _AIN1	=	0x0091
                           000090   588 _AIN0	=	0x0090
                           000097   589 _SCK	=	0x0097
                           000096   590 _MISO	=	0x0096
                           000095   591 _MOSI	=	0x0095
                           000094   592 _SCS	=	0x0094
                           000092   593 _PWM3	=	0x0092
                           000092   594 _CAP3	=	0x0092
                           000091   595 _T2EX	=	0x0091
                           000091   596 _CAP2	=	0x0091
                           000090   597 _T2	=	0x0090
                           000090   598 _CAP1	=	0x0090
                           000097   599 _P1_7	=	0x0097
                           000096   600 _P1_6	=	0x0096
                           000095   601 _P1_5	=	0x0095
                           000094   602 _P1_4	=	0x0094
                           000093   603 _P1_3	=	0x0093
                           000092   604 _P1_2	=	0x0092
                           000091   605 _P1_1	=	0x0091
                           000090   606 _P1_0	=	0x0090
                           0000A7   607 _TXD1	=	0x00a7
                           0000A7   608 _DA7	=	0x00a7
                           0000A6   609 _RXD1	=	0x00a6
                           0000A5   610 _TNOW	=	0x00a5
                           0000A5   611 _PWM2	=	0x00a5
                           0000A5   612 _T2EX_	=	0x00a5
                           0000A5   613 _CAP2_	=	0x00a5
                           0000A4   614 _PWM1	=	0x00a4
                           0000A3   615 _SCK1	=	0x00a3
                           0000A2   616 _MISO1	=	0x00a2
                           0000A1   617 _MOSI1	=	0x00a1
                           0000A7   618 _P2_7	=	0x00a7
                           0000A6   619 _P2_6	=	0x00a6
                           0000A5   620 _P2_5	=	0x00a5
                           0000A4   621 _P2_4	=	0x00a4
                           0000A3   622 _P2_3	=	0x00a3
                           0000A2   623 _P2_2	=	0x00a2
                           0000A1   624 _P2_1	=	0x00a1
                           0000A0   625 _P2_0	=	0x00a0
                           0000B7   626 _RD	=	0x00b7
                           0000B6   627 _WR	=	0x00b6
                           0000B5   628 _DA6	=	0x00b5
                           0000B5   629 _T1	=	0x00b5
                           0000B4   630 _LEDC	=	0x00b4
                           0000B4   631 _XCS0	=	0x00b4
                           0000B4   632 _T0	=	0x00b4
                           0000B3   633 _LED1	=	0x00b3
                           0000B3   634 _INT1	=	0x00b3
                           0000B2   635 _LED0	=	0x00b2
                           0000B2   636 _INT0	=	0x00b2
                           0000B1   637 _TXD	=	0x00b1
                           0000B0   638 _RXD	=	0x00b0
                           0000B7   639 _P3_7	=	0x00b7
                           0000B6   640 _P3_6	=	0x00b6
                           0000B5   641 _P3_5	=	0x00b5
                           0000B4   642 _P3_4	=	0x00b4
                           0000B3   643 _P3_3	=	0x00b3
                           0000B2   644 _P3_2	=	0x00b2
                           0000B1   645 _P3_1	=	0x00b1
                           0000B0   646 _P3_0	=	0x00b0
                           0000C7   647 _SCK_	=	0x00c7
                           0000C6   648 _SCS_	=	0x00c6
                           0000C5   649 _PWM2_	=	0x00c5
                           0000C4   650 _LED3	=	0x00c4
                           0000C4   651 _TNOW_	=	0x00c4
                           0000C4   652 _TXD1_	=	0x00c4
                           0000C3   653 _PWM1_	=	0x00c3
                           0000C2   654 _PWM3_	=	0x00c2
                           0000C2   655 _CAP3_	=	0x00c2
                           0000C0   656 _LED2	=	0x00c0
                           0000C0   657 _RXD1_	=	0x00c0
                           0000C7   658 _P4_OUT_7	=	0x00c7
                           0000C6   659 _P4_OUT_6	=	0x00c6
                           0000C5   660 _P4_OUT_5	=	0x00c5
                           0000C4   661 _P4_OUT_4	=	0x00c4
                           0000C3   662 _P4_OUT_3	=	0x00c3
                           0000C2   663 _P4_OUT_2	=	0x00c2
                           0000C1   664 _P4_OUT_1	=	0x00c1
                           0000C0   665 _P4_OUT_0	=	0x00c0
                           00008F   666 _TF1	=	0x008f
                           00008E   667 _TR1	=	0x008e
                           00008D   668 _TF0	=	0x008d
                           00008C   669 _TR0	=	0x008c
                           00008B   670 _IE1	=	0x008b
                           00008A   671 _IT1	=	0x008a
                           000089   672 _IE0	=	0x0089
                           000088   673 _IT0	=	0x0088
                           00009F   674 _SM0	=	0x009f
                           00009E   675 _SM1	=	0x009e
                           00009D   676 _SM2	=	0x009d
                           00009C   677 _REN	=	0x009c
                           00009B   678 _TB8	=	0x009b
                           00009A   679 _RB8	=	0x009a
                           000099   680 _TI	=	0x0099
                           000098   681 _RI	=	0x0098
                           0000CF   682 _TF2	=	0x00cf
                           0000CF   683 _CAP1F	=	0x00cf
                           0000CE   684 _EXF2	=	0x00ce
                           0000CD   685 _RCLK	=	0x00cd
                           0000CC   686 _TCLK	=	0x00cc
                           0000CB   687 _EXEN2	=	0x00cb
                           0000CA   688 _TR2	=	0x00ca
                           0000C9   689 _C_T2	=	0x00c9
                           0000C8   690 _CP_RL2	=	0x00c8
                           0000FF   691 _S0_FST_ACT	=	0x00ff
                           0000FE   692 _S0_IF_OV	=	0x00fe
                           0000FD   693 _S0_IF_FIRST	=	0x00fd
                           0000FC   694 _S0_IF_BYTE	=	0x00fc
                           0000FB   695 _S0_FREE	=	0x00fb
                           0000FA   696 _S0_T_FIFO	=	0x00fa
                           0000F9   697 _S0_R_FIFO1	=	0x00f9
                           0000F8   698 _S0_R_FIFO0	=	0x00f8
                           0000DF   699 _U_IS_NAK	=	0x00df
                           0000DE   700 _U_TOG_OK	=	0x00de
                           0000DD   701 _U_SIE_FREE	=	0x00dd
                           0000DC   702 _UIF_FIFO_OV	=	0x00dc
                           0000DB   703 _UIF_HST_SOF	=	0x00db
                           0000DA   704 _UIF_SUSPEND	=	0x00da
                           0000D9   705 _UIF_TRANSFER	=	0x00d9
                           0000D8   706 _UIF_DETECT	=	0x00d8
                           0000D8   707 _UIF_BUS_RST	=	0x00d8
                                    708 ;--------------------------------------------------------
                                    709 ; overlayable register banks
                                    710 ;--------------------------------------------------------
                                    711 	.area REG_BANK_0	(REL,OVR,DATA)
      000000                        712 	.ds 8
                                    713 ;--------------------------------------------------------
                                    714 ; internal ram data
                                    715 ;--------------------------------------------------------
                                    716 	.area DSEG    (DATA)
                                    717 ;--------------------------------------------------------
                                    718 ; overlayable items in internal ram
                                    719 ;--------------------------------------------------------
                                    720 	.area	OSEG    (OVR,DATA)
                                    721 	.area	OSEG    (OVR,DATA)
                                    722 	.area	OSEG    (OVR,DATA)
      000000                        723 _USBSerial_result_65536_13:
      000000                        724 	.ds 1
                                    725 	.area	OSEG    (OVR,DATA)
                                    726 ;--------------------------------------------------------
                                    727 ; indirectly addressable internal ram data
                                    728 ;--------------------------------------------------------
                                    729 	.area ISEG    (DATA)
                                    730 ;--------------------------------------------------------
                                    731 ; absolute internal ram data
                                    732 ;--------------------------------------------------------
                                    733 	.area IABS    (ABS,DATA)
                                    734 	.area IABS    (ABS,DATA)
                                    735 ;--------------------------------------------------------
                                    736 ; bit data
                                    737 ;--------------------------------------------------------
                                    738 	.area BSEG    (BIT)
      000000                        739 _UpPoint2BusyFlag::
      000000                        740 	.ds 1
      000001                        741 _setLineCodingHandler_sloc0_1_0:
      000001                        742 	.ds 1
                                    743 ;--------------------------------------------------------
                                    744 ; paged external ram data
                                    745 ;--------------------------------------------------------
                                    746 	.area PSEG    (PAG,XDATA)
                           002546   747 _pUEP4_1_MOD	=	0x2546
                           002547   748 _pUEP2_3_MOD	=	0x2547
                           002548   749 _pUEP0_DMA_H	=	0x2548
                           002549   750 _pUEP0_DMA_L	=	0x2549
                           00254A   751 _pUEP1_DMA_H	=	0x254a
                           00254B   752 _pUEP1_DMA_L	=	0x254b
                           00254C   753 _pUEP2_DMA_H	=	0x254c
                           00254D   754 _pUEP2_DMA_L	=	0x254d
                           00254E   755 _pUEP3_DMA_H	=	0x254e
                           00254F   756 _pUEP3_DMA_L	=	0x254f
                           002980   757 _pLED_STAT	=	0x2980
                           002981   758 _pLED_CTRL	=	0x2981
                           002982   759 _pLED_DATA	=	0x2982
                           002983   760 _pLED_CK_SE	=	0x2983
                           002984   761 _pLED_DMA_AH	=	0x2984
                           002985   762 _pLED_DMA_AL	=	0x2985
                           002986   763 _pLED_DMA_CN	=	0x2986
                           002988   764 _pLED_DMA_XH	=	0x2988
                           002989   765 _pLED_DMA_XL	=	0x2989
                                    766 ;--------------------------------------------------------
                                    767 ; uninitialized external ram data
                                    768 ;--------------------------------------------------------
                                    769 	.area XSEG    (XDATA)
                           002446   770 _UEP4_1_MOD	=	0x2446
                           002447   771 _UEP2_3_MOD	=	0x2447
                           002448   772 _UEP0_DMA_H	=	0x2448
                           002449   773 _UEP0_DMA_L	=	0x2449
                           00244A   774 _UEP1_DMA_H	=	0x244a
                           00244B   775 _UEP1_DMA_L	=	0x244b
                           00244C   776 _UEP2_DMA_H	=	0x244c
                           00244D   777 _UEP2_DMA_L	=	0x244d
                           00244E   778 _UEP3_DMA_H	=	0x244e
                           00244F   779 _UEP3_DMA_L	=	0x244f
                           002880   780 _LED_STAT	=	0x2880
                           002881   781 _LED_CTRL	=	0x2881
                           002882   782 _LED_DATA	=	0x2882
                           002883   783 _LED_CK_SE	=	0x2883
                           002884   784 _LED_DMA_AH	=	0x2884
                           002885   785 _LED_DMA_AL	=	0x2885
                           002886   786 _LED_DMA_CN	=	0x2886
                           002888   787 _LED_DMA_XH	=	0x2888
                           002889   788 _LED_DMA_XL	=	0x2889
      000000                        789 _USBSerial_print_n_PARM_2:
      000000                        790 	.ds 2
      000002                        791 _USBSerial_print_n_buf_65536_25:
      000002                        792 	.ds 3
                                    793 ;--------------------------------------------------------
                                    794 ; absolute external ram data
                                    795 ;--------------------------------------------------------
                                    796 	.area XABS    (ABS,XDATA)
                                    797 ;--------------------------------------------------------
                                    798 ; initialized external ram data
                                    799 ;--------------------------------------------------------
                                    800 	.area XISEG   (XDATA)
      000000                        801 _LineCoding::
      000000                        802 	.ds 7
      000007                        803 _USBByteCountEP2::
      000007                        804 	.ds 1
      000008                        805 _USBBufOutPointEP2::
      000008                        806 	.ds 1
      000009                        807 _controlLineState::
      000009                        808 	.ds 1
      00000A                        809 _usbWritePointer::
      00000A                        810 	.ds 1
                                    811 	.area HOME    (CODE)
                                    812 	.area GSINIT0 (CODE)
                                    813 	.area GSINIT1 (CODE)
                                    814 	.area GSINIT2 (CODE)
                                    815 	.area GSINIT3 (CODE)
                                    816 	.area GSINIT4 (CODE)
                                    817 	.area GSINIT5 (CODE)
                                    818 	.area GSINIT  (CODE)
                                    819 	.area GSFINAL (CODE)
                                    820 	.area CSEG    (CODE)
                                    821 ;--------------------------------------------------------
                                    822 ; global & static initialisations
                                    823 ;--------------------------------------------------------
                                    824 	.area HOME    (CODE)
                                    825 	.area GSINIT  (CODE)
                                    826 	.area GSFINAL (CODE)
                                    827 	.area GSINIT  (CODE)
                                    828 ;	C:\Users\tonyp\AppData\Local\Arduino15\packages\CH55xDuino\hardware\mcs51\0.0.23\cores\ch55xduino\USBCDC.c:27: volatile __bit UpPoint2BusyFlag = 0; // Flag of whether upload pointer is busy
                                    829 ;	assignBit
      000000 C2*00            [12]  830 	clr	_UpPoint2BusyFlag
                                    831 ;--------------------------------------------------------
                                    832 ; Home
                                    833 ;--------------------------------------------------------
                                    834 	.area HOME    (CODE)
                                    835 	.area HOME    (CODE)
                                    836 ;--------------------------------------------------------
                                    837 ; code
                                    838 ;--------------------------------------------------------
                                    839 	.area CSEG    (CODE)
                                    840 ;------------------------------------------------------------
                                    841 ;Allocation info for local variables in function 'resetCDCParameters'
                                    842 ;------------------------------------------------------------
                                    843 ;	C:\Users\tonyp\AppData\Local\Arduino15\packages\CH55xDuino\hardware\mcs51\0.0.23\cores\ch55xduino\USBCDC.c:34: void resetCDCParameters() {
                                    844 ;	-----------------------------------------
                                    845 ;	 function resetCDCParameters
                                    846 ;	-----------------------------------------
      000000                        847 _resetCDCParameters:
                           000007   848 	ar7 = 0x07
                           000006   849 	ar6 = 0x06
                           000005   850 	ar5 = 0x05
                           000004   851 	ar4 = 0x04
                           000003   852 	ar3 = 0x03
                           000002   853 	ar2 = 0x02
                           000001   854 	ar1 = 0x01
                           000000   855 	ar0 = 0x00
                                    856 ;	C:\Users\tonyp\AppData\Local\Arduino15\packages\CH55xDuino\hardware\mcs51\0.0.23\cores\ch55xduino\USBCDC.c:36: USBByteCountEP2 = 0; // Bytes of received data on USB endpoint
      000000 90r00r07         [24]  857 	mov	dptr,#_USBByteCountEP2
      000003 E4               [12]  858 	clr	a
      000004 F0               [24]  859 	movx	@dptr,a
                                    860 ;	C:\Users\tonyp\AppData\Local\Arduino15\packages\CH55xDuino\hardware\mcs51\0.0.23\cores\ch55xduino\USBCDC.c:37: UpPoint2BusyFlag = 0;
                                    861 ;	assignBit
      000005 C2*00            [12]  862 	clr	_UpPoint2BusyFlag
                                    863 ;	C:\Users\tonyp\AppData\Local\Arduino15\packages\CH55xDuino\hardware\mcs51\0.0.23\cores\ch55xduino\USBCDC.c:38: }
      000007 22               [24]  864 	ret
                                    865 ;------------------------------------------------------------
                                    866 ;Allocation info for local variables in function 'setLineCodingHandler'
                                    867 ;------------------------------------------------------------
                                    868 ;i                         Allocated to registers r7 
                                    869 ;------------------------------------------------------------
                                    870 ;	C:\Users\tonyp\AppData\Local\Arduino15\packages\CH55xDuino\hardware\mcs51\0.0.23\cores\ch55xduino\USBCDC.c:40: void setLineCodingHandler() {
                                    871 ;	-----------------------------------------
                                    872 ;	 function setLineCodingHandler
                                    873 ;	-----------------------------------------
      000008                        874 _setLineCodingHandler:
                                    875 ;	C:\Users\tonyp\AppData\Local\Arduino15\packages\CH55xDuino\hardware\mcs51\0.0.23\cores\ch55xduino\USBCDC.c:41: for (__data uint8_t i = 0;
      000008 7F 00            [12]  876 	mov	r7,#0x00
      00000A                        877 00103$:
                                    878 ;	C:\Users\tonyp\AppData\Local\Arduino15\packages\CH55xDuino\hardware\mcs51\0.0.23\cores\ch55xduino\USBCDC.c:42: i < ((LINE_CODEING_SIZE <= USB_RX_LEN) ? LINE_CODEING_SIZE : USB_RX_LEN);
      00000A C3               [12]  879 	clr	c
      00000B E5 D1            [12]  880 	mov	a,_USB_RX_LEN
      00000D 94 07            [12]  881 	subb	a,#0x07
      00000F 92*01            [24]  882 	mov	_setLineCodingHandler_sloc0_1_0,c
      000011 40 06            [24]  883 	jc	00107$
      000013 7D 07            [12]  884 	mov	r5,#0x07
      000015 7E 00            [12]  885 	mov	r6,#0x00
      000017 80 04            [24]  886 	sjmp	00108$
      000019                        887 00107$:
      000019 AD D1            [24]  888 	mov	r5,_USB_RX_LEN
      00001B 7E 00            [12]  889 	mov	r6,#0x00
      00001D                        890 00108$:
      00001D 8F 03            [24]  891 	mov	ar3,r7
      00001F 7C 00            [12]  892 	mov	r4,#0x00
      000021 C3               [12]  893 	clr	c
      000022 EB               [12]  894 	mov	a,r3
      000023 9D               [12]  895 	subb	a,r5
      000024 EC               [12]  896 	mov	a,r4
      000025 64 80            [12]  897 	xrl	a,#0x80
      000027 8E F0            [24]  898 	mov	b,r6
      000029 63 F0 80         [24]  899 	xrl	b,#0x80
      00002C 95 F0            [12]  900 	subb	a,b
      00002E 50 1C            [24]  901 	jnc	00105$
                                    902 ;	C:\Users\tonyp\AppData\Local\Arduino15\packages\CH55xDuino\hardware\mcs51\0.0.23\cores\ch55xduino\USBCDC.c:44: LineCoding[i] = Ep0Buffer[i];
      000030 EF               [12]  903 	mov	a,r7
      000031 24r00            [12]  904 	add	a,#_LineCoding
      000033 FD               [12]  905 	mov	r5,a
      000034 E4               [12]  906 	clr	a
      000035 34s00            [12]  907 	addc	a,#(_LineCoding >> 8)
      000037 FE               [12]  908 	mov	r6,a
      000038 EF               [12]  909 	mov	a,r7
      000039 24r00            [12]  910 	add	a,#_Ep0Buffer
      00003B F5 82            [12]  911 	mov	dpl,a
      00003D E4               [12]  912 	clr	a
      00003E 34s00            [12]  913 	addc	a,#(_Ep0Buffer >> 8)
      000040 F5 83            [12]  914 	mov	dph,a
      000042 E0               [24]  915 	movx	a,@dptr
      000043 FC               [12]  916 	mov	r4,a
      000044 8D 82            [24]  917 	mov	dpl,r5
      000046 8E 83            [24]  918 	mov	dph,r6
      000048 F0               [24]  919 	movx	@dptr,a
                                    920 ;	C:\Users\tonyp\AppData\Local\Arduino15\packages\CH55xDuino\hardware\mcs51\0.0.23\cores\ch55xduino\USBCDC.c:43: i++) {
      000049 0F               [12]  921 	inc	r7
      00004A 80 BE            [24]  922 	sjmp	00103$
      00004C                        923 00105$:
                                    924 ;	C:\Users\tonyp\AppData\Local\Arduino15\packages\CH55xDuino\hardware\mcs51\0.0.23\cores\ch55xduino\USBCDC.c:48: }
      00004C 22               [24]  925 	ret
                                    926 ;------------------------------------------------------------
                                    927 ;Allocation info for local variables in function 'getLineCodingHandler'
                                    928 ;------------------------------------------------------------
                                    929 ;returnLen                 Allocated to registers 
                                    930 ;i                         Allocated to registers r7 
                                    931 ;------------------------------------------------------------
                                    932 ;	C:\Users\tonyp\AppData\Local\Arduino15\packages\CH55xDuino\hardware\mcs51\0.0.23\cores\ch55xduino\USBCDC.c:50: uint16_t getLineCodingHandler() {
                                    933 ;	-----------------------------------------
                                    934 ;	 function getLineCodingHandler
                                    935 ;	-----------------------------------------
      00004D                        936 _getLineCodingHandler:
                                    937 ;	C:\Users\tonyp\AppData\Local\Arduino15\packages\CH55xDuino\hardware\mcs51\0.0.23\cores\ch55xduino\USBCDC.c:54: for (__data uint8_t i = 0; i < returnLen; i++) {
      00004D 7F 00            [12]  938 	mov	r7,#0x00
      00004F                        939 00103$:
      00004F 8F 05            [24]  940 	mov	ar5,r7
      000051 7E 00            [12]  941 	mov	r6,#0x00
      000053 C3               [12]  942 	clr	c
      000054 ED               [12]  943 	mov	a,r5
      000055 94 07            [12]  944 	subb	a,#0x07
      000057 EE               [12]  945 	mov	a,r6
      000058 94 00            [12]  946 	subb	a,#0x00
      00005A 50 1C            [24]  947 	jnc	00101$
                                    948 ;	C:\Users\tonyp\AppData\Local\Arduino15\packages\CH55xDuino\hardware\mcs51\0.0.23\cores\ch55xduino\USBCDC.c:55: Ep0Buffer[i] = LineCoding[i];
      00005C EF               [12]  949 	mov	a,r7
      00005D 24r00            [12]  950 	add	a,#_Ep0Buffer
      00005F FD               [12]  951 	mov	r5,a
      000060 E4               [12]  952 	clr	a
      000061 34s00            [12]  953 	addc	a,#(_Ep0Buffer >> 8)
      000063 FE               [12]  954 	mov	r6,a
      000064 EF               [12]  955 	mov	a,r7
      000065 24r00            [12]  956 	add	a,#_LineCoding
      000067 F5 82            [12]  957 	mov	dpl,a
      000069 E4               [12]  958 	clr	a
      00006A 34s00            [12]  959 	addc	a,#(_LineCoding >> 8)
      00006C F5 83            [12]  960 	mov	dph,a
      00006E E0               [24]  961 	movx	a,@dptr
      00006F FC               [12]  962 	mov	r4,a
      000070 8D 82            [24]  963 	mov	dpl,r5
      000072 8E 83            [24]  964 	mov	dph,r6
      000074 F0               [24]  965 	movx	@dptr,a
                                    966 ;	C:\Users\tonyp\AppData\Local\Arduino15\packages\CH55xDuino\hardware\mcs51\0.0.23\cores\ch55xduino\USBCDC.c:54: for (__data uint8_t i = 0; i < returnLen; i++) {
      000075 0F               [12]  967 	inc	r7
      000076 80 D7            [24]  968 	sjmp	00103$
      000078                        969 00101$:
                                    970 ;	C:\Users\tonyp\AppData\Local\Arduino15\packages\CH55xDuino\hardware\mcs51\0.0.23\cores\ch55xduino\USBCDC.c:58: return returnLen;
      000078 90 00 07         [24]  971 	mov	dptr,#0x0007
                                    972 ;	C:\Users\tonyp\AppData\Local\Arduino15\packages\CH55xDuino\hardware\mcs51\0.0.23\cores\ch55xduino\USBCDC.c:59: }
      00007B 22               [24]  973 	ret
                                    974 ;------------------------------------------------------------
                                    975 ;Allocation info for local variables in function 'setControlLineStateHandler'
                                    976 ;------------------------------------------------------------
                                    977 ;	C:\Users\tonyp\AppData\Local\Arduino15\packages\CH55xDuino\hardware\mcs51\0.0.23\cores\ch55xduino\USBCDC.c:61: void setControlLineStateHandler() {
                                    978 ;	-----------------------------------------
                                    979 ;	 function setControlLineStateHandler
                                    980 ;	-----------------------------------------
      00007C                        981 _setControlLineStateHandler:
                                    982 ;	C:\Users\tonyp\AppData\Local\Arduino15\packages\CH55xDuino\hardware\mcs51\0.0.23\cores\ch55xduino\USBCDC.c:62: controlLineState = Ep0Buffer[2];
      00007C 90r00r02         [24]  983 	mov	dptr,#(_Ep0Buffer + 0x0002)
      00007F E0               [24]  984 	movx	a,@dptr
      000080 FF               [12]  985 	mov	r7,a
      000081 90r00r09         [24]  986 	mov	dptr,#_controlLineState
      000084 F0               [24]  987 	movx	@dptr,a
                                    988 ;	C:\Users\tonyp\AppData\Local\Arduino15\packages\CH55xDuino\hardware\mcs51\0.0.23\cores\ch55xduino\USBCDC.c:65: if (((controlLineState & 0x01) == 0) &&
      000085 E0               [24]  989 	movx	a,@dptr
      000086 20 E0 30         [24]  990 	jb	acc.0,00107$
                                    991 ;	C:\Users\tonyp\AppData\Local\Arduino15\packages\CH55xDuino\hardware\mcs51\0.0.23\cores\ch55xduino\USBCDC.c:66: (*((__xdata uint32_t *)LineCoding) ==
      000089 90r00r00         [24]  992 	mov	dptr,#_LineCoding
      00008C E0               [24]  993 	movx	a,@dptr
      00008D FC               [12]  994 	mov	r4,a
      00008E A3               [24]  995 	inc	dptr
      00008F E0               [24]  996 	movx	a,@dptr
      000090 FD               [12]  997 	mov	r5,a
      000091 A3               [24]  998 	inc	dptr
      000092 E0               [24]  999 	movx	a,@dptr
      000093 FE               [12] 1000 	mov	r6,a
      000094 A3               [24] 1001 	inc	dptr
      000095 E0               [24] 1002 	movx	a,@dptr
      000096 FF               [12] 1003 	mov	r7,a
      000097 BC B0 1F         [24] 1004 	cjne	r4,#0xb0,00107$
      00009A BD 04 1C         [24] 1005 	cjne	r5,#0x04,00107$
      00009D BE 00 19         [24] 1006 	cjne	r6,#0x00,00107$
      0000A0 BF 00 16         [24] 1007 	cjne	r7,#0x00,00107$
                                   1008 ;	C:\Users\tonyp\AppData\Local\Arduino15\packages\CH55xDuino\hardware\mcs51\0.0.23\cores\ch55xduino\USBCDC.c:81: USB_CTRL = 0;
      0000A3 75 E2 00         [24] 1009 	mov	_USB_CTRL,#0x00
                                   1010 ;	C:\Users\tonyp\AppData\Local\Arduino15\packages\CH55xDuino\hardware\mcs51\0.0.23\cores\ch55xduino\USBCDC.c:82: EA = 0; // Disabling all interrupts is required.
                                   1011 ;	assignBit
      0000A6 C2 AF            [12] 1012 	clr	_EA
                                   1013 ;	C:\Users\tonyp\AppData\Local\Arduino15\packages\CH55xDuino\hardware\mcs51\0.0.23\cores\ch55xduino\USBCDC.c:83: delayMicroseconds(50000);
      0000A8 90 C3 50         [24] 1014 	mov	dptr,#0xc350
      0000AB 12r00r00         [24] 1015 	lcall	_delayMicroseconds
                                   1016 ;	C:\Users\tonyp\AppData\Local\Arduino15\packages\CH55xDuino\hardware\mcs51\0.0.23\cores\ch55xduino\USBCDC.c:84: delayMicroseconds(50000);
      0000AE 90 C3 50         [24] 1017 	mov	dptr,#0xc350
      0000B1 12r00r00         [24] 1018 	lcall	_delayMicroseconds
                                   1019 ;	C:\Users\tonyp\AppData\Local\Arduino15\packages\CH55xDuino\hardware\mcs51\0.0.23\cores\ch55xduino\USBCDC.c:86: __asm__("lcall #0xF400"); // Jump to bootloader code
      0000B4 12 F4 00         [24] 1020 	lcall	#0xF400
                                   1021 ;	C:\Users\tonyp\AppData\Local\Arduino15\packages\CH55xDuino\hardware\mcs51\0.0.23\cores\ch55xduino\USBCDC.c:88: while (1)
      0000B7                       1022 00102$:
      0000B7 80 FE            [24] 1023 	sjmp	00102$
      0000B9                       1024 00107$:
                                   1025 ;	C:\Users\tonyp\AppData\Local\Arduino15\packages\CH55xDuino\hardware\mcs51\0.0.23\cores\ch55xduino\USBCDC.c:94: }
      0000B9 22               [24] 1026 	ret
                                   1027 ;------------------------------------------------------------
                                   1028 ;Allocation info for local variables in function 'USBSerial_wait_UpPoint2BusyFlag_clear'
                                   1029 ;------------------------------------------------------------
                                   1030 ;waitWriteCount            Allocated to registers r6 r7 
                                   1031 ;------------------------------------------------------------
                                   1032 ;	C:\Users\tonyp\AppData\Local\Arduino15\packages\CH55xDuino\hardware\mcs51\0.0.23\cores\ch55xduino\USBCDC.c:96: uint8_t USBSerial_wait_UpPoint2BusyFlag_clear() {
                                   1033 ;	-----------------------------------------
                                   1034 ;	 function USBSerial_wait_UpPoint2BusyFlag_clear
                                   1035 ;	-----------------------------------------
      0000BA                       1036 _USBSerial_wait_UpPoint2BusyFlag_clear:
                                   1037 ;	C:\Users\tonyp\AppData\Local\Arduino15\packages\CH55xDuino\hardware\mcs51\0.0.23\cores\ch55xduino\USBCDC.c:98: while (UpPoint2BusyFlag) { // wait for 250ms or give up, on my mac it takes
      0000BA 7E 00            [12] 1038 	mov	r6,#0x00
      0000BC 7F 00            [12] 1039 	mov	r7,#0x00
      0000BE                       1040 00103$:
      0000BE 30*00 20         [24] 1041 	jnb	_UpPoint2BusyFlag,00105$
                                   1042 ;	C:\Users\tonyp\AppData\Local\Arduino15\packages\CH55xDuino\hardware\mcs51\0.0.23\cores\ch55xduino\USBCDC.c:100: waitWriteCount++;
      0000C1 0E               [12] 1043 	inc	r6
      0000C2 BE 00 01         [24] 1044 	cjne	r6,#0x00,00121$
      0000C5 0F               [12] 1045 	inc	r7
      0000C6                       1046 00121$:
                                   1047 ;	C:\Users\tonyp\AppData\Local\Arduino15\packages\CH55xDuino\hardware\mcs51\0.0.23\cores\ch55xduino\USBCDC.c:101: delayMicroseconds(5);
      0000C6 90 00 05         [24] 1048 	mov	dptr,#0x0005
      0000C9 C0 07            [24] 1049 	push	ar7
      0000CB C0 06            [24] 1050 	push	ar6
      0000CD 12r00r00         [24] 1051 	lcall	_delayMicroseconds
      0000D0 D0 06            [24] 1052 	pop	ar6
      0000D2 D0 07            [24] 1053 	pop	ar7
                                   1054 ;	C:\Users\tonyp\AppData\Local\Arduino15\packages\CH55xDuino\hardware\mcs51\0.0.23\cores\ch55xduino\USBCDC.c:102: if (waitWriteCount >= 50000)
      0000D4 C3               [12] 1055 	clr	c
      0000D5 EE               [12] 1056 	mov	a,r6
      0000D6 94 50            [12] 1057 	subb	a,#0x50
      0000D8 EF               [12] 1058 	mov	a,r7
      0000D9 94 C3            [12] 1059 	subb	a,#0xc3
      0000DB 40 E1            [24] 1060 	jc	00103$
                                   1061 ;	C:\Users\tonyp\AppData\Local\Arduino15\packages\CH55xDuino\hardware\mcs51\0.0.23\cores\ch55xduino\USBCDC.c:103: return 0;
      0000DD 75 82 00         [24] 1062 	mov	dpl,#0x00
      0000E0 22               [24] 1063 	ret
      0000E1                       1064 00105$:
                                   1065 ;	C:\Users\tonyp\AppData\Local\Arduino15\packages\CH55xDuino\hardware\mcs51\0.0.23\cores\ch55xduino\USBCDC.c:105: return 1;
      0000E1 75 82 01         [24] 1066 	mov	dpl,#0x01
                                   1067 ;	C:\Users\tonyp\AppData\Local\Arduino15\packages\CH55xDuino\hardware\mcs51\0.0.23\cores\ch55xduino\USBCDC.c:106: }
      0000E4 22               [24] 1068 	ret
                                   1069 ;------------------------------------------------------------
                                   1070 ;Allocation info for local variables in function 'USBSerial'
                                   1071 ;------------------------------------------------------------
                                   1072 ;result                    Allocated with name '_USBSerial_result_65536_13'
                                   1073 ;------------------------------------------------------------
                                   1074 ;	C:\Users\tonyp\AppData\Local\Arduino15\packages\CH55xDuino\hardware\mcs51\0.0.23\cores\ch55xduino\USBCDC.c:108: bool USBSerial() {
                                   1075 ;	-----------------------------------------
                                   1076 ;	 function USBSerial
                                   1077 ;	-----------------------------------------
      0000E5                       1078 _USBSerial:
                                   1079 ;	C:\Users\tonyp\AppData\Local\Arduino15\packages\CH55xDuino\hardware\mcs51\0.0.23\cores\ch55xduino\USBCDC.c:109: __data bool result = false;
      0000E5 75*00 00         [24] 1080 	mov	_USBSerial_result_65536_13,#0x00
                                   1081 ;	C:\Users\tonyp\AppData\Local\Arduino15\packages\CH55xDuino\hardware\mcs51\0.0.23\cores\ch55xduino\USBCDC.c:110: if (controlLineState > 0)
      0000E8 90r00r09         [24] 1082 	mov	dptr,#_controlLineState
      0000EB E0               [24] 1083 	movx	a,@dptr
      0000EC 60 03            [24] 1084 	jz	00102$
                                   1085 ;	C:\Users\tonyp\AppData\Local\Arduino15\packages\CH55xDuino\hardware\mcs51\0.0.23\cores\ch55xduino\USBCDC.c:111: result = true;
      0000EE 75*00 01         [24] 1086 	mov	_USBSerial_result_65536_13,#0x01
      0000F1                       1087 00102$:
                                   1088 ;	C:\Users\tonyp\AppData\Local\Arduino15\packages\CH55xDuino\hardware\mcs51\0.0.23\cores\ch55xduino\USBCDC.c:113: return result;
      0000F1 85*00 82         [24] 1089 	mov	dpl,_USBSerial_result_65536_13
                                   1090 ;	C:\Users\tonyp\AppData\Local\Arduino15\packages\CH55xDuino\hardware\mcs51\0.0.23\cores\ch55xduino\USBCDC.c:114: }
      0000F4 22               [24] 1091 	ret
                                   1092 ;------------------------------------------------------------
                                   1093 ;Allocation info for local variables in function 'USBSerial_flush'
                                   1094 ;------------------------------------------------------------
                                   1095 ;	C:\Users\tonyp\AppData\Local\Arduino15\packages\CH55xDuino\hardware\mcs51\0.0.23\cores\ch55xduino\USBCDC.c:116: void USBSerial_flush(void) {
                                   1096 ;	-----------------------------------------
                                   1097 ;	 function USBSerial_flush
                                   1098 ;	-----------------------------------------
      0000F5                       1099 _USBSerial_flush:
                                   1100 ;	C:\Users\tonyp\AppData\Local\Arduino15\packages\CH55xDuino\hardware\mcs51\0.0.23\cores\ch55xduino\USBCDC.c:117: if (!UpPoint2BusyFlag && usbWritePointer > 0) {
      0000F5 20*00 25         [24] 1101 	jb	_UpPoint2BusyFlag,00108$
      0000F8 90r00r0A         [24] 1102 	mov	dptr,#_usbWritePointer
      0000FB E0               [24] 1103 	movx	a,@dptr
      0000FC FF               [12] 1104 	mov	r7,a
      0000FD 60 1E            [24] 1105 	jz	00108$
                                   1106 ;	C:\Users\tonyp\AppData\Local\Arduino15\packages\CH55xDuino\hardware\mcs51\0.0.23\cores\ch55xduino\USBCDC.c:118: UEP2_T_LEN = usbWritePointer;
      0000FF 8F D5            [24] 1107 	mov	_UEP2_T_LEN,r7
                                   1108 ;	C:\Users\tonyp\AppData\Local\Arduino15\packages\CH55xDuino\hardware\mcs51\0.0.23\cores\ch55xduino\USBCDC.c:119: UEP2_CTRL = UEP2_CTRL & ~MASK_UEP_T_RES | UEP_T_RES_ACK; // Respond ACK
      000101 53 D4 FC         [24] 1109 	anl	_UEP2_CTRL,#0xfc
                                   1110 ;	C:\Users\tonyp\AppData\Local\Arduino15\packages\CH55xDuino\hardware\mcs51\0.0.23\cores\ch55xduino\USBCDC.c:120: UpPoint2BusyFlag = 1;
                                   1111 ;	assignBit
      000104 D2*00            [12] 1112 	setb	_UpPoint2BusyFlag
                                   1113 ;	C:\Users\tonyp\AppData\Local\Arduino15\packages\CH55xDuino\hardware\mcs51\0.0.23\cores\ch55xduino\USBCDC.c:123: MAX_PACKET_SIZE) { // write empty packet for end transmission. Needed
      000106 BF 40 0F         [24] 1114 	cjne	r7,#0x40,00104$
                                   1115 ;	C:\Users\tonyp\AppData\Local\Arduino15\packages\CH55xDuino\hardware\mcs51\0.0.23\cores\ch55xduino\USBCDC.c:125: if (USBSerial_wait_UpPoint2BusyFlag_clear()) {
      000109 12r00rBA         [24] 1116 	lcall	_USBSerial_wait_UpPoint2BusyFlag_clear
      00010C E5 82            [12] 1117 	mov	a,dpl
      00010E 60 08            [24] 1118 	jz	00104$
                                   1119 ;	C:\Users\tonyp\AppData\Local\Arduino15\packages\CH55xDuino\hardware\mcs51\0.0.23\cores\ch55xduino\USBCDC.c:126: UEP2_T_LEN = 0;
      000110 75 D5 00         [24] 1120 	mov	_UEP2_T_LEN,#0x00
                                   1121 ;	C:\Users\tonyp\AppData\Local\Arduino15\packages\CH55xDuino\hardware\mcs51\0.0.23\cores\ch55xduino\USBCDC.c:127: UEP2_CTRL = UEP2_CTRL & ~MASK_UEP_T_RES | UEP_T_RES_ACK; // Respond ACK
      000113 53 D4 FC         [24] 1122 	anl	_UEP2_CTRL,#0xfc
                                   1123 ;	C:\Users\tonyp\AppData\Local\Arduino15\packages\CH55xDuino\hardware\mcs51\0.0.23\cores\ch55xduino\USBCDC.c:128: UpPoint2BusyFlag = 1;
                                   1124 ;	assignBit
      000116 D2*00            [12] 1125 	setb	_UpPoint2BusyFlag
      000118                       1126 00104$:
                                   1127 ;	C:\Users\tonyp\AppData\Local\Arduino15\packages\CH55xDuino\hardware\mcs51\0.0.23\cores\ch55xduino\USBCDC.c:131: usbWritePointer = 0;
      000118 90r00r0A         [24] 1128 	mov	dptr,#_usbWritePointer
      00011B E4               [12] 1129 	clr	a
      00011C F0               [24] 1130 	movx	@dptr,a
      00011D                       1131 00108$:
                                   1132 ;	C:\Users\tonyp\AppData\Local\Arduino15\packages\CH55xDuino\hardware\mcs51\0.0.23\cores\ch55xduino\USBCDC.c:133: }
      00011D 22               [24] 1133 	ret
                                   1134 ;------------------------------------------------------------
                                   1135 ;Allocation info for local variables in function 'USBSerial_write'
                                   1136 ;------------------------------------------------------------
                                   1137 ;c                         Allocated to registers r7 
                                   1138 ;------------------------------------------------------------
                                   1139 ;	C:\Users\tonyp\AppData\Local\Arduino15\packages\CH55xDuino\hardware\mcs51\0.0.23\cores\ch55xduino\USBCDC.c:135: uint8_t USBSerial_write(__data char c) { // 3 bytes generic pointer
                                   1140 ;	-----------------------------------------
                                   1141 ;	 function USBSerial_write
                                   1142 ;	-----------------------------------------
      00011E                       1143 _USBSerial_write:
      00011E AF 82            [24] 1144 	mov	r7,dpl
                                   1145 ;	C:\Users\tonyp\AppData\Local\Arduino15\packages\CH55xDuino\hardware\mcs51\0.0.23\cores\ch55xduino\USBCDC.c:136: if (controlLineState > 0) {
      000120 90r00r09         [24] 1146 	mov	dptr,#_controlLineState
      000123 E0               [24] 1147 	movx	a,@dptr
      000124 60 41            [24] 1148 	jz	00110$
                                   1149 ;	C:\Users\tonyp\AppData\Local\Arduino15\packages\CH55xDuino\hardware\mcs51\0.0.23\cores\ch55xduino\USBCDC.c:137: while (true) {
      000126                       1150 00107$:
                                   1151 ;	C:\Users\tonyp\AppData\Local\Arduino15\packages\CH55xDuino\hardware\mcs51\0.0.23\cores\ch55xduino\USBCDC.c:138: if (USBSerial_wait_UpPoint2BusyFlag_clear() == 0)
      000126 C0 07            [24] 1152 	push	ar7
      000128 12r00rBA         [24] 1153 	lcall	_USBSerial_wait_UpPoint2BusyFlag_clear
      00012B E5 82            [12] 1154 	mov	a,dpl
      00012D D0 07            [24] 1155 	pop	ar7
                                   1156 ;	C:\Users\tonyp\AppData\Local\Arduino15\packages\CH55xDuino\hardware\mcs51\0.0.23\cores\ch55xduino\USBCDC.c:139: return 0;
      00012F 70 03            [24] 1157 	jnz	00102$
      000131 F5 82            [12] 1158 	mov	dpl,a
      000133 22               [24] 1159 	ret
      000134                       1160 00102$:
                                   1161 ;	C:\Users\tonyp\AppData\Local\Arduino15\packages\CH55xDuino\hardware\mcs51\0.0.23\cores\ch55xduino\USBCDC.c:140: if (usbWritePointer < MAX_PACKET_SIZE) {
      000134 90r00r0A         [24] 1162 	mov	dptr,#_usbWritePointer
      000137 E0               [24] 1163 	movx	a,@dptr
      000138 FE               [12] 1164 	mov	r6,a
      000139 BE 40 00         [24] 1165 	cjne	r6,#0x40,00127$
      00013C                       1166 00127$:
      00013C 50 20            [24] 1167 	jnc	00104$
                                   1168 ;	C:\Users\tonyp\AppData\Local\Arduino15\packages\CH55xDuino\hardware\mcs51\0.0.23\cores\ch55xduino\USBCDC.c:141: Ep2Buffer[MAX_PACKET_SIZE + usbWritePointer] = c;
      00013E 7D 00            [12] 1169 	mov	r5,#0x00
      000140 74 40            [12] 1170 	mov	a,#0x40
      000142 2E               [12] 1171 	add	a,r6
      000143 FE               [12] 1172 	mov	r6,a
      000144 E4               [12] 1173 	clr	a
      000145 3D               [12] 1174 	addc	a,r5
      000146 FD               [12] 1175 	mov	r5,a
      000147 EE               [12] 1176 	mov	a,r6
      000148 24r00            [12] 1177 	add	a,#_Ep2Buffer
      00014A F5 82            [12] 1178 	mov	dpl,a
      00014C ED               [12] 1179 	mov	a,r5
      00014D 34s00            [12] 1180 	addc	a,#(_Ep2Buffer >> 8)
      00014F F5 83            [12] 1181 	mov	dph,a
      000151 EF               [12] 1182 	mov	a,r7
      000152 F0               [24] 1183 	movx	@dptr,a
                                   1184 ;	C:\Users\tonyp\AppData\Local\Arduino15\packages\CH55xDuino\hardware\mcs51\0.0.23\cores\ch55xduino\USBCDC.c:142: usbWritePointer++;
      000153 90r00r0A         [24] 1185 	mov	dptr,#_usbWritePointer
      000156 E0               [24] 1186 	movx	a,@dptr
      000157 24 01            [12] 1187 	add	a,#0x01
      000159 F0               [24] 1188 	movx	@dptr,a
                                   1189 ;	C:\Users\tonyp\AppData\Local\Arduino15\packages\CH55xDuino\hardware\mcs51\0.0.23\cores\ch55xduino\USBCDC.c:143: return 1;
      00015A 75 82 01         [24] 1190 	mov	dpl,#0x01
      00015D 22               [24] 1191 	ret
      00015E                       1192 00104$:
                                   1193 ;	C:\Users\tonyp\AppData\Local\Arduino15\packages\CH55xDuino\hardware\mcs51\0.0.23\cores\ch55xduino\USBCDC.c:145: USBSerial_flush(); // go back to first while
      00015E C0 07            [24] 1194 	push	ar7
      000160 12r00rF5         [24] 1195 	lcall	_USBSerial_flush
      000163 D0 07            [24] 1196 	pop	ar7
      000165 80 BF            [24] 1197 	sjmp	00107$
      000167                       1198 00110$:
                                   1199 ;	C:\Users\tonyp\AppData\Local\Arduino15\packages\CH55xDuino\hardware\mcs51\0.0.23\cores\ch55xduino\USBCDC.c:149: return 0;
      000167 75 82 00         [24] 1200 	mov	dpl,#0x00
                                   1201 ;	C:\Users\tonyp\AppData\Local\Arduino15\packages\CH55xDuino\hardware\mcs51\0.0.23\cores\ch55xduino\USBCDC.c:150: }
      00016A 22               [24] 1202 	ret
                                   1203 ;------------------------------------------------------------
                                   1204 ;Allocation info for local variables in function 'USBSerial_print_n'
                                   1205 ;------------------------------------------------------------
                                   1206 ;len                       Allocated with name '_USBSerial_print_n_PARM_2'
                                   1207 ;buf                       Allocated with name '_USBSerial_print_n_buf_65536_25'
                                   1208 ;------------------------------------------------------------
                                   1209 ;	C:\Users\tonyp\AppData\Local\Arduino15\packages\CH55xDuino\hardware\mcs51\0.0.23\cores\ch55xduino\USBCDC.c:153: USBSerial_print_n(uint8_t *__xdata buf,
                                   1210 ;	-----------------------------------------
                                   1211 ;	 function USBSerial_print_n
                                   1212 ;	-----------------------------------------
      00016B                       1213 _USBSerial_print_n:
      00016B AF F0            [24] 1214 	mov	r7,b
      00016D AE 83            [24] 1215 	mov	r6,dph
      00016F E5 82            [12] 1216 	mov	a,dpl
      000171 90r00r02         [24] 1217 	mov	dptr,#_USBSerial_print_n_buf_65536_25
      000174 F0               [24] 1218 	movx	@dptr,a
      000175 EE               [12] 1219 	mov	a,r6
      000176 A3               [24] 1220 	inc	dptr
      000177 F0               [24] 1221 	movx	@dptr,a
      000178 EF               [12] 1222 	mov	a,r7
      000179 A3               [24] 1223 	inc	dptr
      00017A F0               [24] 1224 	movx	@dptr,a
                                   1225 ;	C:\Users\tonyp\AppData\Local\Arduino15\packages\CH55xDuino\hardware\mcs51\0.0.23\cores\ch55xduino\USBCDC.c:156: if (controlLineState > 0) {
      00017B 90r00r09         [24] 1226 	mov	dptr,#_controlLineState
      00017E E0               [24] 1227 	movx	a,@dptr
      00017F 70 03            [24] 1228 	jnz	00143$
      000181 02r02r21         [24] 1229 	ljmp	00113$
      000184                       1230 00143$:
                                   1231 ;	C:\Users\tonyp\AppData\Local\Arduino15\packages\CH55xDuino\hardware\mcs51\0.0.23\cores\ch55xduino\USBCDC.c:157: while (len > 0) {
      000184                       1232 00109$:
      000184 90r00r00         [24] 1233 	mov	dptr,#_USBSerial_print_n_PARM_2
      000187 E0               [24] 1234 	movx	a,@dptr
      000188 FE               [12] 1235 	mov	r6,a
      000189 A3               [24] 1236 	inc	dptr
      00018A E0               [24] 1237 	movx	a,@dptr
      00018B FF               [12] 1238 	mov	r7,a
      00018C C3               [12] 1239 	clr	c
      00018D E4               [12] 1240 	clr	a
      00018E 9E               [12] 1241 	subb	a,r6
      00018F 74 80            [12] 1242 	mov	a,#(0x00 ^ 0x80)
      000191 8F F0            [24] 1243 	mov	b,r7
      000193 63 F0 80         [24] 1244 	xrl	b,#0x80
      000196 95 F0            [12] 1245 	subb	a,b
      000198 40 03            [24] 1246 	jc	00144$
      00019A 02r02r21         [24] 1247 	ljmp	00113$
      00019D                       1248 00144$:
                                   1249 ;	C:\Users\tonyp\AppData\Local\Arduino15\packages\CH55xDuino\hardware\mcs51\0.0.23\cores\ch55xduino\USBCDC.c:158: if (USBSerial_wait_UpPoint2BusyFlag_clear() == 0)
      00019D C0 07            [24] 1250 	push	ar7
      00019F C0 06            [24] 1251 	push	ar6
      0001A1 12r00rBA         [24] 1252 	lcall	_USBSerial_wait_UpPoint2BusyFlag_clear
      0001A4 E5 82            [12] 1253 	mov	a,dpl
      0001A6 D0 06            [24] 1254 	pop	ar6
      0001A8 D0 07            [24] 1255 	pop	ar7
                                   1256 ;	C:\Users\tonyp\AppData\Local\Arduino15\packages\CH55xDuino\hardware\mcs51\0.0.23\cores\ch55xduino\USBCDC.c:159: return 0;
      0001AA 70 03            [24] 1257 	jnz	00121$
      0001AC F5 82            [12] 1258 	mov	dpl,a
                                   1259 ;	C:\Users\tonyp\AppData\Local\Arduino15\packages\CH55xDuino\hardware\mcs51\0.0.23\cores\ch55xduino\USBCDC.c:160: while (len > 0) {
      0001AE 22               [24] 1260 	ret
      0001AF                       1261 00121$:
      0001AF 90r00r02         [24] 1262 	mov	dptr,#_USBSerial_print_n_buf_65536_25
      0001B2 E0               [24] 1263 	movx	a,@dptr
      0001B3 FB               [12] 1264 	mov	r3,a
      0001B4 A3               [24] 1265 	inc	dptr
      0001B5 E0               [24] 1266 	movx	a,@dptr
      0001B6 FC               [12] 1267 	mov	r4,a
      0001B7 A3               [24] 1268 	inc	dptr
      0001B8 E0               [24] 1269 	movx	a,@dptr
      0001B9 FD               [12] 1270 	mov	r5,a
      0001BA                       1271 00106$:
      0001BA C3               [12] 1272 	clr	c
      0001BB E4               [12] 1273 	clr	a
      0001BC 9E               [12] 1274 	subb	a,r6
      0001BD 74 80            [12] 1275 	mov	a,#(0x00 ^ 0x80)
      0001BF 8F F0            [24] 1276 	mov	b,r7
      0001C1 63 F0 80         [24] 1277 	xrl	b,#0x80
      0001C4 95 F0            [12] 1278 	subb	a,b
      0001C6 50 BC            [24] 1279 	jnc	00109$
                                   1280 ;	C:\Users\tonyp\AppData\Local\Arduino15\packages\CH55xDuino\hardware\mcs51\0.0.23\cores\ch55xduino\USBCDC.c:161: if (usbWritePointer < MAX_PACKET_SIZE) {
      0001C8 90r00r0A         [24] 1281 	mov	dptr,#_usbWritePointer
      0001CB E0               [24] 1282 	movx	a,@dptr
      0001CC FA               [12] 1283 	mov	r2,a
      0001CD BA 40 00         [24] 1284 	cjne	r2,#0x40,00147$
      0001D0                       1285 00147$:
      0001D0 50 49            [24] 1286 	jnc	00104$
                                   1287 ;	C:\Users\tonyp\AppData\Local\Arduino15\packages\CH55xDuino\hardware\mcs51\0.0.23\cores\ch55xduino\USBCDC.c:162: Ep2Buffer[MAX_PACKET_SIZE + usbWritePointer] = *buf++;
      0001D2 8A 01            [24] 1288 	mov	ar1,r2
      0001D4 7A 00            [12] 1289 	mov	r2,#0x00
      0001D6 74 40            [12] 1290 	mov	a,#0x40
      0001D8 29               [12] 1291 	add	a,r1
      0001D9 F9               [12] 1292 	mov	r1,a
      0001DA E4               [12] 1293 	clr	a
      0001DB 3A               [12] 1294 	addc	a,r2
      0001DC FA               [12] 1295 	mov	r2,a
      0001DD E9               [12] 1296 	mov	a,r1
      0001DE 24r00            [12] 1297 	add	a,#_Ep2Buffer
      0001E0 F9               [12] 1298 	mov	r1,a
      0001E1 EA               [12] 1299 	mov	a,r2
      0001E2 34s00            [12] 1300 	addc	a,#(_Ep2Buffer >> 8)
      0001E4 FA               [12] 1301 	mov	r2,a
      0001E5 8B 82            [24] 1302 	mov	dpl,r3
      0001E7 8C 83            [24] 1303 	mov	dph,r4
      0001E9 8D F0            [24] 1304 	mov	b,r5
      0001EB 12r00r00         [24] 1305 	lcall	__gptrget
      0001EE F8               [12] 1306 	mov	r0,a
      0001EF A3               [24] 1307 	inc	dptr
      0001F0 AB 82            [24] 1308 	mov	r3,dpl
      0001F2 AC 83            [24] 1309 	mov	r4,dph
      0001F4 90r00r02         [24] 1310 	mov	dptr,#_USBSerial_print_n_buf_65536_25
      0001F7 EB               [12] 1311 	mov	a,r3
      0001F8 F0               [24] 1312 	movx	@dptr,a
      0001F9 EC               [12] 1313 	mov	a,r4
      0001FA A3               [24] 1314 	inc	dptr
      0001FB F0               [24] 1315 	movx	@dptr,a
      0001FC ED               [12] 1316 	mov	a,r5
      0001FD A3               [24] 1317 	inc	dptr
      0001FE F0               [24] 1318 	movx	@dptr,a
      0001FF 89 82            [24] 1319 	mov	dpl,r1
      000201 8A 83            [24] 1320 	mov	dph,r2
      000203 E8               [12] 1321 	mov	a,r0
      000204 F0               [24] 1322 	movx	@dptr,a
                                   1323 ;	C:\Users\tonyp\AppData\Local\Arduino15\packages\CH55xDuino\hardware\mcs51\0.0.23\cores\ch55xduino\USBCDC.c:163: usbWritePointer++;
      000205 90r00r0A         [24] 1324 	mov	dptr,#_usbWritePointer
      000208 E0               [24] 1325 	movx	a,@dptr
      000209 24 01            [12] 1326 	add	a,#0x01
      00020B F0               [24] 1327 	movx	@dptr,a
                                   1328 ;	C:\Users\tonyp\AppData\Local\Arduino15\packages\CH55xDuino\hardware\mcs51\0.0.23\cores\ch55xduino\USBCDC.c:164: len--;
      00020C 1E               [12] 1329 	dec	r6
      00020D BE FF 01         [24] 1330 	cjne	r6,#0xff,00149$
      000210 1F               [12] 1331 	dec	r7
      000211                       1332 00149$:
      000211 90r00r00         [24] 1333 	mov	dptr,#_USBSerial_print_n_PARM_2
      000214 EE               [12] 1334 	mov	a,r6
      000215 F0               [24] 1335 	movx	@dptr,a
      000216 EF               [12] 1336 	mov	a,r7
      000217 A3               [24] 1337 	inc	dptr
      000218 F0               [24] 1338 	movx	@dptr,a
      000219 80 9F            [24] 1339 	sjmp	00106$
      00021B                       1340 00104$:
                                   1341 ;	C:\Users\tonyp\AppData\Local\Arduino15\packages\CH55xDuino\hardware\mcs51\0.0.23\cores\ch55xduino\USBCDC.c:166: USBSerial_flush(); // go back to first while
      00021B 12r00rF5         [24] 1342 	lcall	_USBSerial_flush
                                   1343 ;	C:\Users\tonyp\AppData\Local\Arduino15\packages\CH55xDuino\hardware\mcs51\0.0.23\cores\ch55xduino\USBCDC.c:167: break;
      00021E 02r01r84         [24] 1344 	ljmp	00109$
      000221                       1345 00113$:
                                   1346 ;	C:\Users\tonyp\AppData\Local\Arduino15\packages\CH55xDuino\hardware\mcs51\0.0.23\cores\ch55xduino\USBCDC.c:172: return 0;
      000221 75 82 00         [24] 1347 	mov	dpl,#0x00
                                   1348 ;	C:\Users\tonyp\AppData\Local\Arduino15\packages\CH55xDuino\hardware\mcs51\0.0.23\cores\ch55xduino\USBCDC.c:173: }
      000224 22               [24] 1349 	ret
                                   1350 ;------------------------------------------------------------
                                   1351 ;Allocation info for local variables in function 'USBSerial_available'
                                   1352 ;------------------------------------------------------------
                                   1353 ;	C:\Users\tonyp\AppData\Local\Arduino15\packages\CH55xDuino\hardware\mcs51\0.0.23\cores\ch55xduino\USBCDC.c:175: uint8_t USBSerial_available() { return USBByteCountEP2; }
                                   1354 ;	-----------------------------------------
                                   1355 ;	 function USBSerial_available
                                   1356 ;	-----------------------------------------
      000225                       1357 _USBSerial_available:
      000225 90r00r07         [24] 1358 	mov	dptr,#_USBByteCountEP2
      000228 E0               [24] 1359 	movx	a,@dptr
      000229 F5 82            [12] 1360 	mov	dpl,a
      00022B 22               [24] 1361 	ret
                                   1362 ;------------------------------------------------------------
                                   1363 ;Allocation info for local variables in function 'USBSerial_read'
                                   1364 ;------------------------------------------------------------
                                   1365 ;data                      Allocated to registers r7 
                                   1366 ;------------------------------------------------------------
                                   1367 ;	C:\Users\tonyp\AppData\Local\Arduino15\packages\CH55xDuino\hardware\mcs51\0.0.23\cores\ch55xduino\USBCDC.c:177: char USBSerial_read() {
                                   1368 ;	-----------------------------------------
                                   1369 ;	 function USBSerial_read
                                   1370 ;	-----------------------------------------
      00022C                       1371 _USBSerial_read:
                                   1372 ;	C:\Users\tonyp\AppData\Local\Arduino15\packages\CH55xDuino\hardware\mcs51\0.0.23\cores\ch55xduino\USBCDC.c:178: if (USBByteCountEP2 == 0)
      00022C 90r00r07         [24] 1373 	mov	dptr,#_USBByteCountEP2
      00022F E0               [24] 1374 	movx	a,@dptr
                                   1375 ;	C:\Users\tonyp\AppData\Local\Arduino15\packages\CH55xDuino\hardware\mcs51\0.0.23\cores\ch55xduino\USBCDC.c:179: return 0;
      000230 70 03            [24] 1376 	jnz	00102$
      000232 F5 82            [12] 1377 	mov	dpl,a
      000234 22               [24] 1378 	ret
      000235                       1379 00102$:
                                   1380 ;	C:\Users\tonyp\AppData\Local\Arduino15\packages\CH55xDuino\hardware\mcs51\0.0.23\cores\ch55xduino\USBCDC.c:180: __data char data = Ep2Buffer[USBBufOutPointEP2];
      000235 90r00r08         [24] 1381 	mov	dptr,#_USBBufOutPointEP2
      000238 E0               [24] 1382 	movx	a,@dptr
      000239 24r00            [12] 1383 	add	a,#_Ep2Buffer
      00023B F5 82            [12] 1384 	mov	dpl,a
      00023D E4               [12] 1385 	clr	a
      00023E 34s00            [12] 1386 	addc	a,#(_Ep2Buffer >> 8)
      000240 F5 83            [12] 1387 	mov	dph,a
      000242 E0               [24] 1388 	movx	a,@dptr
      000243 FF               [12] 1389 	mov	r7,a
                                   1390 ;	C:\Users\tonyp\AppData\Local\Arduino15\packages\CH55xDuino\hardware\mcs51\0.0.23\cores\ch55xduino\USBCDC.c:181: USBBufOutPointEP2++;
      000244 90r00r08         [24] 1391 	mov	dptr,#_USBBufOutPointEP2
      000247 E0               [24] 1392 	movx	a,@dptr
      000248 04               [12] 1393 	inc	a
      000249 F0               [24] 1394 	movx	@dptr,a
                                   1395 ;	C:\Users\tonyp\AppData\Local\Arduino15\packages\CH55xDuino\hardware\mcs51\0.0.23\cores\ch55xduino\USBCDC.c:182: USBByteCountEP2--;
      00024A 90r00r07         [24] 1396 	mov	dptr,#_USBByteCountEP2
      00024D E0               [24] 1397 	movx	a,@dptr
      00024E 14               [12] 1398 	dec	a
      00024F F0               [24] 1399 	movx	@dptr,a
                                   1400 ;	C:\Users\tonyp\AppData\Local\Arduino15\packages\CH55xDuino\hardware\mcs51\0.0.23\cores\ch55xduino\USBCDC.c:183: if (USBByteCountEP2 == 0) {
      000250 E0               [24] 1401 	movx	a,@dptr
      000251 70 03            [24] 1402 	jnz	00104$
                                   1403 ;	C:\Users\tonyp\AppData\Local\Arduino15\packages\CH55xDuino\hardware\mcs51\0.0.23\cores\ch55xduino\USBCDC.c:184: UEP2_CTRL = UEP2_CTRL & ~MASK_UEP_R_RES | UEP_R_RES_ACK;
      000253 53 D4 F3         [24] 1404 	anl	_UEP2_CTRL,#0xf3
      000256                       1405 00104$:
                                   1406 ;	C:\Users\tonyp\AppData\Local\Arduino15\packages\CH55xDuino\hardware\mcs51\0.0.23\cores\ch55xduino\USBCDC.c:186: return data;
      000256 8F 82            [24] 1407 	mov	dpl,r7
                                   1408 ;	C:\Users\tonyp\AppData\Local\Arduino15\packages\CH55xDuino\hardware\mcs51\0.0.23\cores\ch55xduino\USBCDC.c:187: }
      000258 22               [24] 1409 	ret
                                   1410 ;------------------------------------------------------------
                                   1411 ;Allocation info for local variables in function 'USB_EP2_IN'
                                   1412 ;------------------------------------------------------------
                                   1413 ;	C:\Users\tonyp\AppData\Local\Arduino15\packages\CH55xDuino\hardware\mcs51\0.0.23\cores\ch55xduino\USBCDC.c:189: void USB_EP2_IN() {
                                   1414 ;	-----------------------------------------
                                   1415 ;	 function USB_EP2_IN
                                   1416 ;	-----------------------------------------
      000259                       1417 _USB_EP2_IN:
                                   1418 ;	C:\Users\tonyp\AppData\Local\Arduino15\packages\CH55xDuino\hardware\mcs51\0.0.23\cores\ch55xduino\USBCDC.c:190: UEP2_T_LEN = 0; // No data to send anymore
      000259 75 D5 00         [24] 1419 	mov	_UEP2_T_LEN,#0x00
                                   1420 ;	C:\Users\tonyp\AppData\Local\Arduino15\packages\CH55xDuino\hardware\mcs51\0.0.23\cores\ch55xduino\USBCDC.c:192: UEP2_CTRL & ~MASK_UEP_T_RES | UEP_T_RES_NAK; // Respond NAK by default
      00025C 74 FC            [12] 1421 	mov	a,#0xfc
      00025E 55 D4            [12] 1422 	anl	a,_UEP2_CTRL
      000260 44 02            [12] 1423 	orl	a,#0x02
      000262 F5 D4            [12] 1424 	mov	_UEP2_CTRL,a
                                   1425 ;	C:\Users\tonyp\AppData\Local\Arduino15\packages\CH55xDuino\hardware\mcs51\0.0.23\cores\ch55xduino\USBCDC.c:193: UpPoint2BusyFlag = 0;                            // Clear busy flag
                                   1426 ;	assignBit
      000264 C2*00            [12] 1427 	clr	_UpPoint2BusyFlag
                                   1428 ;	C:\Users\tonyp\AppData\Local\Arduino15\packages\CH55xDuino\hardware\mcs51\0.0.23\cores\ch55xduino\USBCDC.c:194: }
      000266 22               [24] 1429 	ret
                                   1430 ;------------------------------------------------------------
                                   1431 ;Allocation info for local variables in function 'USB_EP2_OUT'
                                   1432 ;------------------------------------------------------------
                                   1433 ;	C:\Users\tonyp\AppData\Local\Arduino15\packages\CH55xDuino\hardware\mcs51\0.0.23\cores\ch55xduino\USBCDC.c:196: void USB_EP2_OUT() {
                                   1434 ;	-----------------------------------------
                                   1435 ;	 function USB_EP2_OUT
                                   1436 ;	-----------------------------------------
      000267                       1437 _USB_EP2_OUT:
                                   1438 ;	C:\Users\tonyp\AppData\Local\Arduino15\packages\CH55xDuino\hardware\mcs51\0.0.23\cores\ch55xduino\USBCDC.c:197: if (U_TOG_OK) // Discard unsynchronized packets
      000267 30 DE 19         [24] 1439 	jnb	_U_TOG_OK,00105$
                                   1440 ;	C:\Users\tonyp\AppData\Local\Arduino15\packages\CH55xDuino\hardware\mcs51\0.0.23\cores\ch55xduino\USBCDC.c:199: USBByteCountEP2 = USB_RX_LEN;
      00026A 90r00r07         [24] 1441 	mov	dptr,#_USBByteCountEP2
      00026D E5 D1            [12] 1442 	mov	a,_USB_RX_LEN
      00026F F0               [24] 1443 	movx	@dptr,a
                                   1444 ;	C:\Users\tonyp\AppData\Local\Arduino15\packages\CH55xDuino\hardware\mcs51\0.0.23\cores\ch55xduino\USBCDC.c:200: USBBufOutPointEP2 = 0; // Reset Data pointer for fetching
      000270 90r00r08         [24] 1445 	mov	dptr,#_USBBufOutPointEP2
      000273 E4               [12] 1446 	clr	a
      000274 F0               [24] 1447 	movx	@dptr,a
                                   1448 ;	C:\Users\tonyp\AppData\Local\Arduino15\packages\CH55xDuino\hardware\mcs51\0.0.23\cores\ch55xduino\USBCDC.c:201: if (USBByteCountEP2)
      000275 90r00r07         [24] 1449 	mov	dptr,#_USBByteCountEP2
      000278 E0               [24] 1450 	movx	a,@dptr
      000279 60 08            [24] 1451 	jz	00105$
                                   1452 ;	C:\Users\tonyp\AppData\Local\Arduino15\packages\CH55xDuino\hardware\mcs51\0.0.23\cores\ch55xduino\USBCDC.c:202: UEP2_CTRL = UEP2_CTRL & ~MASK_UEP_R_RES |
      00027B 74 F3            [12] 1453 	mov	a,#0xf3
      00027D 55 D4            [12] 1454 	anl	a,_UEP2_CTRL
      00027F 44 08            [12] 1455 	orl	a,#0x08
      000281 F5 D4            [12] 1456 	mov	_UEP2_CTRL,a
      000283                       1457 00105$:
                                   1458 ;	C:\Users\tonyp\AppData\Local\Arduino15\packages\CH55xDuino\hardware\mcs51\0.0.23\cores\ch55xduino\USBCDC.c:206: }
      000283 22               [24] 1459 	ret
                                   1460 	.area CSEG    (CODE)
                                   1461 	.area CONST   (CODE)
                                   1462 	.area XINIT   (CODE)
      000000                       1463 __xinit__LineCoding:
      000000 00                    1464 	.db #0x00	; 0
      000001 E1                    1465 	.db #0xe1	; 225
      000002 00                    1466 	.db #0x00	; 0
      000003 00                    1467 	.db #0x00	; 0
      000004 00                    1468 	.db #0x00	; 0
      000005 00                    1469 	.db #0x00	; 0
      000006 08                    1470 	.db #0x08	; 8
      000007                       1471 __xinit__USBByteCountEP2:
      000007 00                    1472 	.db #0x00	; 0
      000008                       1473 __xinit__USBBufOutPointEP2:
      000008 00                    1474 	.db #0x00	; 0
      000009                       1475 __xinit__controlLineState:
      000009 00                    1476 	.db #0x00	; 0
      00000A                       1477 __xinit__usbWritePointer:
      00000A 00                    1478 	.db #0x00	; 0
                                   1479 	.area CABS    (ABS,CODE)
