                                      1 ;--------------------------------------------------------
                                      2 ; File Created by SDCC : free open source ISO C Compiler 
                                      3 ; Version 4.2.2 #13407 (MINGW32)
                                      4 ;--------------------------------------------------------
                                      5 	.module USBhandler
                                      6 	.optsdcc -mmcs51 --model-large
                                      7 	
                                      8 ;--------------------------------------------------------
                                      9 ; Public variables in this module
                                     10 ;--------------------------------------------------------
                                     11 	.globl _USBDeviceEndPointCfg
                                     12 	.globl _USBDeviceIntCfg
                                     13 	.globl _USBDeviceCfg
                                     14 	.globl _USB_EP1_IN
                                     15 	.globl _USB_EP0_OUT
                                     16 	.globl _USB_EP0_IN
                                     17 	.globl _USB_EP0_SETUP
                                     18 	.globl _USB_EP2_OUT
                                     19 	.globl _USB_EP2_IN
                                     20 	.globl _setControlLineStateHandler
                                     21 	.globl _getLineCodingHandler
                                     22 	.globl _setLineCodingHandler
                                     23 	.globl _resetCDCParameters
                                     24 	.globl _UIF_BUS_RST
                                     25 	.globl _UIF_DETECT
                                     26 	.globl _UIF_TRANSFER
                                     27 	.globl _UIF_SUSPEND
                                     28 	.globl _UIF_HST_SOF
                                     29 	.globl _UIF_FIFO_OV
                                     30 	.globl _U_SIE_FREE
                                     31 	.globl _U_TOG_OK
                                     32 	.globl _U_IS_NAK
                                     33 	.globl _S0_R_FIFO0
                                     34 	.globl _S0_R_FIFO1
                                     35 	.globl _S0_T_FIFO
                                     36 	.globl _S0_FREE
                                     37 	.globl _S0_IF_BYTE
                                     38 	.globl _S0_IF_FIRST
                                     39 	.globl _S0_IF_OV
                                     40 	.globl _S0_FST_ACT
                                     41 	.globl _CP_RL2
                                     42 	.globl _C_T2
                                     43 	.globl _TR2
                                     44 	.globl _EXEN2
                                     45 	.globl _TCLK
                                     46 	.globl _RCLK
                                     47 	.globl _EXF2
                                     48 	.globl _CAP1F
                                     49 	.globl _TF2
                                     50 	.globl _RI
                                     51 	.globl _TI
                                     52 	.globl _RB8
                                     53 	.globl _TB8
                                     54 	.globl _REN
                                     55 	.globl _SM2
                                     56 	.globl _SM1
                                     57 	.globl _SM0
                                     58 	.globl _IT0
                                     59 	.globl _IE0
                                     60 	.globl _IT1
                                     61 	.globl _IE1
                                     62 	.globl _TR0
                                     63 	.globl _TF0
                                     64 	.globl _TR1
                                     65 	.globl _TF1
                                     66 	.globl _P4_OUT_0
                                     67 	.globl _P4_OUT_1
                                     68 	.globl _P4_OUT_2
                                     69 	.globl _P4_OUT_3
                                     70 	.globl _P4_OUT_4
                                     71 	.globl _P4_OUT_5
                                     72 	.globl _P4_OUT_6
                                     73 	.globl _P4_OUT_7
                                     74 	.globl _RXD1_
                                     75 	.globl _LED2
                                     76 	.globl _CAP3_
                                     77 	.globl _PWM3_
                                     78 	.globl _PWM1_
                                     79 	.globl _TXD1_
                                     80 	.globl _TNOW_
                                     81 	.globl _LED3
                                     82 	.globl _PWM2_
                                     83 	.globl _SCS_
                                     84 	.globl _SCK_
                                     85 	.globl _P3_0
                                     86 	.globl _P3_1
                                     87 	.globl _P3_2
                                     88 	.globl _P3_3
                                     89 	.globl _P3_4
                                     90 	.globl _P3_5
                                     91 	.globl _P3_6
                                     92 	.globl _P3_7
                                     93 	.globl _RXD
                                     94 	.globl _TXD
                                     95 	.globl _INT0
                                     96 	.globl _LED0
                                     97 	.globl _INT1
                                     98 	.globl _LED1
                                     99 	.globl _T0
                                    100 	.globl _XCS0
                                    101 	.globl _LEDC
                                    102 	.globl _T1
                                    103 	.globl _DA6
                                    104 	.globl _WR
                                    105 	.globl _RD
                                    106 	.globl _P2_0
                                    107 	.globl _P2_1
                                    108 	.globl _P2_2
                                    109 	.globl _P2_3
                                    110 	.globl _P2_4
                                    111 	.globl _P2_5
                                    112 	.globl _P2_6
                                    113 	.globl _P2_7
                                    114 	.globl _MOSI1
                                    115 	.globl _MISO1
                                    116 	.globl _SCK1
                                    117 	.globl _PWM1
                                    118 	.globl _CAP2_
                                    119 	.globl _T2EX_
                                    120 	.globl _PWM2
                                    121 	.globl _TNOW
                                    122 	.globl _RXD1
                                    123 	.globl _DA7
                                    124 	.globl _TXD1
                                    125 	.globl _P1_0
                                    126 	.globl _P1_1
                                    127 	.globl _P1_2
                                    128 	.globl _P1_3
                                    129 	.globl _P1_4
                                    130 	.globl _P1_5
                                    131 	.globl _P1_6
                                    132 	.globl _P1_7
                                    133 	.globl _CAP1
                                    134 	.globl _T2
                                    135 	.globl _CAP2
                                    136 	.globl _T2EX
                                    137 	.globl _CAP3
                                    138 	.globl _PWM3
                                    139 	.globl _SCS
                                    140 	.globl _MOSI
                                    141 	.globl _MISO
                                    142 	.globl _SCK
                                    143 	.globl _AIN0
                                    144 	.globl _AIN1
                                    145 	.globl _AIN2
                                    146 	.globl _AIN3
                                    147 	.globl _AIN4
                                    148 	.globl _AIN5
                                    149 	.globl _AIN6
                                    150 	.globl _AIN7
                                    151 	.globl _P0_0
                                    152 	.globl _P0_1
                                    153 	.globl _P0_2
                                    154 	.globl _P0_3
                                    155 	.globl _P0_4
                                    156 	.globl _P0_5
                                    157 	.globl _P0_6
                                    158 	.globl _P0_7
                                    159 	.globl _UDTR
                                    160 	.globl _URTS
                                    161 	.globl _RXD_
                                    162 	.globl _TXD_
                                    163 	.globl _UCTS
                                    164 	.globl _UDSR
                                    165 	.globl _URI
                                    166 	.globl _UDCD
                                    167 	.globl _IE_SPI0
                                    168 	.globl _IE_TMR3
                                    169 	.globl _IE_USB
                                    170 	.globl _IE_ADC
                                    171 	.globl _IE_UART1
                                    172 	.globl _IE_PWM1
                                    173 	.globl _IE_GPIO
                                    174 	.globl _IE_WDOG
                                    175 	.globl _PX0
                                    176 	.globl _PT0
                                    177 	.globl _PX1
                                    178 	.globl _PT1
                                    179 	.globl _PS
                                    180 	.globl _PT2
                                    181 	.globl _PL_FLAG
                                    182 	.globl _PH_FLAG
                                    183 	.globl _EX0
                                    184 	.globl _ET0
                                    185 	.globl _EX1
                                    186 	.globl _ET1
                                    187 	.globl _ES
                                    188 	.globl _ET2
                                    189 	.globl _E_DIS
                                    190 	.globl _EA
                                    191 	.globl _P
                                    192 	.globl _F1
                                    193 	.globl _OV
                                    194 	.globl _RS0
                                    195 	.globl _RS1
                                    196 	.globl _F0
                                    197 	.globl _AC
                                    198 	.globl _CY
                                    199 	.globl _USB_DMA_AH
                                    200 	.globl _USB_DMA_AL
                                    201 	.globl _USB_DMA
                                    202 	.globl _UHUB1_CTRL
                                    203 	.globl _UDEV_CTRL
                                    204 	.globl _USB_DEV_AD
                                    205 	.globl _USB_CTRL
                                    206 	.globl _USB_INT_EN
                                    207 	.globl _UEP4_T_LEN
                                    208 	.globl _UEP4_CTRL
                                    209 	.globl _UEP0_T_LEN
                                    210 	.globl _UEP0_CTRL
                                    211 	.globl _USB_HUB_ST
                                    212 	.globl _USB_MIS_ST
                                    213 	.globl _USB_INT_ST
                                    214 	.globl _USB_INT_FG
                                    215 	.globl _UEP3_T_LEN
                                    216 	.globl _UEP3_CTRL
                                    217 	.globl _UEP2_T_LEN
                                    218 	.globl _UEP2_CTRL
                                    219 	.globl _UEP1_T_LEN
                                    220 	.globl _UEP1_CTRL
                                    221 	.globl _USB_RX_LEN
                                    222 	.globl _ADC_EX_SW
                                    223 	.globl _ADC_SETUP
                                    224 	.globl _ADC_FIFO_H
                                    225 	.globl _ADC_FIFO_L
                                    226 	.globl _ADC_FIFO
                                    227 	.globl _ADC_CHANN
                                    228 	.globl _ADC_CTRL
                                    229 	.globl _ADC_STAT
                                    230 	.globl _ADC_CK_SE
                                    231 	.globl _ADC_DMA_CN
                                    232 	.globl _ADC_DMA_AH
                                    233 	.globl _ADC_DMA_AL
                                    234 	.globl _ADC_DMA
                                    235 	.globl _SER1_ADDR
                                    236 	.globl _SER1_MSR
                                    237 	.globl _SER1_LSR
                                    238 	.globl _SER1_MCR
                                    239 	.globl _SER1_LCR
                                    240 	.globl _SER1_IIR
                                    241 	.globl _SER1_IER
                                    242 	.globl _SER1_FIFO
                                    243 	.globl _SPI1_CK_SE
                                    244 	.globl _SPI1_CTRL
                                    245 	.globl _SPI1_DATA
                                    246 	.globl _SPI1_STAT
                                    247 	.globl _SPI0_SETUP
                                    248 	.globl _SPI0_CK_SE
                                    249 	.globl _SPI0_CTRL
                                    250 	.globl _SPI0_DATA
                                    251 	.globl _SPI0_STAT
                                    252 	.globl _PWM_CYCLE
                                    253 	.globl _PWM_CK_SE
                                    254 	.globl _PWM_CTRL
                                    255 	.globl _PWM_DATA
                                    256 	.globl _PWM_DATA2
                                    257 	.globl _T3_FIFO_H
                                    258 	.globl _T3_FIFO_L
                                    259 	.globl _T3_FIFO
                                    260 	.globl _T3_DMA_AH
                                    261 	.globl _T3_DMA_AL
                                    262 	.globl _T3_DMA
                                    263 	.globl _T3_DMA_CN
                                    264 	.globl _T3_CTRL
                                    265 	.globl _T3_STAT
                                    266 	.globl _T3_END_H
                                    267 	.globl _T3_END_L
                                    268 	.globl _T3_END
                                    269 	.globl _T3_COUNT_H
                                    270 	.globl _T3_COUNT_L
                                    271 	.globl _T3_COUNT
                                    272 	.globl _T3_SETUP
                                    273 	.globl _TH2
                                    274 	.globl _TL2
                                    275 	.globl _T2COUNT
                                    276 	.globl _RCAP2H
                                    277 	.globl _RCAP2L
                                    278 	.globl _RCAP2
                                    279 	.globl _T2MOD
                                    280 	.globl _T2CON
                                    281 	.globl _SBUF
                                    282 	.globl _SCON
                                    283 	.globl _TH1
                                    284 	.globl _TH0
                                    285 	.globl _TL1
                                    286 	.globl _TL0
                                    287 	.globl _TMOD
                                    288 	.globl _TCON
                                    289 	.globl _XBUS_SPEED
                                    290 	.globl _XBUS_AUX
                                    291 	.globl _PIN_FUNC
                                    292 	.globl _PORT_CFG
                                    293 	.globl _P5_IN
                                    294 	.globl _P4_PU
                                    295 	.globl _P4_DIR
                                    296 	.globl _P4_IN
                                    297 	.globl _P4_OUT
                                    298 	.globl _P3_PU
                                    299 	.globl _P3_DIR
                                    300 	.globl _P3
                                    301 	.globl _P2_PU
                                    302 	.globl _P2_DIR
                                    303 	.globl _P2
                                    304 	.globl _P1_PU
                                    305 	.globl _P1_DIR
                                    306 	.globl _P1_IE
                                    307 	.globl _P1
                                    308 	.globl _P0_PU
                                    309 	.globl _P0_DIR
                                    310 	.globl _P0
                                    311 	.globl _ROM_CTRL
                                    312 	.globl _ROM_DATA_H
                                    313 	.globl _ROM_DATA_L
                                    314 	.globl _ROM_DATA
                                    315 	.globl _ROM_ADDR_H
                                    316 	.globl _ROM_ADDR_L
                                    317 	.globl _ROM_ADDR
                                    318 	.globl _GPIO_IE
                                    319 	.globl _IP_EX
                                    320 	.globl _IE_EX
                                    321 	.globl _IP
                                    322 	.globl _IE
                                    323 	.globl _WDOG_COUNT
                                    324 	.globl _RESET_KEEP
                                    325 	.globl _WAKE_CTRL
                                    326 	.globl _SLEEP_CTRL
                                    327 	.globl _CLOCK_CFG
                                    328 	.globl _PLL_CFG
                                    329 	.globl _PCON
                                    330 	.globl _GLOBAL_CFG
                                    331 	.globl _SAFE_MOD
                                    332 	.globl _DPH
                                    333 	.globl _DPL
                                    334 	.globl _SP
                                    335 	.globl _B
                                    336 	.globl _ACC
                                    337 	.globl _PSW
                                    338 	.globl _UsbConfig
                                    339 	.globl _Ep2Buffer
                                    340 	.globl _Ep1Buffer
                                    341 	.globl _Ep0Buffer
                                    342 	.globl _LED_DMA_XL
                                    343 	.globl _LED_DMA_XH
                                    344 	.globl _LED_DMA_CN
                                    345 	.globl _LED_DMA_AL
                                    346 	.globl _LED_DMA_AH
                                    347 	.globl _LED_CK_SE
                                    348 	.globl _LED_DATA
                                    349 	.globl _LED_CTRL
                                    350 	.globl _LED_STAT
                                    351 	.globl _UEP3_DMA_L
                                    352 	.globl _UEP3_DMA_H
                                    353 	.globl _UEP2_DMA_L
                                    354 	.globl _UEP2_DMA_H
                                    355 	.globl _UEP1_DMA_L
                                    356 	.globl _UEP1_DMA_H
                                    357 	.globl _UEP0_DMA_L
                                    358 	.globl _UEP0_DMA_H
                                    359 	.globl _UEP2_3_MOD
                                    360 	.globl _UEP4_1_MOD
                                    361 	.globl _pLED_DMA_XL
                                    362 	.globl _pLED_DMA_XH
                                    363 	.globl _pLED_DMA_CN
                                    364 	.globl _pLED_DMA_AL
                                    365 	.globl _pLED_DMA_AH
                                    366 	.globl _pLED_CK_SE
                                    367 	.globl _pLED_DATA
                                    368 	.globl _pLED_CTRL
                                    369 	.globl _pLED_STAT
                                    370 	.globl _pUEP3_DMA_L
                                    371 	.globl _pUEP3_DMA_H
                                    372 	.globl _pUEP2_DMA_L
                                    373 	.globl _pUEP2_DMA_H
                                    374 	.globl _pUEP1_DMA_L
                                    375 	.globl _pUEP1_DMA_H
                                    376 	.globl _pUEP0_DMA_L
                                    377 	.globl _pUEP0_DMA_H
                                    378 	.globl _pUEP2_3_MOD
                                    379 	.globl _pUEP4_1_MOD
                                    380 	.globl _pDescr
                                    381 	.globl _SetupReq
                                    382 	.globl _SetupLen
                                    383 	.globl _USBInterrupt
                                    384 ;--------------------------------------------------------
                                    385 ; special function registers
                                    386 ;--------------------------------------------------------
                                    387 	.area RSEG    (ABS,DATA)
      000000                        388 	.org 0x0000
                           0000D0   389 _PSW	=	0x00d0
                           0000E0   390 _ACC	=	0x00e0
                           0000F0   391 _B	=	0x00f0
                           000081   392 _SP	=	0x0081
                           000082   393 _DPL	=	0x0082
                           000083   394 _DPH	=	0x0083
                           0000A1   395 _SAFE_MOD	=	0x00a1
                           0000B1   396 _GLOBAL_CFG	=	0x00b1
                           000087   397 _PCON	=	0x0087
                           0000B2   398 _PLL_CFG	=	0x00b2
                           0000B3   399 _CLOCK_CFG	=	0x00b3
                           0000EA   400 _SLEEP_CTRL	=	0x00ea
                           0000EB   401 _WAKE_CTRL	=	0x00eb
                           0000FE   402 _RESET_KEEP	=	0x00fe
                           0000FF   403 _WDOG_COUNT	=	0x00ff
                           0000A8   404 _IE	=	0x00a8
                           0000B8   405 _IP	=	0x00b8
                           0000E8   406 _IE_EX	=	0x00e8
                           0000E9   407 _IP_EX	=	0x00e9
                           0000CF   408 _GPIO_IE	=	0x00cf
                           008584   409 _ROM_ADDR	=	0x8584
                           000084   410 _ROM_ADDR_L	=	0x0084
                           000085   411 _ROM_ADDR_H	=	0x0085
                           008F8E   412 _ROM_DATA	=	0x8f8e
                           00008E   413 _ROM_DATA_L	=	0x008e
                           00008F   414 _ROM_DATA_H	=	0x008f
                           000086   415 _ROM_CTRL	=	0x0086
                           000080   416 _P0	=	0x0080
                           0000C4   417 _P0_DIR	=	0x00c4
                           0000C5   418 _P0_PU	=	0x00c5
                           000090   419 _P1	=	0x0090
                           0000B9   420 _P1_IE	=	0x00b9
                           0000BA   421 _P1_DIR	=	0x00ba
                           0000BB   422 _P1_PU	=	0x00bb
                           0000A0   423 _P2	=	0x00a0
                           0000BC   424 _P2_DIR	=	0x00bc
                           0000BD   425 _P2_PU	=	0x00bd
                           0000B0   426 _P3	=	0x00b0
                           0000BE   427 _P3_DIR	=	0x00be
                           0000BF   428 _P3_PU	=	0x00bf
                           0000C0   429 _P4_OUT	=	0x00c0
                           0000C1   430 _P4_IN	=	0x00c1
                           0000C2   431 _P4_DIR	=	0x00c2
                           0000C3   432 _P4_PU	=	0x00c3
                           0000C7   433 _P5_IN	=	0x00c7
                           0000C6   434 _PORT_CFG	=	0x00c6
                           0000CE   435 _PIN_FUNC	=	0x00ce
                           0000A2   436 _XBUS_AUX	=	0x00a2
                           0000FD   437 _XBUS_SPEED	=	0x00fd
                           000088   438 _TCON	=	0x0088
                           000089   439 _TMOD	=	0x0089
                           00008A   440 _TL0	=	0x008a
                           00008B   441 _TL1	=	0x008b
                           00008C   442 _TH0	=	0x008c
                           00008D   443 _TH1	=	0x008d
                           000098   444 _SCON	=	0x0098
                           000099   445 _SBUF	=	0x0099
                           0000C8   446 _T2CON	=	0x00c8
                           0000C9   447 _T2MOD	=	0x00c9
                           00CBCA   448 _RCAP2	=	0xcbca
                           0000CA   449 _RCAP2L	=	0x00ca
                           0000CB   450 _RCAP2H	=	0x00cb
                           00CDCC   451 _T2COUNT	=	0xcdcc
                           0000CC   452 _TL2	=	0x00cc
                           0000CD   453 _TH2	=	0x00cd
                           0000A3   454 _T3_SETUP	=	0x00a3
                           00A5A4   455 _T3_COUNT	=	0xa5a4
                           0000A4   456 _T3_COUNT_L	=	0x00a4
                           0000A5   457 _T3_COUNT_H	=	0x00a5
                           00A7A6   458 _T3_END	=	0xa7a6
                           0000A6   459 _T3_END_L	=	0x00a6
                           0000A7   460 _T3_END_H	=	0x00a7
                           0000A9   461 _T3_STAT	=	0x00a9
                           0000AA   462 _T3_CTRL	=	0x00aa
                           0000AB   463 _T3_DMA_CN	=	0x00ab
                           00ADAC   464 _T3_DMA	=	0xadac
                           0000AC   465 _T3_DMA_AL	=	0x00ac
                           0000AD   466 _T3_DMA_AH	=	0x00ad
                           00AFAE   467 _T3_FIFO	=	0xafae
                           0000AE   468 _T3_FIFO_L	=	0x00ae
                           0000AF   469 _T3_FIFO_H	=	0x00af
                           00009B   470 _PWM_DATA2	=	0x009b
                           00009C   471 _PWM_DATA	=	0x009c
                           00009D   472 _PWM_CTRL	=	0x009d
                           00009E   473 _PWM_CK_SE	=	0x009e
                           00009F   474 _PWM_CYCLE	=	0x009f
                           0000F8   475 _SPI0_STAT	=	0x00f8
                           0000F9   476 _SPI0_DATA	=	0x00f9
                           0000FA   477 _SPI0_CTRL	=	0x00fa
                           0000FB   478 _SPI0_CK_SE	=	0x00fb
                           0000FC   479 _SPI0_SETUP	=	0x00fc
                           0000B4   480 _SPI1_STAT	=	0x00b4
                           0000B5   481 _SPI1_DATA	=	0x00b5
                           0000B6   482 _SPI1_CTRL	=	0x00b6
                           0000B7   483 _SPI1_CK_SE	=	0x00b7
                           00009A   484 _SER1_FIFO	=	0x009a
                           000091   485 _SER1_IER	=	0x0091
                           000092   486 _SER1_IIR	=	0x0092
                           000093   487 _SER1_LCR	=	0x0093
                           000094   488 _SER1_MCR	=	0x0094
                           000095   489 _SER1_LSR	=	0x0095
                           000096   490 _SER1_MSR	=	0x0096
                           000097   491 _SER1_ADDR	=	0x0097
                           00EDEC   492 _ADC_DMA	=	0xedec
                           0000EC   493 _ADC_DMA_AL	=	0x00ec
                           0000ED   494 _ADC_DMA_AH	=	0x00ed
                           0000EE   495 _ADC_DMA_CN	=	0x00ee
                           0000EF   496 _ADC_CK_SE	=	0x00ef
                           0000F1   497 _ADC_STAT	=	0x00f1
                           0000F2   498 _ADC_CTRL	=	0x00f2
                           0000F3   499 _ADC_CHANN	=	0x00f3
                           00F5F4   500 _ADC_FIFO	=	0xf5f4
                           0000F4   501 _ADC_FIFO_L	=	0x00f4
                           0000F5   502 _ADC_FIFO_H	=	0x00f5
                           0000F6   503 _ADC_SETUP	=	0x00f6
                           0000F7   504 _ADC_EX_SW	=	0x00f7
                           0000D1   505 _USB_RX_LEN	=	0x00d1
                           0000D2   506 _UEP1_CTRL	=	0x00d2
                           0000D3   507 _UEP1_T_LEN	=	0x00d3
                           0000D4   508 _UEP2_CTRL	=	0x00d4
                           0000D5   509 _UEP2_T_LEN	=	0x00d5
                           0000D6   510 _UEP3_CTRL	=	0x00d6
                           0000D7   511 _UEP3_T_LEN	=	0x00d7
                           0000D8   512 _USB_INT_FG	=	0x00d8
                           0000D9   513 _USB_INT_ST	=	0x00d9
                           0000DA   514 _USB_MIS_ST	=	0x00da
                           0000DB   515 _USB_HUB_ST	=	0x00db
                           0000DC   516 _UEP0_CTRL	=	0x00dc
                           0000DD   517 _UEP0_T_LEN	=	0x00dd
                           0000DE   518 _UEP4_CTRL	=	0x00de
                           0000DF   519 _UEP4_T_LEN	=	0x00df
                           0000E1   520 _USB_INT_EN	=	0x00e1
                           0000E2   521 _USB_CTRL	=	0x00e2
                           0000E3   522 _USB_DEV_AD	=	0x00e3
                           0000E4   523 _UDEV_CTRL	=	0x00e4
                           0000E5   524 _UHUB1_CTRL	=	0x00e5
                           00E7E6   525 _USB_DMA	=	0xe7e6
                           0000E6   526 _USB_DMA_AL	=	0x00e6
                           0000E7   527 _USB_DMA_AH	=	0x00e7
                                    528 ;--------------------------------------------------------
                                    529 ; special function bits
                                    530 ;--------------------------------------------------------
                                    531 	.area RSEG    (ABS,DATA)
      000000                        532 	.org 0x0000
                           0000D7   533 _CY	=	0x00d7
                           0000D6   534 _AC	=	0x00d6
                           0000D5   535 _F0	=	0x00d5
                           0000D4   536 _RS1	=	0x00d4
                           0000D3   537 _RS0	=	0x00d3
                           0000D2   538 _OV	=	0x00d2
                           0000D1   539 _F1	=	0x00d1
                           0000D0   540 _P	=	0x00d0
                           0000AF   541 _EA	=	0x00af
                           0000AE   542 _E_DIS	=	0x00ae
                           0000AD   543 _ET2	=	0x00ad
                           0000AC   544 _ES	=	0x00ac
                           0000AB   545 _ET1	=	0x00ab
                           0000AA   546 _EX1	=	0x00aa
                           0000A9   547 _ET0	=	0x00a9
                           0000A8   548 _EX0	=	0x00a8
                           0000BF   549 _PH_FLAG	=	0x00bf
                           0000BE   550 _PL_FLAG	=	0x00be
                           0000BD   551 _PT2	=	0x00bd
                           0000BC   552 _PS	=	0x00bc
                           0000BB   553 _PT1	=	0x00bb
                           0000BA   554 _PX1	=	0x00ba
                           0000B9   555 _PT0	=	0x00b9
                           0000B8   556 _PX0	=	0x00b8
                           0000EF   557 _IE_WDOG	=	0x00ef
                           0000EE   558 _IE_GPIO	=	0x00ee
                           0000ED   559 _IE_PWM1	=	0x00ed
                           0000EC   560 _IE_UART1	=	0x00ec
                           0000EB   561 _IE_ADC	=	0x00eb
                           0000EA   562 _IE_USB	=	0x00ea
                           0000E9   563 _IE_TMR3	=	0x00e9
                           0000E8   564 _IE_SPI0	=	0x00e8
                           000087   565 _UDCD	=	0x0087
                           000086   566 _URI	=	0x0086
                           000085   567 _UDSR	=	0x0085
                           000084   568 _UCTS	=	0x0084
                           000083   569 _TXD_	=	0x0083
                           000082   570 _RXD_	=	0x0082
                           000081   571 _URTS	=	0x0081
                           000080   572 _UDTR	=	0x0080
                           000087   573 _P0_7	=	0x0087
                           000086   574 _P0_6	=	0x0086
                           000085   575 _P0_5	=	0x0085
                           000084   576 _P0_4	=	0x0084
                           000083   577 _P0_3	=	0x0083
                           000082   578 _P0_2	=	0x0082
                           000081   579 _P0_1	=	0x0081
                           000080   580 _P0_0	=	0x0080
                           000097   581 _AIN7	=	0x0097
                           000096   582 _AIN6	=	0x0096
                           000095   583 _AIN5	=	0x0095
                           000094   584 _AIN4	=	0x0094
                           000093   585 _AIN3	=	0x0093
                           000092   586 _AIN2	=	0x0092
                           000091   587 _AIN1	=	0x0091
                           000090   588 _AIN0	=	0x0090
                           000097   589 _SCK	=	0x0097
                           000096   590 _MISO	=	0x0096
                           000095   591 _MOSI	=	0x0095
                           000094   592 _SCS	=	0x0094
                           000092   593 _PWM3	=	0x0092
                           000092   594 _CAP3	=	0x0092
                           000091   595 _T2EX	=	0x0091
                           000091   596 _CAP2	=	0x0091
                           000090   597 _T2	=	0x0090
                           000090   598 _CAP1	=	0x0090
                           000097   599 _P1_7	=	0x0097
                           000096   600 _P1_6	=	0x0096
                           000095   601 _P1_5	=	0x0095
                           000094   602 _P1_4	=	0x0094
                           000093   603 _P1_3	=	0x0093
                           000092   604 _P1_2	=	0x0092
                           000091   605 _P1_1	=	0x0091
                           000090   606 _P1_0	=	0x0090
                           0000A7   607 _TXD1	=	0x00a7
                           0000A7   608 _DA7	=	0x00a7
                           0000A6   609 _RXD1	=	0x00a6
                           0000A5   610 _TNOW	=	0x00a5
                           0000A5   611 _PWM2	=	0x00a5
                           0000A5   612 _T2EX_	=	0x00a5
                           0000A5   613 _CAP2_	=	0x00a5
                           0000A4   614 _PWM1	=	0x00a4
                           0000A3   615 _SCK1	=	0x00a3
                           0000A2   616 _MISO1	=	0x00a2
                           0000A1   617 _MOSI1	=	0x00a1
                           0000A7   618 _P2_7	=	0x00a7
                           0000A6   619 _P2_6	=	0x00a6
                           0000A5   620 _P2_5	=	0x00a5
                           0000A4   621 _P2_4	=	0x00a4
                           0000A3   622 _P2_3	=	0x00a3
                           0000A2   623 _P2_2	=	0x00a2
                           0000A1   624 _P2_1	=	0x00a1
                           0000A0   625 _P2_0	=	0x00a0
                           0000B7   626 _RD	=	0x00b7
                           0000B6   627 _WR	=	0x00b6
                           0000B5   628 _DA6	=	0x00b5
                           0000B5   629 _T1	=	0x00b5
                           0000B4   630 _LEDC	=	0x00b4
                           0000B4   631 _XCS0	=	0x00b4
                           0000B4   632 _T0	=	0x00b4
                           0000B3   633 _LED1	=	0x00b3
                           0000B3   634 _INT1	=	0x00b3
                           0000B2   635 _LED0	=	0x00b2
                           0000B2   636 _INT0	=	0x00b2
                           0000B1   637 _TXD	=	0x00b1
                           0000B0   638 _RXD	=	0x00b0
                           0000B7   639 _P3_7	=	0x00b7
                           0000B6   640 _P3_6	=	0x00b6
                           0000B5   641 _P3_5	=	0x00b5
                           0000B4   642 _P3_4	=	0x00b4
                           0000B3   643 _P3_3	=	0x00b3
                           0000B2   644 _P3_2	=	0x00b2
                           0000B1   645 _P3_1	=	0x00b1
                           0000B0   646 _P3_0	=	0x00b0
                           0000C7   647 _SCK_	=	0x00c7
                           0000C6   648 _SCS_	=	0x00c6
                           0000C5   649 _PWM2_	=	0x00c5
                           0000C4   650 _LED3	=	0x00c4
                           0000C4   651 _TNOW_	=	0x00c4
                           0000C4   652 _TXD1_	=	0x00c4
                           0000C3   653 _PWM1_	=	0x00c3
                           0000C2   654 _PWM3_	=	0x00c2
                           0000C2   655 _CAP3_	=	0x00c2
                           0000C0   656 _LED2	=	0x00c0
                           0000C0   657 _RXD1_	=	0x00c0
                           0000C7   658 _P4_OUT_7	=	0x00c7
                           0000C6   659 _P4_OUT_6	=	0x00c6
                           0000C5   660 _P4_OUT_5	=	0x00c5
                           0000C4   661 _P4_OUT_4	=	0x00c4
                           0000C3   662 _P4_OUT_3	=	0x00c3
                           0000C2   663 _P4_OUT_2	=	0x00c2
                           0000C1   664 _P4_OUT_1	=	0x00c1
                           0000C0   665 _P4_OUT_0	=	0x00c0
                           00008F   666 _TF1	=	0x008f
                           00008E   667 _TR1	=	0x008e
                           00008D   668 _TF0	=	0x008d
                           00008C   669 _TR0	=	0x008c
                           00008B   670 _IE1	=	0x008b
                           00008A   671 _IT1	=	0x008a
                           000089   672 _IE0	=	0x0089
                           000088   673 _IT0	=	0x0088
                           00009F   674 _SM0	=	0x009f
                           00009E   675 _SM1	=	0x009e
                           00009D   676 _SM2	=	0x009d
                           00009C   677 _REN	=	0x009c
                           00009B   678 _TB8	=	0x009b
                           00009A   679 _RB8	=	0x009a
                           000099   680 _TI	=	0x0099
                           000098   681 _RI	=	0x0098
                           0000CF   682 _TF2	=	0x00cf
                           0000CF   683 _CAP1F	=	0x00cf
                           0000CE   684 _EXF2	=	0x00ce
                           0000CD   685 _RCLK	=	0x00cd
                           0000CC   686 _TCLK	=	0x00cc
                           0000CB   687 _EXEN2	=	0x00cb
                           0000CA   688 _TR2	=	0x00ca
                           0000C9   689 _C_T2	=	0x00c9
                           0000C8   690 _CP_RL2	=	0x00c8
                           0000FF   691 _S0_FST_ACT	=	0x00ff
                           0000FE   692 _S0_IF_OV	=	0x00fe
                           0000FD   693 _S0_IF_FIRST	=	0x00fd
                           0000FC   694 _S0_IF_BYTE	=	0x00fc
                           0000FB   695 _S0_FREE	=	0x00fb
                           0000FA   696 _S0_T_FIFO	=	0x00fa
                           0000F9   697 _S0_R_FIFO1	=	0x00f9
                           0000F8   698 _S0_R_FIFO0	=	0x00f8
                           0000DF   699 _U_IS_NAK	=	0x00df
                           0000DE   700 _U_TOG_OK	=	0x00de
                           0000DD   701 _U_SIE_FREE	=	0x00dd
                           0000DC   702 _UIF_FIFO_OV	=	0x00dc
                           0000DB   703 _UIF_HST_SOF	=	0x00db
                           0000DA   704 _UIF_SUSPEND	=	0x00da
                           0000D9   705 _UIF_TRANSFER	=	0x00d9
                           0000D8   706 _UIF_DETECT	=	0x00d8
                           0000D8   707 _UIF_BUS_RST	=	0x00d8
                                    708 ;--------------------------------------------------------
                                    709 ; overlayable register banks
                                    710 ;--------------------------------------------------------
                                    711 	.area REG_BANK_0	(REL,OVR,DATA)
      000000                        712 	.ds 8
                                    713 ;--------------------------------------------------------
                                    714 ; internal ram data
                                    715 ;--------------------------------------------------------
                                    716 	.area DSEG    (DATA)
      000000                        717 _SetupLen::
      000000                        718 	.ds 2
      000002                        719 _SetupReq::
      000002                        720 	.ds 1
      000003                        721 _pDescr::
      000003                        722 	.ds 2
                                    723 ;--------------------------------------------------------
                                    724 ; overlayable items in internal ram
                                    725 ;--------------------------------------------------------
                                    726 	.area	OSEG    (OVR,DATA)
                                    727 ;--------------------------------------------------------
                                    728 ; indirectly addressable internal ram data
                                    729 ;--------------------------------------------------------
                                    730 	.area ISEG    (DATA)
                                    731 ;--------------------------------------------------------
                                    732 ; absolute internal ram data
                                    733 ;--------------------------------------------------------
                                    734 	.area IABS    (ABS,DATA)
                                    735 	.area IABS    (ABS,DATA)
                                    736 ;--------------------------------------------------------
                                    737 ; bit data
                                    738 ;--------------------------------------------------------
                                    739 	.area BSEG    (BIT)
      000000                        740 _USB_EP0_SETUP_sloc0_1_0:
      000000                        741 	.ds 1
      000001                        742 _USB_EP0_IN_sloc0_1_0:
      000001                        743 	.ds 1
                                    744 ;--------------------------------------------------------
                                    745 ; paged external ram data
                                    746 ;--------------------------------------------------------
                                    747 	.area PSEG    (PAG,XDATA)
                           002546   748 _pUEP4_1_MOD	=	0x2546
                           002547   749 _pUEP2_3_MOD	=	0x2547
                           002548   750 _pUEP0_DMA_H	=	0x2548
                           002549   751 _pUEP0_DMA_L	=	0x2549
                           00254A   752 _pUEP1_DMA_H	=	0x254a
                           00254B   753 _pUEP1_DMA_L	=	0x254b
                           00254C   754 _pUEP2_DMA_H	=	0x254c
                           00254D   755 _pUEP2_DMA_L	=	0x254d
                           00254E   756 _pUEP3_DMA_H	=	0x254e
                           00254F   757 _pUEP3_DMA_L	=	0x254f
                           002980   758 _pLED_STAT	=	0x2980
                           002981   759 _pLED_CTRL	=	0x2981
                           002982   760 _pLED_DATA	=	0x2982
                           002983   761 _pLED_CK_SE	=	0x2983
                           002984   762 _pLED_DMA_AH	=	0x2984
                           002985   763 _pLED_DMA_AL	=	0x2985
                           002986   764 _pLED_DMA_CN	=	0x2986
                           002988   765 _pLED_DMA_XH	=	0x2988
                           002989   766 _pLED_DMA_XL	=	0x2989
                                    767 ;--------------------------------------------------------
                                    768 ; uninitialized external ram data
                                    769 ;--------------------------------------------------------
                                    770 	.area XSEG    (XDATA)
                           002446   771 _UEP4_1_MOD	=	0x2446
                           002447   772 _UEP2_3_MOD	=	0x2447
                           002448   773 _UEP0_DMA_H	=	0x2448
                           002449   774 _UEP0_DMA_L	=	0x2449
                           00244A   775 _UEP1_DMA_H	=	0x244a
                           00244B   776 _UEP1_DMA_L	=	0x244b
                           00244C   777 _UEP2_DMA_H	=	0x244c
                           00244D   778 _UEP2_DMA_L	=	0x244d
                           00244E   779 _UEP3_DMA_H	=	0x244e
                           00244F   780 _UEP3_DMA_L	=	0x244f
                           002880   781 _LED_STAT	=	0x2880
                           002881   782 _LED_CTRL	=	0x2881
                           002882   783 _LED_DATA	=	0x2882
                           002883   784 _LED_CK_SE	=	0x2883
                           002884   785 _LED_DMA_AH	=	0x2884
                           002885   786 _LED_DMA_AL	=	0x2885
                           002886   787 _LED_DMA_CN	=	0x2886
                           002888   788 _LED_DMA_XH	=	0x2888
                           002889   789 _LED_DMA_XL	=	0x2889
                           000000   790 _Ep0Buffer	=	0x0000
                           00000A   791 _Ep1Buffer	=	0x000a
                           000014   792 _Ep2Buffer	=	0x0014
      000000                        793 _UsbConfig::
      000000                        794 	.ds 1
                                    795 ;--------------------------------------------------------
                                    796 ; absolute external ram data
                                    797 ;--------------------------------------------------------
                                    798 	.area XABS    (ABS,XDATA)
                                    799 ;--------------------------------------------------------
                                    800 ; initialized external ram data
                                    801 ;--------------------------------------------------------
                                    802 	.area XISEG   (XDATA)
                                    803 	.area HOME    (CODE)
                                    804 	.area GSINIT0 (CODE)
                                    805 	.area GSINIT1 (CODE)
                                    806 	.area GSINIT2 (CODE)
                                    807 	.area GSINIT3 (CODE)
                                    808 	.area GSINIT4 (CODE)
                                    809 	.area GSINIT5 (CODE)
                                    810 	.area GSINIT  (CODE)
                                    811 	.area GSFINAL (CODE)
                                    812 	.area CSEG    (CODE)
                                    813 ;--------------------------------------------------------
                                    814 ; global & static initialisations
                                    815 ;--------------------------------------------------------
                                    816 	.area HOME    (CODE)
                                    817 	.area GSINIT  (CODE)
                                    818 	.area GSFINAL (CODE)
                                    819 	.area GSINIT  (CODE)
                                    820 ;--------------------------------------------------------
                                    821 ; Home
                                    822 ;--------------------------------------------------------
                                    823 	.area HOME    (CODE)
                                    824 	.area HOME    (CODE)
                                    825 ;--------------------------------------------------------
                                    826 ; code
                                    827 ;--------------------------------------------------------
                                    828 	.area CSEG    (CODE)
                                    829 ;------------------------------------------------------------
                                    830 ;Allocation info for local variables in function 'USB_EP0_SETUP'
                                    831 ;------------------------------------------------------------
                                    832 ;len                       Allocated to registers r7 
                                    833 ;i                         Allocated to registers r4 
                                    834 ;------------------------------------------------------------
                                    835 ;	C:\Users\tonyp\AppData\Local\Arduino15\packages\CH55xDuino\hardware\mcs51\0.0.23\cores\ch55xduino\USBhandler.c:33: void USB_EP0_SETUP() {
                                    836 ;	-----------------------------------------
                                    837 ;	 function USB_EP0_SETUP
                                    838 ;	-----------------------------------------
      000000                        839 _USB_EP0_SETUP:
                           000007   840 	ar7 = 0x07
                           000006   841 	ar6 = 0x06
                           000005   842 	ar5 = 0x05
                           000004   843 	ar4 = 0x04
                           000003   844 	ar3 = 0x03
                           000002   845 	ar2 = 0x02
                           000001   846 	ar1 = 0x01
                           000000   847 	ar0 = 0x00
                                    848 ;	C:\Users\tonyp\AppData\Local\Arduino15\packages\CH55xDuino\hardware\mcs51\0.0.23\cores\ch55xduino\USBhandler.c:34: __data uint8_t len = USB_RX_LEN;
      000000 AF D1            [24]  849 	mov	r7,_USB_RX_LEN
                                    850 ;	C:\Users\tonyp\AppData\Local\Arduino15\packages\CH55xDuino\hardware\mcs51\0.0.23\cores\ch55xduino\USBhandler.c:35: if (len == (sizeof(USB_SETUP_REQ))) {
      000002 BF 08 02         [24]  851 	cjne	r7,#0x08,00442$
      000005 80 03            [24]  852 	sjmp	00443$
      000007                        853 00442$:
      000007 02r03rC0         [24]  854 	ljmp	00196$
      00000A                        855 00443$:
                                    856 ;	C:\Users\tonyp\AppData\Local\Arduino15\packages\CH55xDuino\hardware\mcs51\0.0.23\cores\ch55xduino\USBhandler.c:36: SetupLen = ((uint16_t)UsbSetupBuf->wLengthH << 8) | (UsbSetupBuf->wLengthL);
      00000A 90 00 07         [24]  857 	mov	dptr,#(_Ep0Buffer + 0x0007)
      00000D E0               [24]  858 	movx	a,@dptr
      00000E FE               [12]  859 	mov	r6,a
      00000F 7F 00            [12]  860 	mov	r7,#0x00
      000011 90 00 06         [24]  861 	mov	dptr,#(_Ep0Buffer + 0x0006)
      000014 E0               [24]  862 	movx	a,@dptr
      000015 FD               [12]  863 	mov	r5,a
      000016 7C 00            [12]  864 	mov	r4,#0x00
      000018 4F               [12]  865 	orl	a,r7
      000019 F5*00            [12]  866 	mov	_SetupLen,a
      00001B EC               [12]  867 	mov	a,r4
      00001C 4E               [12]  868 	orl	a,r6
      00001D F5*01            [12]  869 	mov	(_SetupLen + 1),a
                                    870 ;	C:\Users\tonyp\AppData\Local\Arduino15\packages\CH55xDuino\hardware\mcs51\0.0.23\cores\ch55xduino\USBhandler.c:37: len = 0; // Default is success and upload 0 length
      00001F 7F 00            [12]  871 	mov	r7,#0x00
                                    872 ;	C:\Users\tonyp\AppData\Local\Arduino15\packages\CH55xDuino\hardware\mcs51\0.0.23\cores\ch55xduino\USBhandler.c:38: SetupReq = UsbSetupBuf->bRequest;
      000021 90 00 01         [24]  873 	mov	dptr,#(_Ep0Buffer + 0x0001)
      000024 E0               [24]  874 	movx	a,@dptr
      000025 F5*02            [12]  875 	mov	_SetupReq,a
                                    876 ;	C:\Users\tonyp\AppData\Local\Arduino15\packages\CH55xDuino\hardware\mcs51\0.0.23\cores\ch55xduino\USBhandler.c:39: if ((UsbSetupBuf->bRequestType & USB_REQ_TYP_MASK) !=
      000027 90 00 00         [24]  877 	mov	dptr,#_Ep0Buffer
      00002A E0               [24]  878 	movx	a,@dptr
      00002B FE               [12]  879 	mov	r6,a
      00002C 54 60            [12]  880 	anl	a,#0x60
      00002E 60 53            [24]  881 	jz	00193$
                                    882 ;	C:\Users\tonyp\AppData\Local\Arduino15\packages\CH55xDuino\hardware\mcs51\0.0.23\cores\ch55xduino\USBhandler.c:46: switch ((UsbSetupBuf->bRequestType & USB_REQ_TYP_MASK)) {
      000030 90 00 00         [24]  883 	mov	dptr,#_Ep0Buffer
      000033 E0               [24]  884 	movx	a,@dptr
      000034 FE               [12]  885 	mov	r6,a
      000035 53 06 60         [24]  886 	anl	ar6,#0x60
      000038 7D 00            [12]  887 	mov	r5,#0x00
      00003A BE 20 05         [24]  888 	cjne	r6,#0x20,00445$
      00003D BD 00 02         [24]  889 	cjne	r5,#0x00,00445$
      000040 80 0B            [24]  890 	sjmp	00104$
      000042                        891 00445$:
      000042 BE 40 39         [24]  892 	cjne	r6,#0x40,00110$
      000045 BD 00 36         [24]  893 	cjne	r5,#0x00,00110$
                                    894 ;	C:\Users\tonyp\AppData\Local\Arduino15\packages\CH55xDuino\hardware\mcs51\0.0.23\cores\ch55xduino\USBhandler.c:50: len = 0xFF; // command not supported
      000048 7F FF            [12]  895 	mov	r7,#0xff
                                    896 ;	C:\Users\tonyp\AppData\Local\Arduino15\packages\CH55xDuino\hardware\mcs51\0.0.23\cores\ch55xduino\USBhandler.c:53: break;
      00004A 02r03rC2         [24]  897 	ljmp	00197$
                                    898 ;	C:\Users\tonyp\AppData\Local\Arduino15\packages\CH55xDuino\hardware\mcs51\0.0.23\cores\ch55xduino\USBhandler.c:55: case USB_REQ_TYP_CLASS: {
      00004D                        899 00104$:
                                    900 ;	C:\Users\tonyp\AppData\Local\Arduino15\packages\CH55xDuino\hardware\mcs51\0.0.23\cores\ch55xduino\USBhandler.c:56: switch (SetupReq) {
      00004D 74 20            [12]  901 	mov	a,#0x20
      00004F B5*02 03         [24]  902 	cjne	a,_SetupReq,00448$
      000052 02r03rC2         [24]  903 	ljmp	00197$
      000055                        904 00448$:
      000055 74 21            [12]  905 	mov	a,#0x21
      000057 B5*02 02         [24]  906 	cjne	a,_SetupReq,00449$
      00005A 80 07            [24]  907 	sjmp	00105$
      00005C                        908 00449$:
      00005C 74 22            [12]  909 	mov	a,#0x22
                                    910 ;	C:\Users\tonyp\AppData\Local\Arduino15\packages\CH55xDuino\hardware\mcs51\0.0.23\cores\ch55xduino\USBhandler.c:57: case GET_LINE_CODING: // 0x21  currently configured
      00005E B5*02 18         [24]  911 	cjne	a,_SetupReq,00108$
      000061 80 0C            [24]  912 	sjmp	00106$
      000063                        913 00105$:
                                    914 ;	C:\Users\tonyp\AppData\Local\Arduino15\packages\CH55xDuino\hardware\mcs51\0.0.23\cores\ch55xduino\USBhandler.c:58: len = getLineCodingHandler();
      000063 12r00r00         [24]  915 	lcall	_getLineCodingHandler
      000066 AD 82            [24]  916 	mov	r5,dpl
      000068 AE 83            [24]  917 	mov	r6,dph
      00006A 8D 07            [24]  918 	mov	ar7,r5
                                    919 ;	C:\Users\tonyp\AppData\Local\Arduino15\packages\CH55xDuino\hardware\mcs51\0.0.23\cores\ch55xduino\USBhandler.c:59: break;
      00006C 02r03rC2         [24]  920 	ljmp	00197$
                                    921 ;	C:\Users\tonyp\AppData\Local\Arduino15\packages\CH55xDuino\hardware\mcs51\0.0.23\cores\ch55xduino\USBhandler.c:60: case SET_CONTROL_LINE_STATE: // 0x22  generates RS-232/V.24 style
      00006F                        922 00106$:
                                    923 ;	C:\Users\tonyp\AppData\Local\Arduino15\packages\CH55xDuino\hardware\mcs51\0.0.23\cores\ch55xduino\USBhandler.c:62: setControlLineStateHandler();
      00006F C0 07            [24]  924 	push	ar7
      000071 12r00r00         [24]  925 	lcall	_setControlLineStateHandler
      000074 D0 07            [24]  926 	pop	ar7
                                    927 ;	C:\Users\tonyp\AppData\Local\Arduino15\packages\CH55xDuino\hardware\mcs51\0.0.23\cores\ch55xduino\USBhandler.c:63: break;
      000076 02r03rC2         [24]  928 	ljmp	00197$
                                    929 ;	C:\Users\tonyp\AppData\Local\Arduino15\packages\CH55xDuino\hardware\mcs51\0.0.23\cores\ch55xduino\USBhandler.c:67: default:
      000079                        930 00108$:
                                    931 ;	C:\Users\tonyp\AppData\Local\Arduino15\packages\CH55xDuino\hardware\mcs51\0.0.23\cores\ch55xduino\USBhandler.c:68: len = 0xFF; // command not supported
      000079 7F FF            [12]  932 	mov	r7,#0xff
                                    933 ;	C:\Users\tonyp\AppData\Local\Arduino15\packages\CH55xDuino\hardware\mcs51\0.0.23\cores\ch55xduino\USBhandler.c:71: break;
      00007B 02r03rC2         [24]  934 	ljmp	00197$
                                    935 ;	C:\Users\tonyp\AppData\Local\Arduino15\packages\CH55xDuino\hardware\mcs51\0.0.23\cores\ch55xduino\USBhandler.c:73: default:
      00007E                        936 00110$:
                                    937 ;	C:\Users\tonyp\AppData\Local\Arduino15\packages\CH55xDuino\hardware\mcs51\0.0.23\cores\ch55xduino\USBhandler.c:74: len = 0xFF; // command not supported
      00007E 7F FF            [12]  938 	mov	r7,#0xff
                                    939 ;	C:\Users\tonyp\AppData\Local\Arduino15\packages\CH55xDuino\hardware\mcs51\0.0.23\cores\ch55xduino\USBhandler.c:76: }
      000080 02r03rC2         [24]  940 	ljmp	00197$
      000083                        941 00193$:
                                    942 ;	C:\Users\tonyp\AppData\Local\Arduino15\packages\CH55xDuino\hardware\mcs51\0.0.23\cores\ch55xduino\USBhandler.c:80: switch (SetupReq) // Request ccfType
      000083 E5*02            [12]  943 	mov	a,_SetupReq
      000085 24 F4            [12]  944 	add	a,#0xff - 0x0b
      000087 50 03            [24]  945 	jnc	00451$
      000089 02r03rBC         [24]  946 	ljmp	00190$
      00008C                        947 00451$:
      00008C E5*02            [12]  948 	mov	a,_SetupReq
      00008E 24 0B            [12]  949 	add	a,#(00452$-3-.)
      000090 83               [24]  950 	movc	a,@a+pc
      000091 F5 82            [12]  951 	mov	dpl,a
      000093 E5*02            [12]  952 	mov	a,_SetupReq
      000095 24 10            [12]  953 	add	a,#(00453$-3-.)
      000097 83               [24]  954 	movc	a,@a+pc
      000098 F5 83            [12]  955 	mov	dph,a
      00009A E4               [12]  956 	clr	a
      00009B 73               [24]  957 	jmp	@a+dptr
      00009C                        958 00452$:
      00009Cr9E                     959 	.db	00186$
      00009DrCC                     960 	.db	00137$
      00009ErBC                     961 	.db	00190$
      00009Fr8C                     962 	.db	00160$
      0000A0rBC                     963 	.db	00190$
      0000A1r96                     964 	.db	00130$
      0000A2rB4                     965 	.db	00112$
      0000A3rBC                     966 	.db	00190$
      0000A4rA3                     967 	.db	00131$
      0000A5rC0                     968 	.db	00134$
      0000A6rC2                     969 	.db	00197$
      0000A7rC2                     970 	.db	00197$
      0000A8                        971 00453$:
      0000A8s03                     972 	.db	00186$>>8
      0000A9s01                     973 	.db	00137$>>8
      0000AAs03                     974 	.db	00190$>>8
      0000ABs02                     975 	.db	00160$>>8
      0000ACs03                     976 	.db	00190$>>8
      0000ADs01                     977 	.db	00130$>>8
      0000AEs00                     978 	.db	00112$>>8
      0000AFs03                     979 	.db	00190$>>8
      0000B0s01                     980 	.db	00131$>>8
      0000B1s01                     981 	.db	00134$>>8
      0000B2s03                     982 	.db	00197$>>8
      0000B3s03                     983 	.db	00197$>>8
                                    984 ;	C:\Users\tonyp\AppData\Local\Arduino15\packages\CH55xDuino\hardware\mcs51\0.0.23\cores\ch55xduino\USBhandler.c:82: case USB_GET_DESCRIPTOR:
      0000B4                        985 00112$:
                                    986 ;	C:\Users\tonyp\AppData\Local\Arduino15\packages\CH55xDuino\hardware\mcs51\0.0.23\cores\ch55xduino\USBhandler.c:83: switch (UsbSetupBuf->wValueH) {
      0000B4 90 00 03         [24]  987 	mov	dptr,#(_Ep0Buffer + 0x0003)
      0000B7 E0               [24]  988 	movx	a,@dptr
      0000B8 FE               [12]  989 	mov	r6,a
      0000B9 BE 01 02         [24]  990 	cjne	r6,#0x01,00454$
      0000BC 80 0A            [24]  991 	sjmp	00113$
      0000BE                        992 00454$:
      0000BE BE 02 02         [24]  993 	cjne	r6,#0x02,00455$
      0000C1 80 0F            [24]  994 	sjmp	00114$
      0000C3                        995 00455$:
                                    996 ;	C:\Users\tonyp\AppData\Local\Arduino15\packages\CH55xDuino\hardware\mcs51\0.0.23\cores\ch55xduino\USBhandler.c:84: case 1: // Device Descriptor
      0000C3 BE 03 60         [24]  997 	cjne	r6,#0x03,00123$
      0000C6 80 14            [24]  998 	sjmp	00115$
      0000C8                        999 00113$:
                                   1000 ;	C:\Users\tonyp\AppData\Local\Arduino15\packages\CH55xDuino\hardware\mcs51\0.0.23\cores\ch55xduino\USBhandler.c:86: DeviceDescriptor; // Put Device Descriptor into outgoing buffer
      0000C8 75*03r00         [24] 1001 	mov	_pDescr,#_DeviceDescriptor
      0000CB 75*04s00         [24] 1002 	mov	(_pDescr + 1),#(_DeviceDescriptor >> 8)
                                   1003 ;	C:\Users\tonyp\AppData\Local\Arduino15\packages\CH55xDuino\hardware\mcs51\0.0.23\cores\ch55xduino\USBhandler.c:87: len = sizeof(USB_Descriptor_Device_t);
      0000CE 7F 12            [12] 1004 	mov	r7,#0x12
                                   1005 ;	C:\Users\tonyp\AppData\Local\Arduino15\packages\CH55xDuino\hardware\mcs51\0.0.23\cores\ch55xduino\USBhandler.c:88: break;
                                   1006 ;	C:\Users\tonyp\AppData\Local\Arduino15\packages\CH55xDuino\hardware\mcs51\0.0.23\cores\ch55xduino\USBhandler.c:89: case 2: // Configure Descriptor
      0000D0 80 56            [24] 1007 	sjmp	00124$
      0000D2                       1008 00114$:
                                   1009 ;	C:\Users\tonyp\AppData\Local\Arduino15\packages\CH55xDuino\hardware\mcs51\0.0.23\cores\ch55xduino\USBhandler.c:90: pDescr = (__code uint8_t *)ConfigurationDescriptor;
      0000D2 75*03r00         [24] 1010 	mov	_pDescr,#_ConfigurationDescriptor
      0000D5 75*04s00         [24] 1011 	mov	(_pDescr + 1),#(_ConfigurationDescriptor >> 8)
                                   1012 ;	C:\Users\tonyp\AppData\Local\Arduino15\packages\CH55xDuino\hardware\mcs51\0.0.23\cores\ch55xduino\USBhandler.c:91: len = sizeof(USB_Descriptor_Configuration_t);
      0000D8 7F 46            [12] 1013 	mov	r7,#0x46
                                   1014 ;	C:\Users\tonyp\AppData\Local\Arduino15\packages\CH55xDuino\hardware\mcs51\0.0.23\cores\ch55xduino\USBhandler.c:92: break;
                                   1015 ;	C:\Users\tonyp\AppData\Local\Arduino15\packages\CH55xDuino\hardware\mcs51\0.0.23\cores\ch55xduino\USBhandler.c:93: case 3:
      0000DA 80 4C            [24] 1016 	sjmp	00124$
      0000DC                       1017 00115$:
                                   1018 ;	C:\Users\tonyp\AppData\Local\Arduino15\packages\CH55xDuino\hardware\mcs51\0.0.23\cores\ch55xduino\USBhandler.c:94: switch (UsbSetupBuf->wValueL) {
      0000DC 90 00 02         [24] 1019 	mov	dptr,#(_Ep0Buffer + 0x0002)
      0000DF E0               [24] 1020 	movx	a,@dptr
      0000E0 FE               [12] 1021 	mov  r6,a
      0000E1 24 FB            [12] 1022 	add	a,#0xff - 0x04
      0000E3 40 36            [24] 1023 	jc	00122$
      0000E5 EE               [12] 1024 	mov	a,r6
      0000E6 2E               [12] 1025 	add	a,r6
                                   1026 ;	C:\Users\tonyp\AppData\Local\Arduino15\packages\CH55xDuino\hardware\mcs51\0.0.23\cores\ch55xduino\USBhandler.c:95: case 0:
      0000E7 90r00rEB         [24] 1027 	mov	dptr,#00458$
      0000EA 73               [24] 1028 	jmp	@a+dptr
      0000EB                       1029 00458$:
      0000EB 80 08            [24] 1030 	sjmp	00116$
      0000ED 80 0E            [24] 1031 	sjmp	00117$
      0000EF 80 14            [24] 1032 	sjmp	00118$
      0000F1 80 1A            [24] 1033 	sjmp	00119$
      0000F3 80 20            [24] 1034 	sjmp	00120$
      0000F5                       1035 00116$:
                                   1036 ;	C:\Users\tonyp\AppData\Local\Arduino15\packages\CH55xDuino\hardware\mcs51\0.0.23\cores\ch55xduino\USBhandler.c:96: pDescr = (__code uint8_t *)LanguageDescriptor;
      0000F5 75*03r00         [24] 1037 	mov	_pDescr,#_LanguageDescriptor
      0000F8 75*04s00         [24] 1038 	mov	(_pDescr + 1),#(_LanguageDescriptor >> 8)
                                   1039 ;	C:\Users\tonyp\AppData\Local\Arduino15\packages\CH55xDuino\hardware\mcs51\0.0.23\cores\ch55xduino\USBhandler.c:97: break;
                                   1040 ;	C:\Users\tonyp\AppData\Local\Arduino15\packages\CH55xDuino\hardware\mcs51\0.0.23\cores\ch55xduino\USBhandler.c:98: case 1:
      0000FB 80 1E            [24] 1041 	sjmp	00122$
      0000FD                       1042 00117$:
                                   1043 ;	C:\Users\tonyp\AppData\Local\Arduino15\packages\CH55xDuino\hardware\mcs51\0.0.23\cores\ch55xduino\USBhandler.c:99: pDescr = (__code uint8_t *)ManufacturerDescriptor;
      0000FD 75*03r00         [24] 1044 	mov	_pDescr,#_ManufacturerDescriptor
      000100 75*04s00         [24] 1045 	mov	(_pDescr + 1),#(_ManufacturerDescriptor >> 8)
                                   1046 ;	C:\Users\tonyp\AppData\Local\Arduino15\packages\CH55xDuino\hardware\mcs51\0.0.23\cores\ch55xduino\USBhandler.c:100: break;
                                   1047 ;	C:\Users\tonyp\AppData\Local\Arduino15\packages\CH55xDuino\hardware\mcs51\0.0.23\cores\ch55xduino\USBhandler.c:101: case 2:
      000103 80 16            [24] 1048 	sjmp	00122$
      000105                       1049 00118$:
                                   1050 ;	C:\Users\tonyp\AppData\Local\Arduino15\packages\CH55xDuino\hardware\mcs51\0.0.23\cores\ch55xduino\USBhandler.c:102: pDescr = (__code uint8_t *)ProductDescriptor;
      000105 75*03r00         [24] 1051 	mov	_pDescr,#_ProductDescriptor
      000108 75*04s00         [24] 1052 	mov	(_pDescr + 1),#(_ProductDescriptor >> 8)
                                   1053 ;	C:\Users\tonyp\AppData\Local\Arduino15\packages\CH55xDuino\hardware\mcs51\0.0.23\cores\ch55xduino\USBhandler.c:103: break;
                                   1054 ;	C:\Users\tonyp\AppData\Local\Arduino15\packages\CH55xDuino\hardware\mcs51\0.0.23\cores\ch55xduino\USBhandler.c:104: case 3:
      00010B 80 0E            [24] 1055 	sjmp	00122$
      00010D                       1056 00119$:
                                   1057 ;	C:\Users\tonyp\AppData\Local\Arduino15\packages\CH55xDuino\hardware\mcs51\0.0.23\cores\ch55xduino\USBhandler.c:105: pDescr = (__code uint8_t *)SerialDescriptor;
      00010D 75*03r00         [24] 1058 	mov	_pDescr,#_SerialDescriptor
      000110 75*04s00         [24] 1059 	mov	(_pDescr + 1),#(_SerialDescriptor >> 8)
                                   1060 ;	C:\Users\tonyp\AppData\Local\Arduino15\packages\CH55xDuino\hardware\mcs51\0.0.23\cores\ch55xduino\USBhandler.c:106: break;
                                   1061 ;	C:\Users\tonyp\AppData\Local\Arduino15\packages\CH55xDuino\hardware\mcs51\0.0.23\cores\ch55xduino\USBhandler.c:107: case 4:
      000113 80 06            [24] 1062 	sjmp	00122$
      000115                       1063 00120$:
                                   1064 ;	C:\Users\tonyp\AppData\Local\Arduino15\packages\CH55xDuino\hardware\mcs51\0.0.23\cores\ch55xduino\USBhandler.c:108: pDescr = (__code uint8_t *)CDCDescriptor;
      000115 75*03r00         [24] 1065 	mov	_pDescr,#_CDCDescriptor
      000118 75*04s00         [24] 1066 	mov	(_pDescr + 1),#(_CDCDescriptor >> 8)
                                   1067 ;	C:\Users\tonyp\AppData\Local\Arduino15\packages\CH55xDuino\hardware\mcs51\0.0.23\cores\ch55xduino\USBhandler.c:113: }
      00011B                       1068 00122$:
                                   1069 ;	C:\Users\tonyp\AppData\Local\Arduino15\packages\CH55xDuino\hardware\mcs51\0.0.23\cores\ch55xduino\USBhandler.c:114: len = pDescr[0];
      00011B 85*03 82         [24] 1070 	mov	dpl,_pDescr
      00011E 85*04 83         [24] 1071 	mov	dph,(_pDescr + 1)
      000121 E4               [12] 1072 	clr	a
      000122 93               [24] 1073 	movc	a,@a+dptr
      000123 FF               [12] 1074 	mov	r7,a
                                   1075 ;	C:\Users\tonyp\AppData\Local\Arduino15\packages\CH55xDuino\hardware\mcs51\0.0.23\cores\ch55xduino\USBhandler.c:115: break;
                                   1076 ;	C:\Users\tonyp\AppData\Local\Arduino15\packages\CH55xDuino\hardware\mcs51\0.0.23\cores\ch55xduino\USBhandler.c:116: default:
      000124 80 02            [24] 1077 	sjmp	00124$
      000126                       1078 00123$:
                                   1079 ;	C:\Users\tonyp\AppData\Local\Arduino15\packages\CH55xDuino\hardware\mcs51\0.0.23\cores\ch55xduino\USBhandler.c:117: len = 0xff; // Unsupported descriptors or error
      000126 7F FF            [12] 1080 	mov	r7,#0xff
                                   1081 ;	C:\Users\tonyp\AppData\Local\Arduino15\packages\CH55xDuino\hardware\mcs51\0.0.23\cores\ch55xduino\USBhandler.c:119: }
      000128                       1082 00124$:
                                   1083 ;	C:\Users\tonyp\AppData\Local\Arduino15\packages\CH55xDuino\hardware\mcs51\0.0.23\cores\ch55xduino\USBhandler.c:120: if (len != 0xff) {
      000128 BF FF 03         [24] 1084 	cjne	r7,#0xff,00459$
      00012B 02r03rC2         [24] 1085 	ljmp	00197$
      00012E                       1086 00459$:
                                   1087 ;	C:\Users\tonyp\AppData\Local\Arduino15\packages\CH55xDuino\hardware\mcs51\0.0.23\cores\ch55xduino\USBhandler.c:121: if (SetupLen > len) {
      00012E 8F 05            [24] 1088 	mov	ar5,r7
      000130 7E 00            [12] 1089 	mov	r6,#0x00
      000132 C3               [12] 1090 	clr	c
      000133 ED               [12] 1091 	mov	a,r5
      000134 95*00            [12] 1092 	subb	a,_SetupLen
      000136 EE               [12] 1093 	mov	a,r6
      000137 95*01            [12] 1094 	subb	a,(_SetupLen + 1)
      000139 50 04            [24] 1095 	jnc	00126$
                                   1096 ;	C:\Users\tonyp\AppData\Local\Arduino15\packages\CH55xDuino\hardware\mcs51\0.0.23\cores\ch55xduino\USBhandler.c:122: SetupLen = len; // Limit length
      00013B 8D*00            [24] 1097 	mov	_SetupLen,r5
      00013D 8E*01            [24] 1098 	mov	(_SetupLen + 1),r6
      00013F                       1099 00126$:
                                   1100 ;	C:\Users\tonyp\AppData\Local\Arduino15\packages\CH55xDuino\hardware\mcs51\0.0.23\cores\ch55xduino\USBhandler.c:125: ? DEFAULT_ENDP0_SIZE
      00013F AD*00            [24] 1101 	mov	r5,_SetupLen
      000141 AE*01            [24] 1102 	mov	r6,(_SetupLen + 1)
      000143 C3               [12] 1103 	clr	c
      000144 ED               [12] 1104 	mov	a,r5
      000145 94 08            [12] 1105 	subb	a,#0x08
      000147 EE               [12] 1106 	mov	a,r6
      000148 94 00            [12] 1107 	subb	a,#0x00
      00014A 92*00            [24] 1108 	mov	_USB_EP0_SETUP_sloc0_1_0,c
      00014C 40 06            [24] 1109 	jc	00209$
      00014E 7B 08            [12] 1110 	mov	r3,#0x08
      000150 7C 00            [12] 1111 	mov	r4,#0x00
      000152 80 04            [24] 1112 	sjmp	00210$
      000154                       1113 00209$:
                                   1114 ;	C:\Users\tonyp\AppData\Local\Arduino15\packages\CH55xDuino\hardware\mcs51\0.0.23\cores\ch55xduino\USBhandler.c:126: : SetupLen; // transmit length for this packet
      000154 AB*00            [24] 1115 	mov	r3,_SetupLen
      000156 AC*01            [24] 1116 	mov	r4,(_SetupLen + 1)
      000158                       1117 00210$:
      000158 8B 07            [24] 1118 	mov	ar7,r3
                                   1119 ;	C:\Users\tonyp\AppData\Local\Arduino15\packages\CH55xDuino\hardware\mcs51\0.0.23\cores\ch55xduino\USBhandler.c:127: for (__data uint8_t i = 0; i < len; i++) {
      00015A 7C 00            [12] 1120 	mov	r4,#0x00
      00015C                       1121 00205$:
      00015C C3               [12] 1122 	clr	c
      00015D EC               [12] 1123 	mov	a,r4
      00015E 9F               [12] 1124 	subb	a,r7
      00015F 50 19            [24] 1125 	jnc	00127$
                                   1126 ;	C:\Users\tonyp\AppData\Local\Arduino15\packages\CH55xDuino\hardware\mcs51\0.0.23\cores\ch55xduino\USBhandler.c:128: Ep0Buffer[i] = pDescr[i];
      000161 8C 02            [24] 1127 	mov	ar2,r4
      000163 7B 00            [12] 1128 	mov	r3,#(_Ep0Buffer >> 8)
      000165 EC               [12] 1129 	mov	a,r4
      000166 25*03            [12] 1130 	add	a,_pDescr
      000168 F5 82            [12] 1131 	mov	dpl,a
      00016A E4               [12] 1132 	clr	a
      00016B 35*04            [12] 1133 	addc	a,(_pDescr + 1)
      00016D F5 83            [12] 1134 	mov	dph,a
      00016F E4               [12] 1135 	clr	a
      000170 93               [24] 1136 	movc	a,@a+dptr
      000171 F9               [12] 1137 	mov	r1,a
      000172 8A 82            [24] 1138 	mov	dpl,r2
      000174 8B 83            [24] 1139 	mov	dph,r3
      000176 F0               [24] 1140 	movx	@dptr,a
                                   1141 ;	C:\Users\tonyp\AppData\Local\Arduino15\packages\CH55xDuino\hardware\mcs51\0.0.23\cores\ch55xduino\USBhandler.c:127: for (__data uint8_t i = 0; i < len; i++) {
      000177 0C               [12] 1142 	inc	r4
      000178 80 E2            [24] 1143 	sjmp	00205$
      00017A                       1144 00127$:
                                   1145 ;	C:\Users\tonyp\AppData\Local\Arduino15\packages\CH55xDuino\hardware\mcs51\0.0.23\cores\ch55xduino\USBhandler.c:130: SetupLen -= len;
      00017A 8F 03            [24] 1146 	mov	ar3,r7
      00017C 7C 00            [12] 1147 	mov	r4,#0x00
      00017E ED               [12] 1148 	mov	a,r5
      00017F C3               [12] 1149 	clr	c
      000180 9B               [12] 1150 	subb	a,r3
      000181 FD               [12] 1151 	mov	r5,a
      000182 EE               [12] 1152 	mov	a,r6
      000183 9C               [12] 1153 	subb	a,r4
      000184 FE               [12] 1154 	mov	r6,a
      000185 8D*00            [24] 1155 	mov	_SetupLen,r5
      000187 8E*01            [24] 1156 	mov	(_SetupLen + 1),r6
                                   1157 ;	C:\Users\tonyp\AppData\Local\Arduino15\packages\CH55xDuino\hardware\mcs51\0.0.23\cores\ch55xduino\USBhandler.c:131: pDescr += len;
      000189 EF               [12] 1158 	mov	a,r7
      00018A 25*03            [12] 1159 	add	a,_pDescr
      00018C F5*03            [12] 1160 	mov	_pDescr,a
      00018E E4               [12] 1161 	clr	a
      00018F 35*04            [12] 1162 	addc	a,(_pDescr + 1)
      000191 F5*04            [12] 1163 	mov	(_pDescr + 1),a
                                   1164 ;	C:\Users\tonyp\AppData\Local\Arduino15\packages\CH55xDuino\hardware\mcs51\0.0.23\cores\ch55xduino\USBhandler.c:133: break;
      000193 02r03rC2         [24] 1165 	ljmp	00197$
                                   1166 ;	C:\Users\tonyp\AppData\Local\Arduino15\packages\CH55xDuino\hardware\mcs51\0.0.23\cores\ch55xduino\USBhandler.c:134: case USB_SET_ADDRESS:
      000196                       1167 00130$:
                                   1168 ;	C:\Users\tonyp\AppData\Local\Arduino15\packages\CH55xDuino\hardware\mcs51\0.0.23\cores\ch55xduino\USBhandler.c:135: SetupLen = UsbSetupBuf->wValueL; // Save the assigned address
      000196 90 00 02         [24] 1169 	mov	dptr,#(_Ep0Buffer + 0x0002)
      000199 E0               [24] 1170 	movx	a,@dptr
      00019A FE               [12] 1171 	mov	r6,a
      00019B 8E*00            [24] 1172 	mov	_SetupLen,r6
      00019D 75*01 00         [24] 1173 	mov	(_SetupLen + 1),#0x00
                                   1174 ;	C:\Users\tonyp\AppData\Local\Arduino15\packages\CH55xDuino\hardware\mcs51\0.0.23\cores\ch55xduino\USBhandler.c:136: break;
      0001A0 02r03rC2         [24] 1175 	ljmp	00197$
                                   1176 ;	C:\Users\tonyp\AppData\Local\Arduino15\packages\CH55xDuino\hardware\mcs51\0.0.23\cores\ch55xduino\USBhandler.c:137: case USB_GET_CONFIGURATION:
      0001A3                       1177 00131$:
                                   1178 ;	C:\Users\tonyp\AppData\Local\Arduino15\packages\CH55xDuino\hardware\mcs51\0.0.23\cores\ch55xduino\USBhandler.c:138: Ep0Buffer[0] = UsbConfig;
      0001A3 90r00r00         [24] 1179 	mov	dptr,#_UsbConfig
      0001A6 E0               [24] 1180 	movx	a,@dptr
      0001A7 90 00 00         [24] 1181 	mov	dptr,#_Ep0Buffer
      0001AA F0               [24] 1182 	movx	@dptr,a
                                   1183 ;	C:\Users\tonyp\AppData\Local\Arduino15\packages\CH55xDuino\hardware\mcs51\0.0.23\cores\ch55xduino\USBhandler.c:139: if (SetupLen >= 1) {
      0001AB AD*00            [24] 1184 	mov	r5,_SetupLen
      0001AD AE*01            [24] 1185 	mov	r6,(_SetupLen + 1)
      0001AF C3               [12] 1186 	clr	c
      0001B0 ED               [12] 1187 	mov	a,r5
      0001B1 94 01            [12] 1188 	subb	a,#0x01
      0001B3 EE               [12] 1189 	mov	a,r6
      0001B4 94 00            [12] 1190 	subb	a,#0x00
      0001B6 50 03            [24] 1191 	jnc	00463$
      0001B8 02r03rC2         [24] 1192 	ljmp	00197$
      0001BB                       1193 00463$:
                                   1194 ;	C:\Users\tonyp\AppData\Local\Arduino15\packages\CH55xDuino\hardware\mcs51\0.0.23\cores\ch55xduino\USBhandler.c:140: len = 1;
      0001BB 7F 01            [12] 1195 	mov	r7,#0x01
                                   1196 ;	C:\Users\tonyp\AppData\Local\Arduino15\packages\CH55xDuino\hardware\mcs51\0.0.23\cores\ch55xduino\USBhandler.c:142: break;
      0001BD 02r03rC2         [24] 1197 	ljmp	00197$
                                   1198 ;	C:\Users\tonyp\AppData\Local\Arduino15\packages\CH55xDuino\hardware\mcs51\0.0.23\cores\ch55xduino\USBhandler.c:143: case USB_SET_CONFIGURATION:
      0001C0                       1199 00134$:
                                   1200 ;	C:\Users\tonyp\AppData\Local\Arduino15\packages\CH55xDuino\hardware\mcs51\0.0.23\cores\ch55xduino\USBhandler.c:144: UsbConfig = UsbSetupBuf->wValueL;
      0001C0 90 00 02         [24] 1201 	mov	dptr,#(_Ep0Buffer + 0x0002)
      0001C3 E0               [24] 1202 	movx	a,@dptr
      0001C4 FE               [12] 1203 	mov	r6,a
      0001C5 90r00r00         [24] 1204 	mov	dptr,#_UsbConfig
      0001C8 F0               [24] 1205 	movx	@dptr,a
                                   1206 ;	C:\Users\tonyp\AppData\Local\Arduino15\packages\CH55xDuino\hardware\mcs51\0.0.23\cores\ch55xduino\USBhandler.c:145: break;
      0001C9 02r03rC2         [24] 1207 	ljmp	00197$
                                   1208 ;	C:\Users\tonyp\AppData\Local\Arduino15\packages\CH55xDuino\hardware\mcs51\0.0.23\cores\ch55xduino\USBhandler.c:150: case USB_CLEAR_FEATURE: // Clear Feature
      0001CC                       1209 00137$:
                                   1210 ;	C:\Users\tonyp\AppData\Local\Arduino15\packages\CH55xDuino\hardware\mcs51\0.0.23\cores\ch55xduino\USBhandler.c:151: if ((UsbSetupBuf->bRequestType & 0x1F) ==
      0001CC 90 00 00         [24] 1211 	mov	dptr,#_Ep0Buffer
      0001CF E0               [24] 1212 	movx	a,@dptr
      0001D0 54 1F            [12] 1213 	anl	a,#0x1f
      0001D2 70 2F            [24] 1214 	jnz	00158$
                                   1215 ;	C:\Users\tonyp\AppData\Local\Arduino15\packages\CH55xDuino\hardware\mcs51\0.0.23\cores\ch55xduino\USBhandler.c:154: if ((((uint16_t)UsbSetupBuf->wValueH << 8) | UsbSetupBuf->wValueL) ==
      0001D4 90 00 03         [24] 1216 	mov	dptr,#(_Ep0Buffer + 0x0003)
      0001D7 E0               [24] 1217 	movx	a,@dptr
      0001D8 FD               [12] 1218 	mov	r5,a
      0001D9 7E 00            [12] 1219 	mov	r6,#0x00
      0001DB 90 00 02         [24] 1220 	mov	dptr,#(_Ep0Buffer + 0x0002)
      0001DE E0               [24] 1221 	movx	a,@dptr
      0001DF FC               [12] 1222 	mov	r4,a
      0001E0 7B 00            [12] 1223 	mov	r3,#0x00
      0001E2 42 06            [12] 1224 	orl	ar6,a
      0001E4 EB               [12] 1225 	mov	a,r3
      0001E5 42 05            [12] 1226 	orl	ar5,a
      0001E7 BE 01 14         [24] 1227 	cjne	r6,#0x01,00142$
      0001EA BD 00 11         [24] 1228 	cjne	r5,#0x00,00142$
                                   1229 ;	C:\Users\tonyp\AppData\Local\Arduino15\packages\CH55xDuino\hardware\mcs51\0.0.23\cores\ch55xduino\USBhandler.c:156: if (ConfigurationDescriptor.Config.ConfigAttributes & 0x20) {
      0001ED 90r00r07         [24] 1230 	mov	dptr,#(_ConfigurationDescriptor + 0x0007)
      0001F0 E4               [12] 1231 	clr	a
      0001F1 93               [24] 1232 	movc	a,@a+dptr
      0001F2 FE               [12] 1233 	mov	r6,a
      0001F3 30 E5 03         [24] 1234 	jnb	acc.5,00468$
      0001F6 02r03rC2         [24] 1235 	ljmp	00197$
      0001F9                       1236 00468$:
                                   1237 ;	C:\Users\tonyp\AppData\Local\Arduino15\packages\CH55xDuino\hardware\mcs51\0.0.23\cores\ch55xduino\USBhandler.c:159: len = 0xFF; // Failed
      0001F9 7F FF            [12] 1238 	mov	r7,#0xff
      0001FB 02r03rC2         [24] 1239 	ljmp	00197$
      0001FE                       1240 00142$:
                                   1241 ;	C:\Users\tonyp\AppData\Local\Arduino15\packages\CH55xDuino\hardware\mcs51\0.0.23\cores\ch55xduino\USBhandler.c:162: len = 0xFF; // Failed
      0001FE 7F FF            [12] 1242 	mov	r7,#0xff
      000200 02r03rC2         [24] 1243 	ljmp	00197$
      000203                       1244 00158$:
                                   1245 ;	C:\Users\tonyp\AppData\Local\Arduino15\packages\CH55xDuino\hardware\mcs51\0.0.23\cores\ch55xduino\USBhandler.c:164: } else if ((UsbSetupBuf->bRequestType & USB_REQ_RECIP_MASK) ==
      000203 90 00 00         [24] 1246 	mov	dptr,#_Ep0Buffer
      000206 E0               [24] 1247 	movx	a,@dptr
      000207 FE               [12] 1248 	mov	r6,a
      000208 53 06 1F         [24] 1249 	anl	ar6,#0x1f
      00020B 7D 00            [12] 1250 	mov	r5,#0x00
      00020D BE 02 77         [24] 1251 	cjne	r6,#0x02,00155$
      000210 BD 00 74         [24] 1252 	cjne	r5,#0x00,00155$
                                   1253 ;	C:\Users\tonyp\AppData\Local\Arduino15\packages\CH55xDuino\hardware\mcs51\0.0.23\cores\ch55xduino\USBhandler.c:167: switch (UsbSetupBuf->wIndexL) {
      000213 90 00 04         [24] 1254 	mov	dptr,#(_Ep0Buffer + 0x0004)
      000216 E0               [24] 1255 	movx	a,@dptr
      000217 FE               [12] 1256 	mov	r6,a
      000218 BE 01 02         [24] 1257 	cjne	r6,#0x01,00471$
      00021B 80 5F            [24] 1258 	sjmp	00151$
      00021D                       1259 00471$:
      00021D BE 02 02         [24] 1260 	cjne	r6,#0x02,00472$
      000220 80 49            [24] 1261 	sjmp	00149$
      000222                       1262 00472$:
      000222 BE 03 02         [24] 1263 	cjne	r6,#0x03,00473$
      000225 80 33            [24] 1264 	sjmp	00147$
      000227                       1265 00473$:
      000227 BE 04 02         [24] 1266 	cjne	r6,#0x04,00474$
      00022A 80 1D            [24] 1267 	sjmp	00145$
      00022C                       1268 00474$:
      00022C BE 81 02         [24] 1269 	cjne	r6,#0x81,00475$
      00022F 80 40            [24] 1270 	sjmp	00150$
      000231                       1271 00475$:
      000231 BE 82 02         [24] 1272 	cjne	r6,#0x82,00476$
      000234 80 2A            [24] 1273 	sjmp	00148$
      000236                       1274 00476$:
      000236 BE 83 02         [24] 1275 	cjne	r6,#0x83,00477$
      000239 80 14            [24] 1276 	sjmp	00146$
      00023B                       1277 00477$:
      00023B BE 84 44         [24] 1278 	cjne	r6,#0x84,00152$
                                   1279 ;	C:\Users\tonyp\AppData\Local\Arduino15\packages\CH55xDuino\hardware\mcs51\0.0.23\cores\ch55xduino\USBhandler.c:170: UEP4_CTRL & ~(bUEP_T_TOG | MASK_UEP_T_RES) | UEP_T_RES_NAK;
      00023E 74 BC            [12] 1280 	mov	a,#0xbc
      000240 55 DE            [12] 1281 	anl	a,_UEP4_CTRL
      000242 44 02            [12] 1282 	orl	a,#0x02
      000244 F5 DE            [12] 1283 	mov	_UEP4_CTRL,a
                                   1284 ;	C:\Users\tonyp\AppData\Local\Arduino15\packages\CH55xDuino\hardware\mcs51\0.0.23\cores\ch55xduino\USBhandler.c:171: break;
      000246 02r03rC2         [24] 1285 	ljmp	00197$
                                   1286 ;	C:\Users\tonyp\AppData\Local\Arduino15\packages\CH55xDuino\hardware\mcs51\0.0.23\cores\ch55xduino\USBhandler.c:172: case 0x04:
      000249                       1287 00145$:
                                   1288 ;	C:\Users\tonyp\AppData\Local\Arduino15\packages\CH55xDuino\hardware\mcs51\0.0.23\cores\ch55xduino\USBhandler.c:174: UEP4_CTRL & ~(bUEP_R_TOG | MASK_UEP_R_RES) | UEP_R_RES_ACK;
      000249 53 DE 73         [24] 1289 	anl	_UEP4_CTRL,#0x73
                                   1290 ;	C:\Users\tonyp\AppData\Local\Arduino15\packages\CH55xDuino\hardware\mcs51\0.0.23\cores\ch55xduino\USBhandler.c:175: break;
      00024C 02r03rC2         [24] 1291 	ljmp	00197$
                                   1292 ;	C:\Users\tonyp\AppData\Local\Arduino15\packages\CH55xDuino\hardware\mcs51\0.0.23\cores\ch55xduino\USBhandler.c:176: case 0x83:
      00024F                       1293 00146$:
                                   1294 ;	C:\Users\tonyp\AppData\Local\Arduino15\packages\CH55xDuino\hardware\mcs51\0.0.23\cores\ch55xduino\USBhandler.c:178: UEP3_CTRL & ~(bUEP_T_TOG | MASK_UEP_T_RES) | UEP_T_RES_NAK;
      00024F 74 BC            [12] 1295 	mov	a,#0xbc
      000251 55 D6            [12] 1296 	anl	a,_UEP3_CTRL
      000253 44 02            [12] 1297 	orl	a,#0x02
      000255 F5 D6            [12] 1298 	mov	_UEP3_CTRL,a
                                   1299 ;	C:\Users\tonyp\AppData\Local\Arduino15\packages\CH55xDuino\hardware\mcs51\0.0.23\cores\ch55xduino\USBhandler.c:179: break;
      000257 02r03rC2         [24] 1300 	ljmp	00197$
                                   1301 ;	C:\Users\tonyp\AppData\Local\Arduino15\packages\CH55xDuino\hardware\mcs51\0.0.23\cores\ch55xduino\USBhandler.c:180: case 0x03:
      00025A                       1302 00147$:
                                   1303 ;	C:\Users\tonyp\AppData\Local\Arduino15\packages\CH55xDuino\hardware\mcs51\0.0.23\cores\ch55xduino\USBhandler.c:182: UEP3_CTRL & ~(bUEP_R_TOG | MASK_UEP_R_RES) | UEP_R_RES_ACK;
      00025A 53 D6 73         [24] 1304 	anl	_UEP3_CTRL,#0x73
                                   1305 ;	C:\Users\tonyp\AppData\Local\Arduino15\packages\CH55xDuino\hardware\mcs51\0.0.23\cores\ch55xduino\USBhandler.c:183: break;
      00025D 02r03rC2         [24] 1306 	ljmp	00197$
                                   1307 ;	C:\Users\tonyp\AppData\Local\Arduino15\packages\CH55xDuino\hardware\mcs51\0.0.23\cores\ch55xduino\USBhandler.c:184: case 0x82:
      000260                       1308 00148$:
                                   1309 ;	C:\Users\tonyp\AppData\Local\Arduino15\packages\CH55xDuino\hardware\mcs51\0.0.23\cores\ch55xduino\USBhandler.c:186: UEP2_CTRL & ~(bUEP_T_TOG | MASK_UEP_T_RES) | UEP_T_RES_NAK;
      000260 74 BC            [12] 1310 	mov	a,#0xbc
      000262 55 D4            [12] 1311 	anl	a,_UEP2_CTRL
      000264 44 02            [12] 1312 	orl	a,#0x02
      000266 F5 D4            [12] 1313 	mov	_UEP2_CTRL,a
                                   1314 ;	C:\Users\tonyp\AppData\Local\Arduino15\packages\CH55xDuino\hardware\mcs51\0.0.23\cores\ch55xduino\USBhandler.c:187: break;
      000268 02r03rC2         [24] 1315 	ljmp	00197$
                                   1316 ;	C:\Users\tonyp\AppData\Local\Arduino15\packages\CH55xDuino\hardware\mcs51\0.0.23\cores\ch55xduino\USBhandler.c:188: case 0x02:
      00026B                       1317 00149$:
                                   1318 ;	C:\Users\tonyp\AppData\Local\Arduino15\packages\CH55xDuino\hardware\mcs51\0.0.23\cores\ch55xduino\USBhandler.c:190: UEP2_CTRL & ~(bUEP_R_TOG | MASK_UEP_R_RES) | UEP_R_RES_ACK;
      00026B 53 D4 73         [24] 1319 	anl	_UEP2_CTRL,#0x73
                                   1320 ;	C:\Users\tonyp\AppData\Local\Arduino15\packages\CH55xDuino\hardware\mcs51\0.0.23\cores\ch55xduino\USBhandler.c:191: break;
      00026E 02r03rC2         [24] 1321 	ljmp	00197$
                                   1322 ;	C:\Users\tonyp\AppData\Local\Arduino15\packages\CH55xDuino\hardware\mcs51\0.0.23\cores\ch55xduino\USBhandler.c:192: case 0x81:
      000271                       1323 00150$:
                                   1324 ;	C:\Users\tonyp\AppData\Local\Arduino15\packages\CH55xDuino\hardware\mcs51\0.0.23\cores\ch55xduino\USBhandler.c:194: UEP1_CTRL & ~(bUEP_T_TOG | MASK_UEP_T_RES) | UEP_T_RES_NAK;
      000271 74 BC            [12] 1325 	mov	a,#0xbc
      000273 55 D2            [12] 1326 	anl	a,_UEP1_CTRL
      000275 44 02            [12] 1327 	orl	a,#0x02
      000277 F5 D2            [12] 1328 	mov	_UEP1_CTRL,a
                                   1329 ;	C:\Users\tonyp\AppData\Local\Arduino15\packages\CH55xDuino\hardware\mcs51\0.0.23\cores\ch55xduino\USBhandler.c:195: break;
      000279 02r03rC2         [24] 1330 	ljmp	00197$
                                   1331 ;	C:\Users\tonyp\AppData\Local\Arduino15\packages\CH55xDuino\hardware\mcs51\0.0.23\cores\ch55xduino\USBhandler.c:196: case 0x01:
      00027C                       1332 00151$:
                                   1333 ;	C:\Users\tonyp\AppData\Local\Arduino15\packages\CH55xDuino\hardware\mcs51\0.0.23\cores\ch55xduino\USBhandler.c:198: UEP1_CTRL & ~(bUEP_R_TOG | MASK_UEP_R_RES) | UEP_R_RES_ACK;
      00027C 53 D2 73         [24] 1334 	anl	_UEP1_CTRL,#0x73
                                   1335 ;	C:\Users\tonyp\AppData\Local\Arduino15\packages\CH55xDuino\hardware\mcs51\0.0.23\cores\ch55xduino\USBhandler.c:199: break;
      00027F 02r03rC2         [24] 1336 	ljmp	00197$
                                   1337 ;	C:\Users\tonyp\AppData\Local\Arduino15\packages\CH55xDuino\hardware\mcs51\0.0.23\cores\ch55xduino\USBhandler.c:200: default:
      000282                       1338 00152$:
                                   1339 ;	C:\Users\tonyp\AppData\Local\Arduino15\packages\CH55xDuino\hardware\mcs51\0.0.23\cores\ch55xduino\USBhandler.c:201: len = 0xFF; // Unsupported endpoint
      000282 7F FF            [12] 1340 	mov	r7,#0xff
                                   1341 ;	C:\Users\tonyp\AppData\Local\Arduino15\packages\CH55xDuino\hardware\mcs51\0.0.23\cores\ch55xduino\USBhandler.c:203: }
      000284 02r03rC2         [24] 1342 	ljmp	00197$
      000287                       1343 00155$:
                                   1344 ;	C:\Users\tonyp\AppData\Local\Arduino15\packages\CH55xDuino\hardware\mcs51\0.0.23\cores\ch55xduino\USBhandler.c:205: len = 0xFF; // Unsupported for non-endpoint
      000287 7F FF            [12] 1345 	mov	r7,#0xff
                                   1346 ;	C:\Users\tonyp\AppData\Local\Arduino15\packages\CH55xDuino\hardware\mcs51\0.0.23\cores\ch55xduino\USBhandler.c:207: break;
      000289 02r03rC2         [24] 1347 	ljmp	00197$
                                   1348 ;	C:\Users\tonyp\AppData\Local\Arduino15\packages\CH55xDuino\hardware\mcs51\0.0.23\cores\ch55xduino\USBhandler.c:208: case USB_SET_FEATURE: // Set Feature
      00028C                       1349 00160$:
                                   1350 ;	C:\Users\tonyp\AppData\Local\Arduino15\packages\CH55xDuino\hardware\mcs51\0.0.23\cores\ch55xduino\USBhandler.c:209: if ((UsbSetupBuf->bRequestType & 0x1F) ==
      00028C 90 00 00         [24] 1351 	mov	dptr,#_Ep0Buffer
      00028F E0               [24] 1352 	movx	a,@dptr
      000290 54 1F            [12] 1353 	anl	a,#0x1f
      000292 70 2F            [24] 1354 	jnz	00184$
                                   1355 ;	C:\Users\tonyp\AppData\Local\Arduino15\packages\CH55xDuino\hardware\mcs51\0.0.23\cores\ch55xduino\USBhandler.c:212: if ((((uint16_t)UsbSetupBuf->wValueH << 8) | UsbSetupBuf->wValueL) ==
      000294 90 00 03         [24] 1356 	mov	dptr,#(_Ep0Buffer + 0x0003)
      000297 E0               [24] 1357 	movx	a,@dptr
      000298 FD               [12] 1358 	mov	r5,a
      000299 7E 00            [12] 1359 	mov	r6,#0x00
      00029B 90 00 02         [24] 1360 	mov	dptr,#(_Ep0Buffer + 0x0002)
      00029E E0               [24] 1361 	movx	a,@dptr
      00029F FC               [12] 1362 	mov	r4,a
      0002A0 7B 00            [12] 1363 	mov	r3,#0x00
      0002A2 42 06            [12] 1364 	orl	ar6,a
      0002A4 EB               [12] 1365 	mov	a,r3
      0002A5 42 05            [12] 1366 	orl	ar5,a
      0002A7 BE 01 14         [24] 1367 	cjne	r6,#0x01,00165$
      0002AA BD 00 11         [24] 1368 	cjne	r5,#0x00,00165$
                                   1369 ;	C:\Users\tonyp\AppData\Local\Arduino15\packages\CH55xDuino\hardware\mcs51\0.0.23\cores\ch55xduino\USBhandler.c:214: if (ConfigurationDescriptor.Config.ConfigAttributes & 0x20) {
      0002AD 90r00r07         [24] 1370 	mov	dptr,#(_ConfigurationDescriptor + 0x0007)
      0002B0 E4               [12] 1371 	clr	a
      0002B1 93               [24] 1372 	movc	a,@a+dptr
      0002B2 FE               [12] 1373 	mov	r6,a
      0002B3 30 E5 03         [24] 1374 	jnb	acc.5,00484$
      0002B6 02r03rC2         [24] 1375 	ljmp	00197$
      0002B9                       1376 00484$:
                                   1377 ;	C:\Users\tonyp\AppData\Local\Arduino15\packages\CH55xDuino\hardware\mcs51\0.0.23\cores\ch55xduino\USBhandler.c:223: len = 0xFF; // Failed
      0002B9 7F FF            [12] 1378 	mov	r7,#0xff
      0002BB 02r03rC2         [24] 1379 	ljmp	00197$
      0002BE                       1380 00165$:
                                   1381 ;	C:\Users\tonyp\AppData\Local\Arduino15\packages\CH55xDuino\hardware\mcs51\0.0.23\cores\ch55xduino\USBhandler.c:226: len = 0xFF; // Failed
      0002BE 7F FF            [12] 1382 	mov	r7,#0xff
      0002C0 02r03rC2         [24] 1383 	ljmp	00197$
      0002C3                       1384 00184$:
                                   1385 ;	C:\Users\tonyp\AppData\Local\Arduino15\packages\CH55xDuino\hardware\mcs51\0.0.23\cores\ch55xduino\USBhandler.c:228: } else if ((UsbSetupBuf->bRequestType & 0x1F) ==
      0002C3 90 00 00         [24] 1386 	mov	dptr,#_Ep0Buffer
      0002C6 E0               [24] 1387 	movx	a,@dptr
      0002C7 FE               [12] 1388 	mov	r6,a
      0002C8 53 06 1F         [24] 1389 	anl	ar6,#0x1f
      0002CB 7D 00            [12] 1390 	mov	r5,#0x00
      0002CD BE 02 05         [24] 1391 	cjne	r6,#0x02,00485$
      0002D0 BD 00 02         [24] 1392 	cjne	r5,#0x00,00485$
      0002D3 80 03            [24] 1393 	sjmp	00486$
      0002D5                       1394 00485$:
      0002D5 02r03r9A         [24] 1395 	ljmp	00181$
      0002D8                       1396 00486$:
                                   1397 ;	C:\Users\tonyp\AppData\Local\Arduino15\packages\CH55xDuino\hardware\mcs51\0.0.23\cores\ch55xduino\USBhandler.c:231: if ((((uint16_t)UsbSetupBuf->wValueH << 8) | UsbSetupBuf->wValueL) ==
      0002D8 90 00 03         [24] 1398 	mov	dptr,#(_Ep0Buffer + 0x0003)
      0002DB E0               [24] 1399 	movx	a,@dptr
      0002DC FD               [12] 1400 	mov	r5,a
      0002DD 7E 00            [12] 1401 	mov	r6,#0x00
      0002DF 90 00 02         [24] 1402 	mov	dptr,#(_Ep0Buffer + 0x0002)
      0002E2 E0               [24] 1403 	movx	a,@dptr
      0002E3 FC               [12] 1404 	mov	r4,a
      0002E4 7B 00            [12] 1405 	mov	r3,#0x00
      0002E6 42 06            [12] 1406 	orl	ar6,a
      0002E8 EB               [12] 1407 	mov	a,r3
      0002E9 42 05            [12] 1408 	orl	ar5,a
      0002EB EE               [12] 1409 	mov	a,r6
      0002EC 4D               [12] 1410 	orl	a,r5
      0002ED 60 03            [24] 1411 	jz	00487$
      0002EF 02r03r96         [24] 1412 	ljmp	00178$
      0002F2                       1413 00487$:
                                   1414 ;	C:\Users\tonyp\AppData\Local\Arduino15\packages\CH55xDuino\hardware\mcs51\0.0.23\cores\ch55xduino\USBhandler.c:233: switch (((uint16_t)UsbSetupBuf->wIndexH << 8) |
      0002F2 90 00 05         [24] 1415 	mov	dptr,#(_Ep0Buffer + 0x0005)
      0002F5 E0               [24] 1416 	movx	a,@dptr
      0002F6 FD               [12] 1417 	mov	r5,a
      0002F7 7E 00            [12] 1418 	mov	r6,#0x00
                                   1419 ;	C:\Users\tonyp\AppData\Local\Arduino15\packages\CH55xDuino\hardware\mcs51\0.0.23\cores\ch55xduino\USBhandler.c:234: UsbSetupBuf->wIndexL) {
      0002F9 90 00 04         [24] 1420 	mov	dptr,#(_Ep0Buffer + 0x0004)
      0002FC E0               [24] 1421 	movx	a,@dptr
      0002FD FC               [12] 1422 	mov	r4,a
      0002FE 7B 00            [12] 1423 	mov	r3,#0x00
      000300 42 06            [12] 1424 	orl	ar6,a
      000302 EB               [12] 1425 	mov	a,r3
      000303 42 05            [12] 1426 	orl	ar5,a
      000305 BE 01 06         [24] 1427 	cjne	r6,#0x01,00488$
      000308 BD 00 03         [24] 1428 	cjne	r5,#0x00,00488$
      00030B 02r03r8A         [24] 1429 	ljmp	00174$
      00030E                       1430 00488$:
      00030E BE 02 05         [24] 1431 	cjne	r6,#0x02,00489$
      000311 BD 00 02         [24] 1432 	cjne	r5,#0x00,00489$
      000314 80 60            [24] 1433 	sjmp	00172$
      000316                       1434 00489$:
      000316 BE 03 05         [24] 1435 	cjne	r6,#0x03,00490$
      000319 BD 00 02         [24] 1436 	cjne	r5,#0x00,00490$
      00031C 80 44            [24] 1437 	sjmp	00170$
      00031E                       1438 00490$:
      00031E BE 04 05         [24] 1439 	cjne	r6,#0x04,00491$
      000321 BD 00 02         [24] 1440 	cjne	r5,#0x00,00491$
      000324 80 28            [24] 1441 	sjmp	00168$
      000326                       1442 00491$:
      000326 BE 81 05         [24] 1443 	cjne	r6,#0x81,00492$
      000329 BD 00 02         [24] 1444 	cjne	r5,#0x00,00492$
      00032C 80 52            [24] 1445 	sjmp	00173$
      00032E                       1446 00492$:
      00032E BE 82 05         [24] 1447 	cjne	r6,#0x82,00493$
      000331 BD 00 02         [24] 1448 	cjne	r5,#0x00,00493$
      000334 80 36            [24] 1449 	sjmp	00171$
      000336                       1450 00493$:
      000336 BE 83 05         [24] 1451 	cjne	r6,#0x83,00494$
      000339 BD 00 02         [24] 1452 	cjne	r5,#0x00,00494$
      00033C 80 1A            [24] 1453 	sjmp	00169$
      00033E                       1454 00494$:
      00033E BE 84 51         [24] 1455 	cjne	r6,#0x84,00175$
      000341 BD 00 4E         [24] 1456 	cjne	r5,#0x00,00175$
                                   1457 ;	C:\Users\tonyp\AppData\Local\Arduino15\packages\CH55xDuino\hardware\mcs51\0.0.23\cores\ch55xduino\USBhandler.c:236: UEP4_CTRL = UEP4_CTRL & (~bUEP_T_TOG) |
      000344 74 BF            [12] 1458 	mov	a,#0xbf
      000346 55 DE            [12] 1459 	anl	a,_UEP4_CTRL
      000348 44 03            [12] 1460 	orl	a,#0x03
      00034A F5 DE            [12] 1461 	mov	_UEP4_CTRL,a
                                   1462 ;	C:\Users\tonyp\AppData\Local\Arduino15\packages\CH55xDuino\hardware\mcs51\0.0.23\cores\ch55xduino\USBhandler.c:238: break;
                                   1463 ;	C:\Users\tonyp\AppData\Local\Arduino15\packages\CH55xDuino\hardware\mcs51\0.0.23\cores\ch55xduino\USBhandler.c:239: case 0x04:
      00034C 80 74            [24] 1464 	sjmp	00197$
      00034E                       1465 00168$:
                                   1466 ;	C:\Users\tonyp\AppData\Local\Arduino15\packages\CH55xDuino\hardware\mcs51\0.0.23\cores\ch55xduino\USBhandler.c:240: UEP4_CTRL = UEP4_CTRL & (~bUEP_R_TOG) |
      00034E 74 7F            [12] 1467 	mov	a,#0x7f
      000350 55 DE            [12] 1468 	anl	a,_UEP4_CTRL
      000352 44 0C            [12] 1469 	orl	a,#0x0c
      000354 F5 DE            [12] 1470 	mov	_UEP4_CTRL,a
                                   1471 ;	C:\Users\tonyp\AppData\Local\Arduino15\packages\CH55xDuino\hardware\mcs51\0.0.23\cores\ch55xduino\USBhandler.c:242: break;
                                   1472 ;	C:\Users\tonyp\AppData\Local\Arduino15\packages\CH55xDuino\hardware\mcs51\0.0.23\cores\ch55xduino\USBhandler.c:243: case 0x83:
      000356 80 6A            [24] 1473 	sjmp	00197$
      000358                       1474 00169$:
                                   1475 ;	C:\Users\tonyp\AppData\Local\Arduino15\packages\CH55xDuino\hardware\mcs51\0.0.23\cores\ch55xduino\USBhandler.c:244: UEP3_CTRL = UEP3_CTRL & (~bUEP_T_TOG) |
      000358 74 BF            [12] 1476 	mov	a,#0xbf
      00035A 55 D6            [12] 1477 	anl	a,_UEP3_CTRL
      00035C 44 03            [12] 1478 	orl	a,#0x03
      00035E F5 D6            [12] 1479 	mov	_UEP3_CTRL,a
                                   1480 ;	C:\Users\tonyp\AppData\Local\Arduino15\packages\CH55xDuino\hardware\mcs51\0.0.23\cores\ch55xduino\USBhandler.c:246: break;
                                   1481 ;	C:\Users\tonyp\AppData\Local\Arduino15\packages\CH55xDuino\hardware\mcs51\0.0.23\cores\ch55xduino\USBhandler.c:247: case 0x03:
      000360 80 60            [24] 1482 	sjmp	00197$
      000362                       1483 00170$:
                                   1484 ;	C:\Users\tonyp\AppData\Local\Arduino15\packages\CH55xDuino\hardware\mcs51\0.0.23\cores\ch55xduino\USBhandler.c:248: UEP3_CTRL = UEP3_CTRL & (~bUEP_R_TOG) |
      000362 74 7F            [12] 1485 	mov	a,#0x7f
      000364 55 D6            [12] 1486 	anl	a,_UEP3_CTRL
      000366 44 0C            [12] 1487 	orl	a,#0x0c
      000368 F5 D6            [12] 1488 	mov	_UEP3_CTRL,a
                                   1489 ;	C:\Users\tonyp\AppData\Local\Arduino15\packages\CH55xDuino\hardware\mcs51\0.0.23\cores\ch55xduino\USBhandler.c:250: break;
                                   1490 ;	C:\Users\tonyp\AppData\Local\Arduino15\packages\CH55xDuino\hardware\mcs51\0.0.23\cores\ch55xduino\USBhandler.c:251: case 0x82:
      00036A 80 56            [24] 1491 	sjmp	00197$
      00036C                       1492 00171$:
                                   1493 ;	C:\Users\tonyp\AppData\Local\Arduino15\packages\CH55xDuino\hardware\mcs51\0.0.23\cores\ch55xduino\USBhandler.c:252: UEP2_CTRL = UEP2_CTRL & (~bUEP_T_TOG) |
      00036C 74 BF            [12] 1494 	mov	a,#0xbf
      00036E 55 D4            [12] 1495 	anl	a,_UEP2_CTRL
      000370 44 03            [12] 1496 	orl	a,#0x03
      000372 F5 D4            [12] 1497 	mov	_UEP2_CTRL,a
                                   1498 ;	C:\Users\tonyp\AppData\Local\Arduino15\packages\CH55xDuino\hardware\mcs51\0.0.23\cores\ch55xduino\USBhandler.c:254: break;
                                   1499 ;	C:\Users\tonyp\AppData\Local\Arduino15\packages\CH55xDuino\hardware\mcs51\0.0.23\cores\ch55xduino\USBhandler.c:255: case 0x02:
      000374 80 4C            [24] 1500 	sjmp	00197$
      000376                       1501 00172$:
                                   1502 ;	C:\Users\tonyp\AppData\Local\Arduino15\packages\CH55xDuino\hardware\mcs51\0.0.23\cores\ch55xduino\USBhandler.c:256: UEP2_CTRL = UEP2_CTRL & (~bUEP_R_TOG) |
      000376 74 7F            [12] 1503 	mov	a,#0x7f
      000378 55 D4            [12] 1504 	anl	a,_UEP2_CTRL
      00037A 44 0C            [12] 1505 	orl	a,#0x0c
      00037C F5 D4            [12] 1506 	mov	_UEP2_CTRL,a
                                   1507 ;	C:\Users\tonyp\AppData\Local\Arduino15\packages\CH55xDuino\hardware\mcs51\0.0.23\cores\ch55xduino\USBhandler.c:258: break;
                                   1508 ;	C:\Users\tonyp\AppData\Local\Arduino15\packages\CH55xDuino\hardware\mcs51\0.0.23\cores\ch55xduino\USBhandler.c:259: case 0x81:
      00037E 80 42            [24] 1509 	sjmp	00197$
      000380                       1510 00173$:
                                   1511 ;	C:\Users\tonyp\AppData\Local\Arduino15\packages\CH55xDuino\hardware\mcs51\0.0.23\cores\ch55xduino\USBhandler.c:260: UEP1_CTRL = UEP1_CTRL & (~bUEP_T_TOG) |
      000380 74 BF            [12] 1512 	mov	a,#0xbf
      000382 55 D2            [12] 1513 	anl	a,_UEP1_CTRL
      000384 44 03            [12] 1514 	orl	a,#0x03
      000386 F5 D2            [12] 1515 	mov	_UEP1_CTRL,a
                                   1516 ;	C:\Users\tonyp\AppData\Local\Arduino15\packages\CH55xDuino\hardware\mcs51\0.0.23\cores\ch55xduino\USBhandler.c:262: break;
                                   1517 ;	C:\Users\tonyp\AppData\Local\Arduino15\packages\CH55xDuino\hardware\mcs51\0.0.23\cores\ch55xduino\USBhandler.c:263: case 0x01:
      000388 80 38            [24] 1518 	sjmp	00197$
      00038A                       1519 00174$:
                                   1520 ;	C:\Users\tonyp\AppData\Local\Arduino15\packages\CH55xDuino\hardware\mcs51\0.0.23\cores\ch55xduino\USBhandler.c:264: UEP1_CTRL = UEP1_CTRL & (~bUEP_R_TOG) |
      00038A 74 7F            [12] 1521 	mov	a,#0x7f
      00038C 55 D2            [12] 1522 	anl	a,_UEP1_CTRL
      00038E 44 0C            [12] 1523 	orl	a,#0x0c
      000390 F5 D2            [12] 1524 	mov	_UEP1_CTRL,a
                                   1525 ;	C:\Users\tonyp\AppData\Local\Arduino15\packages\CH55xDuino\hardware\mcs51\0.0.23\cores\ch55xduino\USBhandler.c:266: default:
      000392                       1526 00175$:
                                   1527 ;	C:\Users\tonyp\AppData\Local\Arduino15\packages\CH55xDuino\hardware\mcs51\0.0.23\cores\ch55xduino\USBhandler.c:267: len = 0xFF; // Failed
      000392 7F FF            [12] 1528 	mov	r7,#0xff
                                   1529 ;	C:\Users\tonyp\AppData\Local\Arduino15\packages\CH55xDuino\hardware\mcs51\0.0.23\cores\ch55xduino\USBhandler.c:269: }
      000394 80 2C            [24] 1530 	sjmp	00197$
      000396                       1531 00178$:
                                   1532 ;	C:\Users\tonyp\AppData\Local\Arduino15\packages\CH55xDuino\hardware\mcs51\0.0.23\cores\ch55xduino\USBhandler.c:271: len = 0xFF; // Failed
      000396 7F FF            [12] 1533 	mov	r7,#0xff
      000398 80 28            [24] 1534 	sjmp	00197$
      00039A                       1535 00181$:
                                   1536 ;	C:\Users\tonyp\AppData\Local\Arduino15\packages\CH55xDuino\hardware\mcs51\0.0.23\cores\ch55xduino\USBhandler.c:274: len = 0xFF; // Failed
      00039A 7F FF            [12] 1537 	mov	r7,#0xff
                                   1538 ;	C:\Users\tonyp\AppData\Local\Arduino15\packages\CH55xDuino\hardware\mcs51\0.0.23\cores\ch55xduino\USBhandler.c:276: break;
                                   1539 ;	C:\Users\tonyp\AppData\Local\Arduino15\packages\CH55xDuino\hardware\mcs51\0.0.23\cores\ch55xduino\USBhandler.c:277: case USB_GET_STATUS:
      00039C 80 24            [24] 1540 	sjmp	00197$
      00039E                       1541 00186$:
                                   1542 ;	C:\Users\tonyp\AppData\Local\Arduino15\packages\CH55xDuino\hardware\mcs51\0.0.23\cores\ch55xduino\USBhandler.c:278: Ep0Buffer[0] = 0x00;
      00039E 90 00 00         [24] 1543 	mov	dptr,#_Ep0Buffer
      0003A1 E4               [12] 1544 	clr	a
      0003A2 F0               [24] 1545 	movx	@dptr,a
                                   1546 ;	C:\Users\tonyp\AppData\Local\Arduino15\packages\CH55xDuino\hardware\mcs51\0.0.23\cores\ch55xduino\USBhandler.c:279: Ep0Buffer[1] = 0x00;
      0003A3 90 00 01         [24] 1547 	mov	dptr,#(_Ep0Buffer + 0x0001)
      0003A6 F0               [24] 1548 	movx	@dptr,a
                                   1549 ;	C:\Users\tonyp\AppData\Local\Arduino15\packages\CH55xDuino\hardware\mcs51\0.0.23\cores\ch55xduino\USBhandler.c:280: if (SetupLen >= 2) {
      0003A7 AD*00            [24] 1550 	mov	r5,_SetupLen
      0003A9 AE*01            [24] 1551 	mov	r6,(_SetupLen + 1)
      0003AB C3               [12] 1552 	clr	c
      0003AC ED               [12] 1553 	mov	a,r5
      0003AD 94 02            [12] 1554 	subb	a,#0x02
      0003AF EE               [12] 1555 	mov	a,r6
      0003B0 94 00            [12] 1556 	subb	a,#0x00
      0003B2 40 04            [24] 1557 	jc	00188$
                                   1558 ;	C:\Users\tonyp\AppData\Local\Arduino15\packages\CH55xDuino\hardware\mcs51\0.0.23\cores\ch55xduino\USBhandler.c:281: len = 2;
      0003B4 7F 02            [12] 1559 	mov	r7,#0x02
      0003B6 80 0A            [24] 1560 	sjmp	00197$
      0003B8                       1561 00188$:
                                   1562 ;	C:\Users\tonyp\AppData\Local\Arduino15\packages\CH55xDuino\hardware\mcs51\0.0.23\cores\ch55xduino\USBhandler.c:283: len = SetupLen;
      0003B8 AF*00            [24] 1563 	mov	r7,_SetupLen
                                   1564 ;	C:\Users\tonyp\AppData\Local\Arduino15\packages\CH55xDuino\hardware\mcs51\0.0.23\cores\ch55xduino\USBhandler.c:285: break;
                                   1565 ;	C:\Users\tonyp\AppData\Local\Arduino15\packages\CH55xDuino\hardware\mcs51\0.0.23\cores\ch55xduino\USBhandler.c:286: default:
      0003BA 80 06            [24] 1566 	sjmp	00197$
      0003BC                       1567 00190$:
                                   1568 ;	C:\Users\tonyp\AppData\Local\Arduino15\packages\CH55xDuino\hardware\mcs51\0.0.23\cores\ch55xduino\USBhandler.c:287: len = 0xff; // Failed
      0003BC 7F FF            [12] 1569 	mov	r7,#0xff
                                   1570 ;	C:\Users\tonyp\AppData\Local\Arduino15\packages\CH55xDuino\hardware\mcs51\0.0.23\cores\ch55xduino\USBhandler.c:289: }
      0003BE 80 02            [24] 1571 	sjmp	00197$
      0003C0                       1572 00196$:
                                   1573 ;	C:\Users\tonyp\AppData\Local\Arduino15\packages\CH55xDuino\hardware\mcs51\0.0.23\cores\ch55xduino\USBhandler.c:292: len = 0xff; // Wrong packet length
      0003C0 7F FF            [12] 1574 	mov	r7,#0xff
      0003C2                       1575 00197$:
                                   1576 ;	C:\Users\tonyp\AppData\Local\Arduino15\packages\CH55xDuino\hardware\mcs51\0.0.23\cores\ch55xduino\USBhandler.c:294: if (len == 0xff) {
      0003C2 BF FF 07         [24] 1577 	cjne	r7,#0xff,00202$
                                   1578 ;	C:\Users\tonyp\AppData\Local\Arduino15\packages\CH55xDuino\hardware\mcs51\0.0.23\cores\ch55xduino\USBhandler.c:295: SetupReq = 0xFF;
      0003C5 75*02 FF         [24] 1579 	mov	_SetupReq,#0xff
                                   1580 ;	C:\Users\tonyp\AppData\Local\Arduino15\packages\CH55xDuino\hardware\mcs51\0.0.23\cores\ch55xduino\USBhandler.c:297: bUEP_R_TOG | bUEP_T_TOG | UEP_R_RES_STALL | UEP_T_RES_STALL; // STALL
      0003C8 75 DC CF         [24] 1581 	mov	_UEP0_CTRL,#0xcf
      0003CB 22               [24] 1582 	ret
      0003CC                       1583 00202$:
                                   1584 ;	C:\Users\tonyp\AppData\Local\Arduino15\packages\CH55xDuino\hardware\mcs51\0.0.23\cores\ch55xduino\USBhandler.c:299: DEFAULT_ENDP0_SIZE) // Tx data to host or send 0-length packet
      0003CC EF               [12] 1585 	mov	a,r7
      0003CD 24 F7            [12] 1586 	add	a,#0xff - 0x08
      0003CF 40 06            [24] 1587 	jc	00199$
                                   1588 ;	C:\Users\tonyp\AppData\Local\Arduino15\packages\CH55xDuino\hardware\mcs51\0.0.23\cores\ch55xduino\USBhandler.c:301: UEP0_T_LEN = len;
      0003D1 8F DD            [24] 1589 	mov	_UEP0_T_LEN,r7
                                   1590 ;	C:\Users\tonyp\AppData\Local\Arduino15\packages\CH55xDuino\hardware\mcs51\0.0.23\cores\ch55xduino\USBhandler.c:303: UEP_T_RES_ACK; // Expect DATA1, Answer ACK
      0003D3 75 DC C0         [24] 1591 	mov	_UEP0_CTRL,#0xc0
      0003D6 22               [24] 1592 	ret
      0003D7                       1593 00199$:
                                   1594 ;	C:\Users\tonyp\AppData\Local\Arduino15\packages\CH55xDuino\hardware\mcs51\0.0.23\cores\ch55xduino\USBhandler.c:305: UEP0_T_LEN = 0; // Tx data to host or send 0-length packet
      0003D7 75 DD 00         [24] 1595 	mov	_UEP0_T_LEN,#0x00
                                   1596 ;	C:\Users\tonyp\AppData\Local\Arduino15\packages\CH55xDuino\hardware\mcs51\0.0.23\cores\ch55xduino\USBhandler.c:307: UEP_T_RES_ACK; // Expect DATA1, Answer ACK
      0003DA 75 DC C0         [24] 1597 	mov	_UEP0_CTRL,#0xc0
                                   1598 ;	C:\Users\tonyp\AppData\Local\Arduino15\packages\CH55xDuino\hardware\mcs51\0.0.23\cores\ch55xduino\USBhandler.c:309: }
      0003DD 22               [24] 1599 	ret
                                   1600 ;------------------------------------------------------------
                                   1601 ;Allocation info for local variables in function 'USB_EP0_IN'
                                   1602 ;------------------------------------------------------------
                                   1603 ;len                       Allocated to registers r4 
                                   1604 ;i                         Allocated to registers r5 
                                   1605 ;------------------------------------------------------------
                                   1606 ;	C:\Users\tonyp\AppData\Local\Arduino15\packages\CH55xDuino\hardware\mcs51\0.0.23\cores\ch55xduino\USBhandler.c:311: void USB_EP0_IN() {
                                   1607 ;	-----------------------------------------
                                   1608 ;	 function USB_EP0_IN
                                   1609 ;	-----------------------------------------
      0003DE                       1610 _USB_EP0_IN:
                                   1611 ;	C:\Users\tonyp\AppData\Local\Arduino15\packages\CH55xDuino\hardware\mcs51\0.0.23\cores\ch55xduino\USBhandler.c:312: switch (SetupReq) {
      0003DE 74 05            [12] 1612 	mov	a,#0x05
      0003E0 B5*02 02         [24] 1613 	cjne	a,_SetupReq,00134$
      0003E3 80 5D            [24] 1614 	sjmp	00103$
      0003E5                       1615 00134$:
      0003E5 74 06            [12] 1616 	mov	a,#0x06
      0003E7 B5*02 66         [24] 1617 	cjne	a,_SetupReq,00104$
                                   1618 ;	C:\Users\tonyp\AppData\Local\Arduino15\packages\CH55xDuino\hardware\mcs51\0.0.23\cores\ch55xduino\USBhandler.c:314: __data uint8_t len = SetupLen >= DEFAULT_ENDP0_SIZE
      0003EA AE*00            [24] 1619 	mov	r6,_SetupLen
      0003EC AF*01            [24] 1620 	mov	r7,(_SetupLen + 1)
      0003EE C3               [12] 1621 	clr	c
      0003EF EE               [12] 1622 	mov	a,r6
      0003F0 94 08            [12] 1623 	subb	a,#0x08
      0003F2 EF               [12] 1624 	mov	a,r7
      0003F3 94 00            [12] 1625 	subb	a,#0x00
      0003F5 92*01            [24] 1626 	mov	_USB_EP0_IN_sloc0_1_0,c
      0003F7 40 06            [24] 1627 	jc	00111$
      0003F9 7C 08            [12] 1628 	mov	r4,#0x08
      0003FB 7D 00            [12] 1629 	mov	r5,#0x00
      0003FD 80 04            [24] 1630 	sjmp	00112$
      0003FF                       1631 00111$:
      0003FF AC*00            [24] 1632 	mov	r4,_SetupLen
      000401 AD*01            [24] 1633 	mov	r5,(_SetupLen + 1)
      000403                       1634 00112$:
                                   1635 ;	C:\Users\tonyp\AppData\Local\Arduino15\packages\CH55xDuino\hardware\mcs51\0.0.23\cores\ch55xduino\USBhandler.c:317: for (__data uint8_t i = 0; i < len; i++) {
      000403 7D 00            [12] 1636 	mov	r5,#0x00
      000405                       1637 00107$:
      000405 C3               [12] 1638 	clr	c
      000406 ED               [12] 1639 	mov	a,r5
      000407 9C               [12] 1640 	subb	a,r4
      000408 50 19            [24] 1641 	jnc	00102$
                                   1642 ;	C:\Users\tonyp\AppData\Local\Arduino15\packages\CH55xDuino\hardware\mcs51\0.0.23\cores\ch55xduino\USBhandler.c:318: Ep0Buffer[i] = pDescr[i];
      00040A 8D 02            [24] 1643 	mov	ar2,r5
      00040C 7B 00            [12] 1644 	mov	r3,#(_Ep0Buffer >> 8)
      00040E ED               [12] 1645 	mov	a,r5
      00040F 25*03            [12] 1646 	add	a,_pDescr
      000411 F5 82            [12] 1647 	mov	dpl,a
      000413 E4               [12] 1648 	clr	a
      000414 35*04            [12] 1649 	addc	a,(_pDescr + 1)
      000416 F5 83            [12] 1650 	mov	dph,a
      000418 E4               [12] 1651 	clr	a
      000419 93               [24] 1652 	movc	a,@a+dptr
      00041A F9               [12] 1653 	mov	r1,a
      00041B 8A 82            [24] 1654 	mov	dpl,r2
      00041D 8B 83            [24] 1655 	mov	dph,r3
      00041F F0               [24] 1656 	movx	@dptr,a
                                   1657 ;	C:\Users\tonyp\AppData\Local\Arduino15\packages\CH55xDuino\hardware\mcs51\0.0.23\cores\ch55xduino\USBhandler.c:317: for (__data uint8_t i = 0; i < len; i++) {
      000420 0D               [12] 1658 	inc	r5
      000421 80 E2            [24] 1659 	sjmp	00107$
      000423                       1660 00102$:
                                   1661 ;	C:\Users\tonyp\AppData\Local\Arduino15\packages\CH55xDuino\hardware\mcs51\0.0.23\cores\ch55xduino\USBhandler.c:321: SetupLen -= len;
      000423 8C 03            [24] 1662 	mov	ar3,r4
      000425 7D 00            [12] 1663 	mov	r5,#0x00
      000427 EE               [12] 1664 	mov	a,r6
      000428 C3               [12] 1665 	clr	c
      000429 9B               [12] 1666 	subb	a,r3
      00042A FE               [12] 1667 	mov	r6,a
      00042B EF               [12] 1668 	mov	a,r7
      00042C 9D               [12] 1669 	subb	a,r5
      00042D FF               [12] 1670 	mov	r7,a
      00042E 8E*00            [24] 1671 	mov	_SetupLen,r6
      000430 8F*01            [24] 1672 	mov	(_SetupLen + 1),r7
                                   1673 ;	C:\Users\tonyp\AppData\Local\Arduino15\packages\CH55xDuino\hardware\mcs51\0.0.23\cores\ch55xduino\USBhandler.c:322: pDescr += len;
      000432 EC               [12] 1674 	mov	a,r4
      000433 25*03            [12] 1675 	add	a,_pDescr
      000435 F5*03            [12] 1676 	mov	_pDescr,a
      000437 E4               [12] 1677 	clr	a
      000438 35*04            [12] 1678 	addc	a,(_pDescr + 1)
      00043A F5*04            [12] 1679 	mov	(_pDescr + 1),a
                                   1680 ;	C:\Users\tonyp\AppData\Local\Arduino15\packages\CH55xDuino\hardware\mcs51\0.0.23\cores\ch55xduino\USBhandler.c:323: UEP0_T_LEN = len;
      00043C 8C DD            [24] 1681 	mov	_UEP0_T_LEN,r4
                                   1682 ;	C:\Users\tonyp\AppData\Local\Arduino15\packages\CH55xDuino\hardware\mcs51\0.0.23\cores\ch55xduino\USBhandler.c:324: UEP0_CTRL ^= bUEP_T_TOG; // Switch between DATA0 and DATA1
      00043E 63 DC 40         [24] 1683 	xrl	_UEP0_CTRL,#0x40
                                   1684 ;	C:\Users\tonyp\AppData\Local\Arduino15\packages\CH55xDuino\hardware\mcs51\0.0.23\cores\ch55xduino\USBhandler.c:325: } break;
                                   1685 ;	C:\Users\tonyp\AppData\Local\Arduino15\packages\CH55xDuino\hardware\mcs51\0.0.23\cores\ch55xduino\USBhandler.c:326: case USB_SET_ADDRESS:
      000441 22               [24] 1686 	ret
      000442                       1687 00103$:
                                   1688 ;	C:\Users\tonyp\AppData\Local\Arduino15\packages\CH55xDuino\hardware\mcs51\0.0.23\cores\ch55xduino\USBhandler.c:327: USB_DEV_AD = USB_DEV_AD & bUDA_GP_BIT | SetupLen;
      000442 E5 E3            [12] 1689 	mov	a,_USB_DEV_AD
      000444 54 80            [12] 1690 	anl	a,#0x80
      000446 FF               [12] 1691 	mov	r7,a
      000447 E5*00            [12] 1692 	mov	a,_SetupLen
      000449 4F               [12] 1693 	orl	a,r7
      00044A F5 E3            [12] 1694 	mov	_USB_DEV_AD,a
                                   1695 ;	C:\Users\tonyp\AppData\Local\Arduino15\packages\CH55xDuino\hardware\mcs51\0.0.23\cores\ch55xduino\USBhandler.c:328: UEP0_CTRL = UEP_R_RES_ACK | UEP_T_RES_NAK;
      00044C 75 DC 02         [24] 1696 	mov	_UEP0_CTRL,#0x02
                                   1697 ;	C:\Users\tonyp\AppData\Local\Arduino15\packages\CH55xDuino\hardware\mcs51\0.0.23\cores\ch55xduino\USBhandler.c:329: break;
                                   1698 ;	C:\Users\tonyp\AppData\Local\Arduino15\packages\CH55xDuino\hardware\mcs51\0.0.23\cores\ch55xduino\USBhandler.c:330: default:
      00044F 22               [24] 1699 	ret
      000450                       1700 00104$:
                                   1701 ;	C:\Users\tonyp\AppData\Local\Arduino15\packages\CH55xDuino\hardware\mcs51\0.0.23\cores\ch55xduino\USBhandler.c:331: UEP0_T_LEN = 0; // End of transaction
      000450 75 DD 00         [24] 1702 	mov	_UEP0_T_LEN,#0x00
                                   1703 ;	C:\Users\tonyp\AppData\Local\Arduino15\packages\CH55xDuino\hardware\mcs51\0.0.23\cores\ch55xduino\USBhandler.c:332: UEP0_CTRL = UEP_R_RES_ACK | UEP_T_RES_NAK;
      000453 75 DC 02         [24] 1704 	mov	_UEP0_CTRL,#0x02
                                   1705 ;	C:\Users\tonyp\AppData\Local\Arduino15\packages\CH55xDuino\hardware\mcs51\0.0.23\cores\ch55xduino\USBhandler.c:334: }
                                   1706 ;	C:\Users\tonyp\AppData\Local\Arduino15\packages\CH55xDuino\hardware\mcs51\0.0.23\cores\ch55xduino\USBhandler.c:335: }
      000456 22               [24] 1707 	ret
                                   1708 ;------------------------------------------------------------
                                   1709 ;Allocation info for local variables in function 'USB_EP0_OUT'
                                   1710 ;------------------------------------------------------------
                                   1711 ;	C:\Users\tonyp\AppData\Local\Arduino15\packages\CH55xDuino\hardware\mcs51\0.0.23\cores\ch55xduino\USBhandler.c:337: void USB_EP0_OUT() {
                                   1712 ;	-----------------------------------------
                                   1713 ;	 function USB_EP0_OUT
                                   1714 ;	-----------------------------------------
      000457                       1715 _USB_EP0_OUT:
                                   1716 ;	C:\Users\tonyp\AppData\Local\Arduino15\packages\CH55xDuino\hardware\mcs51\0.0.23\cores\ch55xduino\USBhandler.c:338: if (SetupReq == SET_LINE_CODING) // Set line coding
      000457 74 20            [12] 1717 	mov	a,#0x20
      000459 B5*02 0D         [24] 1718 	cjne	a,_SetupReq,00104$
                                   1719 ;	C:\Users\tonyp\AppData\Local\Arduino15\packages\CH55xDuino\hardware\mcs51\0.0.23\cores\ch55xduino\USBhandler.c:340: if (U_TOG_OK) {
      00045C 30 DE 10         [24] 1720 	jnb	_U_TOG_OK,00106$
                                   1721 ;	C:\Users\tonyp\AppData\Local\Arduino15\packages\CH55xDuino\hardware\mcs51\0.0.23\cores\ch55xduino\USBhandler.c:341: setLineCodingHandler();
      00045F 12r00r00         [24] 1722 	lcall	_setLineCodingHandler
                                   1723 ;	C:\Users\tonyp\AppData\Local\Arduino15\packages\CH55xDuino\hardware\mcs51\0.0.23\cores\ch55xduino\USBhandler.c:342: UEP0_T_LEN = 0;
      000462 75 DD 00         [24] 1724 	mov	_UEP0_T_LEN,#0x00
                                   1725 ;	C:\Users\tonyp\AppData\Local\Arduino15\packages\CH55xDuino\hardware\mcs51\0.0.23\cores\ch55xduino\USBhandler.c:343: UEP0_CTRL |= UEP_R_RES_ACK | UEP_T_RES_ACK; // send 0-length packet
      000465 85 DC DC         [24] 1726 	mov	_UEP0_CTRL,_UEP0_CTRL
      000468 22               [24] 1727 	ret
      000469                       1728 00104$:
                                   1729 ;	C:\Users\tonyp\AppData\Local\Arduino15\packages\CH55xDuino\hardware\mcs51\0.0.23\cores\ch55xduino\USBhandler.c:346: UEP0_T_LEN = 0;
      000469 75 DD 00         [24] 1730 	mov	_UEP0_T_LEN,#0x00
                                   1731 ;	C:\Users\tonyp\AppData\Local\Arduino15\packages\CH55xDuino\hardware\mcs51\0.0.23\cores\ch55xduino\USBhandler.c:347: UEP0_CTRL |= UEP_R_RES_ACK | UEP_T_RES_NAK; // Respond Nak
      00046C 43 DC 02         [24] 1732 	orl	_UEP0_CTRL,#0x02
      00046F                       1733 00106$:
                                   1734 ;	C:\Users\tonyp\AppData\Local\Arduino15\packages\CH55xDuino\hardware\mcs51\0.0.23\cores\ch55xduino\USBhandler.c:349: }
      00046F 22               [24] 1735 	ret
                                   1736 ;------------------------------------------------------------
                                   1737 ;Allocation info for local variables in function 'USB_EP1_IN'
                                   1738 ;------------------------------------------------------------
                                   1739 ;	C:\Users\tonyp\AppData\Local\Arduino15\packages\CH55xDuino\hardware\mcs51\0.0.23\cores\ch55xduino\USBhandler.c:351: void USB_EP1_IN() {
                                   1740 ;	-----------------------------------------
                                   1741 ;	 function USB_EP1_IN
                                   1742 ;	-----------------------------------------
      000470                       1743 _USB_EP1_IN:
                                   1744 ;	C:\Users\tonyp\AppData\Local\Arduino15\packages\CH55xDuino\hardware\mcs51\0.0.23\cores\ch55xduino\USBhandler.c:352: UEP1_T_LEN = 0;
      000470 75 D3 00         [24] 1745 	mov	_UEP1_T_LEN,#0x00
                                   1746 ;	C:\Users\tonyp\AppData\Local\Arduino15\packages\CH55xDuino\hardware\mcs51\0.0.23\cores\ch55xduino\USBhandler.c:353: UEP1_CTRL = UEP1_CTRL & ~MASK_UEP_T_RES | UEP_T_RES_NAK; // Default NAK
      000473 74 FC            [12] 1747 	mov	a,#0xfc
      000475 55 D2            [12] 1748 	anl	a,_UEP1_CTRL
      000477 44 02            [12] 1749 	orl	a,#0x02
      000479 F5 D2            [12] 1750 	mov	_UEP1_CTRL,a
                                   1751 ;	C:\Users\tonyp\AppData\Local\Arduino15\packages\CH55xDuino\hardware\mcs51\0.0.23\cores\ch55xduino\USBhandler.c:354: }
      00047B 22               [24] 1752 	ret
                                   1753 ;------------------------------------------------------------
                                   1754 ;Allocation info for local variables in function 'USBInterrupt'
                                   1755 ;------------------------------------------------------------
                                   1756 ;callIndex                 Allocated to registers r7 
                                   1757 ;------------------------------------------------------------
                                   1758 ;	C:\Users\tonyp\AppData\Local\Arduino15\packages\CH55xDuino\hardware\mcs51\0.0.23\cores\ch55xduino\USBhandler.c:358: void USBInterrupt(void) { // inline not really working in multiple files in SDCC
                                   1759 ;	-----------------------------------------
                                   1760 ;	 function USBInterrupt
                                   1761 ;	-----------------------------------------
      00047C                       1762 _USBInterrupt:
                                   1763 ;	C:\Users\tonyp\AppData\Local\Arduino15\packages\CH55xDuino\hardware\mcs51\0.0.23\cores\ch55xduino\USBhandler.c:359: if (UIF_TRANSFER) {
      00047C 20 D9 03         [24] 1764 	jb	_UIF_TRANSFER,00208$
      00047F 02r05r27         [24] 1765 	ljmp	00135$
      000482                       1766 00208$:
                                   1767 ;	C:\Users\tonyp\AppData\Local\Arduino15\packages\CH55xDuino\hardware\mcs51\0.0.23\cores\ch55xduino\USBhandler.c:361: __data uint8_t callIndex = USB_INT_ST & MASK_UIS_ENDP;
      000482 E5 D9            [12] 1768 	mov	a,_USB_INT_ST
      000484 54 0F            [12] 1769 	anl	a,#0x0f
      000486 FF               [12] 1770 	mov	r7,a
                                   1771 ;	C:\Users\tonyp\AppData\Local\Arduino15\packages\CH55xDuino\hardware\mcs51\0.0.23\cores\ch55xduino\USBhandler.c:362: switch (USB_INT_ST & MASK_UIS_TOKEN) {
      000487 AD D9            [24] 1772 	mov	r5,_USB_INT_ST
      000489 53 05 30         [24] 1773 	anl	ar5,#0x30
      00048C 7E 00            [12] 1774 	mov	r6,#0x00
      00048E BD 00 05         [24] 1775 	cjne	r5,#0x00,00209$
      000491 BE 00 02         [24] 1776 	cjne	r6,#0x00,00209$
      000494 80 1C            [24] 1777 	sjmp	00101$
      000496                       1778 00209$:
      000496 BD 10 05         [24] 1779 	cjne	r5,#0x10,00210$
      000499 BE 00 02         [24] 1780 	cjne	r6,#0x00,00210$
      00049C 80 36            [24] 1781 	sjmp	00109$
      00049E                       1782 00210$:
      00049E BD 20 05         [24] 1783 	cjne	r5,#0x20,00211$
      0004A1 BE 00 02         [24] 1784 	cjne	r6,#0x00,00211$
      0004A4 80 43            [24] 1785 	sjmp	00117$
      0004A6                       1786 00211$:
      0004A6 BD 30 06         [24] 1787 	cjne	r5,#0x30,00212$
      0004A9 BE 00 03         [24] 1788 	cjne	r6,#0x00,00212$
      0004AC 02r05r0D         [24] 1789 	ljmp	00125$
      0004AF                       1790 00212$:
      0004AF 02r05r25         [24] 1791 	ljmp	00133$
                                   1792 ;	C:\Users\tonyp\AppData\Local\Arduino15\packages\CH55xDuino\hardware\mcs51\0.0.23\cores\ch55xduino\USBhandler.c:363: case UIS_TOKEN_OUT: { // SDCC will take IRAM if array of function pointer is
      0004B2                       1793 00101$:
                                   1794 ;	C:\Users\tonyp\AppData\Local\Arduino15\packages\CH55xDuino\hardware\mcs51\0.0.23\cores\ch55xduino\USBhandler.c:365: switch (callIndex) {
      0004B2 EF               [12] 1795 	mov	a,r7
      0004B3 24 FB            [12] 1796 	add	a,#0xff - 0x04
      0004B5 50 03            [24] 1797 	jnc	00213$
      0004B7 02r05r25         [24] 1798 	ljmp	00133$
      0004BA                       1799 00213$:
      0004BA EF               [12] 1800 	mov	a,r7
      0004BB 2F               [12] 1801 	add	a,r7
                                   1802 ;	C:\Users\tonyp\AppData\Local\Arduino15\packages\CH55xDuino\hardware\mcs51\0.0.23\cores\ch55xduino\USBhandler.c:366: case 0:
      0004BC 90r04rC0         [24] 1803 	mov	dptr,#00214$
      0004BF 73               [24] 1804 	jmp	@a+dptr
      0004C0                       1805 00214$:
      0004C0 80 08            [24] 1806 	sjmp	00102$
      0004C2 80 61            [24] 1807 	sjmp	00133$
      0004C4 80 09            [24] 1808 	sjmp	00104$
      0004C6 80 5D            [24] 1809 	sjmp	00133$
      0004C8 80 5B            [24] 1810 	sjmp	00133$
      0004CA                       1811 00102$:
                                   1812 ;	C:\Users\tonyp\AppData\Local\Arduino15\packages\CH55xDuino\hardware\mcs51\0.0.23\cores\ch55xduino\USBhandler.c:367: EP0_OUT_Callback();
      0004CA 12r04r57         [24] 1813 	lcall	_USB_EP0_OUT
                                   1814 ;	C:\Users\tonyp\AppData\Local\Arduino15\packages\CH55xDuino\hardware\mcs51\0.0.23\cores\ch55xduino\USBhandler.c:368: break;
                                   1815 ;	C:\Users\tonyp\AppData\Local\Arduino15\packages\CH55xDuino\hardware\mcs51\0.0.23\cores\ch55xduino\USBhandler.c:372: case 2:
      0004CD 80 56            [24] 1816 	sjmp	00133$
      0004CF                       1817 00104$:
                                   1818 ;	C:\Users\tonyp\AppData\Local\Arduino15\packages\CH55xDuino\hardware\mcs51\0.0.23\cores\ch55xduino\USBhandler.c:373: EP2_OUT_Callback();
      0004CF 12r00r00         [24] 1819 	lcall	_USB_EP2_OUT
                                   1820 ;	C:\Users\tonyp\AppData\Local\Arduino15\packages\CH55xDuino\hardware\mcs51\0.0.23\cores\ch55xduino\USBhandler.c:374: break;
                                   1821 ;	C:\Users\tonyp\AppData\Local\Arduino15\packages\CH55xDuino\hardware\mcs51\0.0.23\cores\ch55xduino\USBhandler.c:385: case UIS_TOKEN_SOF: { // SDCC will take IRAM if array of function pointer is
      0004D2 80 51            [24] 1822 	sjmp	00133$
      0004D4                       1823 00109$:
                                   1824 ;	C:\Users\tonyp\AppData\Local\Arduino15\packages\CH55xDuino\hardware\mcs51\0.0.23\cores\ch55xduino\USBhandler.c:387: switch (callIndex) {
      0004D4 EF               [12] 1825 	mov	a,r7
      0004D5 24 FB            [12] 1826 	add	a,#0xff - 0x04
      0004D7 40 4C            [24] 1827 	jc	00133$
      0004D9 EF               [12] 1828 	mov	a,r7
      0004DA 2F               [12] 1829 	add	a,r7
                                   1830 ;	C:\Users\tonyp\AppData\Local\Arduino15\packages\CH55xDuino\hardware\mcs51\0.0.23\cores\ch55xduino\USBhandler.c:407: case UIS_TOKEN_IN: { // SDCC will take IRAM if array of function pointer is
      0004DB 90r04rDF         [24] 1831 	mov	dptr,#00216$
      0004DE 73               [24] 1832 	jmp	@a+dptr
      0004DF                       1833 00216$:
      0004DF 80 44            [24] 1834 	sjmp	00133$
      0004E1 80 42            [24] 1835 	sjmp	00133$
      0004E3 80 40            [24] 1836 	sjmp	00133$
      0004E5 80 3E            [24] 1837 	sjmp	00133$
      0004E7 80 3C            [24] 1838 	sjmp	00133$
      0004E9                       1839 00117$:
                                   1840 ;	C:\Users\tonyp\AppData\Local\Arduino15\packages\CH55xDuino\hardware\mcs51\0.0.23\cores\ch55xduino\USBhandler.c:409: switch (callIndex) {
      0004E9 EF               [12] 1841 	mov	a,r7
      0004EA 24 FB            [12] 1842 	add	a,#0xff - 0x04
      0004EC 40 37            [24] 1843 	jc	00133$
      0004EE EF               [12] 1844 	mov	a,r7
      0004EF 2F               [12] 1845 	add	a,r7
                                   1846 ;	C:\Users\tonyp\AppData\Local\Arduino15\packages\CH55xDuino\hardware\mcs51\0.0.23\cores\ch55xduino\USBhandler.c:410: case 0:
      0004F0 90r04rF4         [24] 1847 	mov	dptr,#00218$
      0004F3 73               [24] 1848 	jmp	@a+dptr
      0004F4                       1849 00218$:
      0004F4 80 08            [24] 1850 	sjmp	00118$
      0004F6 80 0B            [24] 1851 	sjmp	00119$
      0004F8 80 0E            [24] 1852 	sjmp	00120$
      0004FA 80 29            [24] 1853 	sjmp	00133$
      0004FC 80 27            [24] 1854 	sjmp	00133$
      0004FE                       1855 00118$:
                                   1856 ;	C:\Users\tonyp\AppData\Local\Arduino15\packages\CH55xDuino\hardware\mcs51\0.0.23\cores\ch55xduino\USBhandler.c:411: EP0_IN_Callback();
      0004FE 12r03rDE         [24] 1857 	lcall	_USB_EP0_IN
                                   1858 ;	C:\Users\tonyp\AppData\Local\Arduino15\packages\CH55xDuino\hardware\mcs51\0.0.23\cores\ch55xduino\USBhandler.c:412: break;
                                   1859 ;	C:\Users\tonyp\AppData\Local\Arduino15\packages\CH55xDuino\hardware\mcs51\0.0.23\cores\ch55xduino\USBhandler.c:413: case 1:
      000501 80 22            [24] 1860 	sjmp	00133$
      000503                       1861 00119$:
                                   1862 ;	C:\Users\tonyp\AppData\Local\Arduino15\packages\CH55xDuino\hardware\mcs51\0.0.23\cores\ch55xduino\USBhandler.c:414: EP1_IN_Callback();
      000503 12r04r70         [24] 1863 	lcall	_USB_EP1_IN
                                   1864 ;	C:\Users\tonyp\AppData\Local\Arduino15\packages\CH55xDuino\hardware\mcs51\0.0.23\cores\ch55xduino\USBhandler.c:415: break;
                                   1865 ;	C:\Users\tonyp\AppData\Local\Arduino15\packages\CH55xDuino\hardware\mcs51\0.0.23\cores\ch55xduino\USBhandler.c:416: case 2:
      000506 80 1D            [24] 1866 	sjmp	00133$
      000508                       1867 00120$:
                                   1868 ;	C:\Users\tonyp\AppData\Local\Arduino15\packages\CH55xDuino\hardware\mcs51\0.0.23\cores\ch55xduino\USBhandler.c:417: EP2_IN_Callback();
      000508 12r00r00         [24] 1869 	lcall	_USB_EP2_IN
                                   1870 ;	C:\Users\tonyp\AppData\Local\Arduino15\packages\CH55xDuino\hardware\mcs51\0.0.23\cores\ch55xduino\USBhandler.c:418: break;
                                   1871 ;	C:\Users\tonyp\AppData\Local\Arduino15\packages\CH55xDuino\hardware\mcs51\0.0.23\cores\ch55xduino\USBhandler.c:429: case UIS_TOKEN_SETUP: { // SDCC will take IRAM if array of function pointer
      00050B 80 18            [24] 1872 	sjmp	00133$
      00050D                       1873 00125$:
                                   1874 ;	C:\Users\tonyp\AppData\Local\Arduino15\packages\CH55xDuino\hardware\mcs51\0.0.23\cores\ch55xduino\USBhandler.c:431: switch (callIndex) {
      00050D EF               [12] 1875 	mov	a,r7
      00050E 24 FB            [12] 1876 	add	a,#0xff - 0x04
      000510 40 13            [24] 1877 	jc	00133$
      000512 EF               [12] 1878 	mov	a,r7
      000513 2F               [12] 1879 	add	a,r7
                                   1880 ;	C:\Users\tonyp\AppData\Local\Arduino15\packages\CH55xDuino\hardware\mcs51\0.0.23\cores\ch55xduino\USBhandler.c:432: case 0:
      000514 90r05r18         [24] 1881 	mov	dptr,#00220$
      000517 73               [24] 1882 	jmp	@a+dptr
      000518                       1883 00220$:
      000518 80 08            [24] 1884 	sjmp	00126$
      00051A 80 09            [24] 1885 	sjmp	00133$
      00051C 80 07            [24] 1886 	sjmp	00133$
      00051E 80 05            [24] 1887 	sjmp	00133$
      000520 80 03            [24] 1888 	sjmp	00133$
      000522                       1889 00126$:
                                   1890 ;	C:\Users\tonyp\AppData\Local\Arduino15\packages\CH55xDuino\hardware\mcs51\0.0.23\cores\ch55xduino\USBhandler.c:433: EP0_SETUP_Callback();
      000522 12r00r00         [24] 1891 	lcall	_USB_EP0_SETUP
                                   1892 ;	C:\Users\tonyp\AppData\Local\Arduino15\packages\CH55xDuino\hardware\mcs51\0.0.23\cores\ch55xduino\USBhandler.c:451: }
      000525                       1893 00133$:
                                   1894 ;	C:\Users\tonyp\AppData\Local\Arduino15\packages\CH55xDuino\hardware\mcs51\0.0.23\cores\ch55xduino\USBhandler.c:453: UIF_TRANSFER = 0; // Clear interrupt flag
                                   1895 ;	assignBit
      000525 C2 D9            [12] 1896 	clr	_UIF_TRANSFER
      000527                       1897 00135$:
                                   1898 ;	C:\Users\tonyp\AppData\Local\Arduino15\packages\CH55xDuino\hardware\mcs51\0.0.23\cores\ch55xduino\USBhandler.c:457: if (UIF_BUS_RST) {
      000527 30 D8 1A         [24] 1899 	jnb	_UIF_BUS_RST,00137$
                                   1900 ;	C:\Users\tonyp\AppData\Local\Arduino15\packages\CH55xDuino\hardware\mcs51\0.0.23\cores\ch55xduino\USBhandler.c:458: UEP0_CTRL = UEP_R_RES_ACK | UEP_T_RES_NAK;
      00052A 75 DC 02         [24] 1901 	mov	_UEP0_CTRL,#0x02
                                   1902 ;	C:\Users\tonyp\AppData\Local\Arduino15\packages\CH55xDuino\hardware\mcs51\0.0.23\cores\ch55xduino\USBhandler.c:460: UEP_T_RES_NAK; // Endpoint 1 automatically flips the sync flag,
      00052D 75 D2 12         [24] 1903 	mov	_UEP1_CTRL,#0x12
                                   1904 ;	C:\Users\tonyp\AppData\Local\Arduino15\packages\CH55xDuino\hardware\mcs51\0.0.23\cores\ch55xduino\USBhandler.c:463: UEP_R_RES_ACK; // Endpoint 2 automatically flips the sync flag,
      000530 75 D4 12         [24] 1905 	mov	_UEP2_CTRL,#0x12
                                   1906 ;	C:\Users\tonyp\AppData\Local\Arduino15\packages\CH55xDuino\hardware\mcs51\0.0.23\cores\ch55xduino\USBhandler.c:468: USB_DEV_AD = 0x00;
      000533 75 E3 00         [24] 1907 	mov	_USB_DEV_AD,#0x00
                                   1908 ;	C:\Users\tonyp\AppData\Local\Arduino15\packages\CH55xDuino\hardware\mcs51\0.0.23\cores\ch55xduino\USBhandler.c:469: UIF_SUSPEND = 0;
                                   1909 ;	assignBit
      000536 C2 DA            [12] 1910 	clr	_UIF_SUSPEND
                                   1911 ;	C:\Users\tonyp\AppData\Local\Arduino15\packages\CH55xDuino\hardware\mcs51\0.0.23\cores\ch55xduino\USBhandler.c:470: UIF_TRANSFER = 0;
                                   1912 ;	assignBit
      000538 C2 D9            [12] 1913 	clr	_UIF_TRANSFER
                                   1914 ;	C:\Users\tonyp\AppData\Local\Arduino15\packages\CH55xDuino\hardware\mcs51\0.0.23\cores\ch55xduino\USBhandler.c:471: UIF_BUS_RST = 0; // Clear interrupt flag
                                   1915 ;	assignBit
      00053A C2 D8            [12] 1916 	clr	_UIF_BUS_RST
                                   1917 ;	C:\Users\tonyp\AppData\Local\Arduino15\packages\CH55xDuino\hardware\mcs51\0.0.23\cores\ch55xduino\USBhandler.c:473: UsbConfig = 0;
      00053C 90r00r00         [24] 1918 	mov	dptr,#_UsbConfig
      00053F E4               [12] 1919 	clr	a
      000540 F0               [24] 1920 	movx	@dptr,a
                                   1921 ;	C:\Users\tonyp\AppData\Local\Arduino15\packages\CH55xDuino\hardware\mcs51\0.0.23\cores\ch55xduino\USBhandler.c:475: resetCDCParameters();
      000541 12r00r00         [24] 1922 	lcall	_resetCDCParameters
      000544                       1923 00137$:
                                   1924 ;	C:\Users\tonyp\AppData\Local\Arduino15\packages\CH55xDuino\hardware\mcs51\0.0.23\cores\ch55xduino\USBhandler.c:479: if (UIF_SUSPEND) {
                                   1925 ;	C:\Users\tonyp\AppData\Local\Arduino15\packages\CH55xDuino\hardware\mcs51\0.0.23\cores\ch55xduino\USBhandler.c:480: UIF_SUSPEND = 0;
                                   1926 ;	assignBit
      000544 10 DA 01         [24] 1927 	jbc	_UIF_SUSPEND,00222$
      000547 22               [24] 1928 	ret
      000548                       1929 00222$:
                                   1930 ;	C:\Users\tonyp\AppData\Local\Arduino15\packages\CH55xDuino\hardware\mcs51\0.0.23\cores\ch55xduino\USBhandler.c:481: if (USB_MIS_ST & bUMS_SUSPEND) { // Suspend
      000548 E5 DA            [12] 1931 	mov	a,_USB_MIS_ST
      00054A 20 E2 03         [24] 1932 	jb	acc.2,00157$
                                   1933 ;	C:\Users\tonyp\AppData\Local\Arduino15\packages\CH55xDuino\hardware\mcs51\0.0.23\cores\ch55xduino\USBhandler.c:491: USB_INT_FG = 0xFF; // Clear interrupt flag
      00054D 75 D8 FF         [24] 1934 	mov	_USB_INT_FG,#0xff
      000550                       1935 00157$:
                                   1936 ;	C:\Users\tonyp\AppData\Local\Arduino15\packages\CH55xDuino\hardware\mcs51\0.0.23\cores\ch55xduino\USBhandler.c:494: }
      000550 22               [24] 1937 	ret
                                   1938 ;------------------------------------------------------------
                                   1939 ;Allocation info for local variables in function 'USBDeviceCfg'
                                   1940 ;------------------------------------------------------------
                                   1941 ;	C:\Users\tonyp\AppData\Local\Arduino15\packages\CH55xDuino\hardware\mcs51\0.0.23\cores\ch55xduino\USBhandler.c:497: void USBDeviceCfg() {
                                   1942 ;	-----------------------------------------
                                   1943 ;	 function USBDeviceCfg
                                   1944 ;	-----------------------------------------
      000551                       1945 _USBDeviceCfg:
                                   1946 ;	C:\Users\tonyp\AppData\Local\Arduino15\packages\CH55xDuino\hardware\mcs51\0.0.23\cores\ch55xduino\USBhandler.c:498: USB_CTRL = 0x00;            // Clear USB control register
      000551 75 E2 00         [24] 1947 	mov	_USB_CTRL,#0x00
                                   1948 ;	C:\Users\tonyp\AppData\Local\Arduino15\packages\CH55xDuino\hardware\mcs51\0.0.23\cores\ch55xduino\USBhandler.c:499: USB_CTRL &= ~bUC_HOST_MODE; // This bit is the device selection mode
      000554 53 E2 7F         [24] 1949 	anl	_USB_CTRL,#0x7f
                                   1950 ;	C:\Users\tonyp\AppData\Local\Arduino15\packages\CH55xDuino\hardware\mcs51\0.0.23\cores\ch55xduino\USBhandler.c:501: bUC_DMA_EN; // USB device and internal pull-up enable,
      000557 43 E2 29         [24] 1951 	orl	_USB_CTRL,#0x29
                                   1952 ;	C:\Users\tonyp\AppData\Local\Arduino15\packages\CH55xDuino\hardware\mcs51\0.0.23\cores\ch55xduino\USBhandler.c:504: USB_DEV_AD = 0x00;      // Device address initialization
      00055A 75 E3 00         [24] 1953 	mov	_USB_DEV_AD,#0x00
                                   1954 ;	C:\Users\tonyp\AppData\Local\Arduino15\packages\CH55xDuino\hardware\mcs51\0.0.23\cores\ch55xduino\USBhandler.c:507: USB_CTRL &= ~bUC_LOW_SPEED;
      00055D 53 E2 BF         [24] 1955 	anl	_USB_CTRL,#0xbf
                                   1956 ;	C:\Users\tonyp\AppData\Local\Arduino15\packages\CH55xDuino\hardware\mcs51\0.0.23\cores\ch55xduino\USBhandler.c:508: UDEV_CTRL &= ~bUD_LOW_SPEED; // Select full speed 12M mode, default mode
      000560 53 E4 FB         [24] 1957 	anl	_UDEV_CTRL,#0xfb
                                   1958 ;	C:\Users\tonyp\AppData\Local\Arduino15\packages\CH55xDuino\hardware\mcs51\0.0.23\cores\ch55xduino\USBhandler.c:514: UDEV_CTRL = bUD_DP_PD_DIS; // Disable DP/DM pull-down resistor
      000563 75 E4 20         [24] 1959 	mov	_UDEV_CTRL,#0x20
                                   1960 ;	C:\Users\tonyp\AppData\Local\Arduino15\packages\CH55xDuino\hardware\mcs51\0.0.23\cores\ch55xduino\USBhandler.c:516: UDEV_CTRL |= bUD_PORT_EN; // Enable physical port
      000566 43 E4 01         [24] 1961 	orl	_UDEV_CTRL,#0x01
                                   1962 ;	C:\Users\tonyp\AppData\Local\Arduino15\packages\CH55xDuino\hardware\mcs51\0.0.23\cores\ch55xduino\USBhandler.c:517: }
      000569 22               [24] 1963 	ret
                                   1964 ;------------------------------------------------------------
                                   1965 ;Allocation info for local variables in function 'USBDeviceIntCfg'
                                   1966 ;------------------------------------------------------------
                                   1967 ;	C:\Users\tonyp\AppData\Local\Arduino15\packages\CH55xDuino\hardware\mcs51\0.0.23\cores\ch55xduino\USBhandler.c:519: void USBDeviceIntCfg() {
                                   1968 ;	-----------------------------------------
                                   1969 ;	 function USBDeviceIntCfg
                                   1970 ;	-----------------------------------------
      00056A                       1971 _USBDeviceIntCfg:
                                   1972 ;	C:\Users\tonyp\AppData\Local\Arduino15\packages\CH55xDuino\hardware\mcs51\0.0.23\cores\ch55xduino\USBhandler.c:520: USB_INT_EN |= bUIE_SUSPEND;  // Enable device hang interrupt
      00056A 43 E1 04         [24] 1973 	orl	_USB_INT_EN,#0x04
                                   1974 ;	C:\Users\tonyp\AppData\Local\Arduino15\packages\CH55xDuino\hardware\mcs51\0.0.23\cores\ch55xduino\USBhandler.c:521: USB_INT_EN |= bUIE_TRANSFER; // Enable USB transfer completion interrupt
      00056D 43 E1 02         [24] 1975 	orl	_USB_INT_EN,#0x02
                                   1976 ;	C:\Users\tonyp\AppData\Local\Arduino15\packages\CH55xDuino\hardware\mcs51\0.0.23\cores\ch55xduino\USBhandler.c:522: USB_INT_EN |= bUIE_BUS_RST;  // Enable device mode USB bus reset interrupt
      000570 43 E1 01         [24] 1977 	orl	_USB_INT_EN,#0x01
                                   1978 ;	C:\Users\tonyp\AppData\Local\Arduino15\packages\CH55xDuino\hardware\mcs51\0.0.23\cores\ch55xduino\USBhandler.c:523: USB_INT_FG |= 0x1F;          // Clear interrupt flag
      000573 43 D8 1F         [24] 1979 	orl	_USB_INT_FG,#0x1f
                                   1980 ;	C:\Users\tonyp\AppData\Local\Arduino15\packages\CH55xDuino\hardware\mcs51\0.0.23\cores\ch55xduino\USBhandler.c:524: IE_USB = 1;                  // Enable USB interrupt
                                   1981 ;	assignBit
      000576 D2 EA            [12] 1982 	setb	_IE_USB
                                   1983 ;	C:\Users\tonyp\AppData\Local\Arduino15\packages\CH55xDuino\hardware\mcs51\0.0.23\cores\ch55xduino\USBhandler.c:525: EA = 1;                      // Enable global interrupts
                                   1984 ;	assignBit
      000578 D2 AF            [12] 1985 	setb	_EA
                                   1986 ;	C:\Users\tonyp\AppData\Local\Arduino15\packages\CH55xDuino\hardware\mcs51\0.0.23\cores\ch55xduino\USBhandler.c:526: }
      00057A 22               [24] 1987 	ret
                                   1988 ;------------------------------------------------------------
                                   1989 ;Allocation info for local variables in function 'USBDeviceEndPointCfg'
                                   1990 ;------------------------------------------------------------
                                   1991 ;	C:\Users\tonyp\AppData\Local\Arduino15\packages\CH55xDuino\hardware\mcs51\0.0.23\cores\ch55xduino\USBhandler.c:528: void USBDeviceEndPointCfg() {
                                   1992 ;	-----------------------------------------
                                   1993 ;	 function USBDeviceEndPointCfg
                                   1994 ;	-----------------------------------------
      00057B                       1995 _USBDeviceEndPointCfg:
                                   1996 ;	C:\Users\tonyp\AppData\Local\Arduino15\packages\CH55xDuino\hardware\mcs51\0.0.23\cores\ch55xduino\USBhandler.c:531: UEP0_DMA_H = ((uint16_t)Ep0Buffer >> 8); // Endpoint 0 data transfer address
      00057B 7E 00            [12] 1997 	mov	r6,#_Ep0Buffer
      00057D 7F 00            [12] 1998 	mov	r7,#(_Ep0Buffer >> 8)
      00057F 90 24 48         [24] 1999 	mov	dptr,#_UEP0_DMA_H
      000582 EF               [12] 2000 	mov	a,r7
      000583 F0               [24] 2001 	movx	@dptr,a
                                   2002 ;	C:\Users\tonyp\AppData\Local\Arduino15\packages\CH55xDuino\hardware\mcs51\0.0.23\cores\ch55xduino\USBhandler.c:532: UEP0_DMA_L = ((uint16_t)Ep0Buffer >> 0); // Endpoint 0 data transfer address
      000584 7E 00            [12] 2003 	mov	r6,#_Ep0Buffer
      000586 7F 00            [12] 2004 	mov	r7,#(_Ep0Buffer >> 8)
      000588 90 24 49         [24] 2005 	mov	dptr,#_UEP0_DMA_L
      00058B EE               [12] 2006 	mov	a,r6
      00058C F0               [24] 2007 	movx	@dptr,a
                                   2008 ;	C:\Users\tonyp\AppData\Local\Arduino15\packages\CH55xDuino\hardware\mcs51\0.0.23\cores\ch55xduino\USBhandler.c:533: UEP1_DMA_H = ((uint16_t)Ep1Buffer >> 8); // Endpoint 1 data transfer address
      00058D 7E 0A            [12] 2009 	mov	r6,#_Ep1Buffer
      00058F 7F 00            [12] 2010 	mov	r7,#(_Ep1Buffer >> 8)
      000591 90 24 4A         [24] 2011 	mov	dptr,#_UEP1_DMA_H
      000594 EF               [12] 2012 	mov	a,r7
      000595 F0               [24] 2013 	movx	@dptr,a
                                   2014 ;	C:\Users\tonyp\AppData\Local\Arduino15\packages\CH55xDuino\hardware\mcs51\0.0.23\cores\ch55xduino\USBhandler.c:534: UEP1_DMA_L = ((uint16_t)Ep1Buffer >> 0); // Endpoint 1 data transfer address
      000596 7E 0A            [12] 2015 	mov	r6,#_Ep1Buffer
      000598 7F 00            [12] 2016 	mov	r7,#(_Ep1Buffer >> 8)
      00059A 90 24 4B         [24] 2017 	mov	dptr,#_UEP1_DMA_L
      00059D EE               [12] 2018 	mov	a,r6
      00059E F0               [24] 2019 	movx	@dptr,a
                                   2020 ;	C:\Users\tonyp\AppData\Local\Arduino15\packages\CH55xDuino\hardware\mcs51\0.0.23\cores\ch55xduino\USBhandler.c:535: UEP2_DMA_H = ((uint16_t)Ep2Buffer >> 8); // Endpoint 2 data transfer address
      00059F 7E 14            [12] 2021 	mov	r6,#_Ep2Buffer
      0005A1 7F 00            [12] 2022 	mov	r7,#(_Ep2Buffer >> 8)
      0005A3 90 24 4C         [24] 2023 	mov	dptr,#_UEP2_DMA_H
      0005A6 EF               [12] 2024 	mov	a,r7
      0005A7 F0               [24] 2025 	movx	@dptr,a
                                   2026 ;	C:\Users\tonyp\AppData\Local\Arduino15\packages\CH55xDuino\hardware\mcs51\0.0.23\cores\ch55xduino\USBhandler.c:536: UEP2_DMA_L = ((uint16_t)Ep2Buffer >> 0); // Endpoint 2 data transfer address
      0005A8 7E 14            [12] 2027 	mov	r6,#_Ep2Buffer
      0005AA 7F 00            [12] 2028 	mov	r7,#(_Ep2Buffer >> 8)
      0005AC 90 24 4D         [24] 2029 	mov	dptr,#_UEP2_DMA_L
      0005AF EE               [12] 2030 	mov	a,r6
      0005B0 F0               [24] 2031 	movx	@dptr,a
                                   2032 ;	C:\Users\tonyp\AppData\Local\Arduino15\packages\CH55xDuino\hardware\mcs51\0.0.23\cores\ch55xduino\USBhandler.c:543: UEP2_3_MOD = 0x0C; // Endpoint2 double buffer
      0005B1 90 24 47         [24] 2033 	mov	dptr,#_UEP2_3_MOD
      0005B4 74 0C            [12] 2034 	mov	a,#0x0c
      0005B6 F0               [24] 2035 	movx	@dptr,a
                                   2036 ;	C:\Users\tonyp\AppData\Local\Arduino15\packages\CH55xDuino\hardware\mcs51\0.0.23\cores\ch55xduino\USBhandler.c:545: bUEP_AUTO_TOG | UEP_T_RES_NAK; // Endpoint 1 automatically flips the sync
      0005B7 75 D2 12         [24] 2037 	mov	_UEP1_CTRL,#0x12
                                   2038 ;	C:\Users\tonyp\AppData\Local\Arduino15\packages\CH55xDuino\hardware\mcs51\0.0.23\cores\ch55xduino\USBhandler.c:548: UEP_R_RES_ACK; // Endpoint 2 automatically flips the sync flag, IN
      0005BA 75 D4 12         [24] 2039 	mov	_UEP2_CTRL,#0x12
                                   2040 ;	C:\Users\tonyp\AppData\Local\Arduino15\packages\CH55xDuino\hardware\mcs51\0.0.23\cores\ch55xduino\USBhandler.c:551: UEP4_1_MOD = 0X40; // endpoint1 TX enable
      0005BD 90 24 46         [24] 2041 	mov	dptr,#_UEP4_1_MOD
      0005C0 74 40            [12] 2042 	mov	a,#0x40
      0005C2 F0               [24] 2043 	movx	@dptr,a
                                   2044 ;	C:\Users\tonyp\AppData\Local\Arduino15\packages\CH55xDuino\hardware\mcs51\0.0.23\cores\ch55xduino\USBhandler.c:553: UEP_R_RES_ACK | UEP_T_RES_NAK; // Manual flip, OUT transaction returns
      0005C3 75 DC 02         [24] 2045 	mov	_UEP0_CTRL,#0x02
                                   2046 ;	C:\Users\tonyp\AppData\Local\Arduino15\packages\CH55xDuino\hardware\mcs51\0.0.23\cores\ch55xduino\USBhandler.c:555: }
      0005C6 22               [24] 2047 	ret
                                   2048 	.area CSEG    (CODE)
                                   2049 	.area CONST   (CODE)
                                   2050 	.area XINIT   (CODE)
                                   2051 	.area CABS    (ABS,CODE)
