                                      1 ;--------------------------------------------------------
                                      2 ; File Created by SDCC : free open source ISO C Compiler 
                                      3 ; Version 4.2.2 #13407 (MINGW32)
                                      4 ;--------------------------------------------------------
                                      5 	.module wiring_digital
                                      6 	.optsdcc -mmcs51 --model-large
                                      7 	
                                      8 ;--------------------------------------------------------
                                      9 ; Public variables in this module
                                     10 ;--------------------------------------------------------
                                     11 	.globl _digital_pin_to_channel_PGM
                                     12 	.globl _digital_pin_to_bit_mask_PGM
                                     13 	.globl _digital_pin_to_port_PGM
                                     14 	.globl _digital_pin_to_pwm_PGM
                                     15 	.globl _UIF_BUS_RST
                                     16 	.globl _UIF_DETECT
                                     17 	.globl _UIF_TRANSFER
                                     18 	.globl _UIF_SUSPEND
                                     19 	.globl _UIF_HST_SOF
                                     20 	.globl _UIF_FIFO_OV
                                     21 	.globl _U_SIE_FREE
                                     22 	.globl _U_TOG_OK
                                     23 	.globl _U_IS_NAK
                                     24 	.globl _S0_R_FIFO0
                                     25 	.globl _S0_R_FIFO1
                                     26 	.globl _S0_T_FIFO
                                     27 	.globl _S0_FREE
                                     28 	.globl _S0_IF_BYTE
                                     29 	.globl _S0_IF_FIRST
                                     30 	.globl _S0_IF_OV
                                     31 	.globl _S0_FST_ACT
                                     32 	.globl _CP_RL2
                                     33 	.globl _C_T2
                                     34 	.globl _TR2
                                     35 	.globl _EXEN2
                                     36 	.globl _TCLK
                                     37 	.globl _RCLK
                                     38 	.globl _EXF2
                                     39 	.globl _CAP1F
                                     40 	.globl _TF2
                                     41 	.globl _RI
                                     42 	.globl _TI
                                     43 	.globl _RB8
                                     44 	.globl _TB8
                                     45 	.globl _REN
                                     46 	.globl _SM2
                                     47 	.globl _SM1
                                     48 	.globl _SM0
                                     49 	.globl _IT0
                                     50 	.globl _IE0
                                     51 	.globl _IT1
                                     52 	.globl _IE1
                                     53 	.globl _TR0
                                     54 	.globl _TF0
                                     55 	.globl _TR1
                                     56 	.globl _TF1
                                     57 	.globl _P4_OUT_0
                                     58 	.globl _P4_OUT_1
                                     59 	.globl _P4_OUT_2
                                     60 	.globl _P4_OUT_3
                                     61 	.globl _P4_OUT_4
                                     62 	.globl _P4_OUT_5
                                     63 	.globl _P4_OUT_6
                                     64 	.globl _P4_OUT_7
                                     65 	.globl _RXD1_
                                     66 	.globl _LED2
                                     67 	.globl _CAP3_
                                     68 	.globl _PWM3_
                                     69 	.globl _PWM1_
                                     70 	.globl _TXD1_
                                     71 	.globl _TNOW_
                                     72 	.globl _LED3
                                     73 	.globl _PWM2_
                                     74 	.globl _SCS_
                                     75 	.globl _SCK_
                                     76 	.globl _P3_0
                                     77 	.globl _P3_1
                                     78 	.globl _P3_2
                                     79 	.globl _P3_3
                                     80 	.globl _P3_4
                                     81 	.globl _P3_5
                                     82 	.globl _P3_6
                                     83 	.globl _P3_7
                                     84 	.globl _RXD
                                     85 	.globl _TXD
                                     86 	.globl _INT0
                                     87 	.globl _LED0
                                     88 	.globl _INT1
                                     89 	.globl _LED1
                                     90 	.globl _T0
                                     91 	.globl _XCS0
                                     92 	.globl _LEDC
                                     93 	.globl _T1
                                     94 	.globl _DA6
                                     95 	.globl _WR
                                     96 	.globl _RD
                                     97 	.globl _P2_0
                                     98 	.globl _P2_1
                                     99 	.globl _P2_2
                                    100 	.globl _P2_3
                                    101 	.globl _P2_4
                                    102 	.globl _P2_5
                                    103 	.globl _P2_6
                                    104 	.globl _P2_7
                                    105 	.globl _MOSI1
                                    106 	.globl _MISO1
                                    107 	.globl _SCK1
                                    108 	.globl _PWM1
                                    109 	.globl _CAP2_
                                    110 	.globl _T2EX_
                                    111 	.globl _PWM2
                                    112 	.globl _TNOW
                                    113 	.globl _RXD1
                                    114 	.globl _DA7
                                    115 	.globl _TXD1
                                    116 	.globl _P1_0
                                    117 	.globl _P1_1
                                    118 	.globl _P1_2
                                    119 	.globl _P1_3
                                    120 	.globl _P1_4
                                    121 	.globl _P1_5
                                    122 	.globl _P1_6
                                    123 	.globl _P1_7
                                    124 	.globl _CAP1
                                    125 	.globl _T2
                                    126 	.globl _CAP2
                                    127 	.globl _T2EX
                                    128 	.globl _CAP3
                                    129 	.globl _PWM3
                                    130 	.globl _SCS
                                    131 	.globl _MOSI
                                    132 	.globl _MISO
                                    133 	.globl _SCK
                                    134 	.globl _AIN0
                                    135 	.globl _AIN1
                                    136 	.globl _AIN2
                                    137 	.globl _AIN3
                                    138 	.globl _AIN4
                                    139 	.globl _AIN5
                                    140 	.globl _AIN6
                                    141 	.globl _AIN7
                                    142 	.globl _P0_0
                                    143 	.globl _P0_1
                                    144 	.globl _P0_2
                                    145 	.globl _P0_3
                                    146 	.globl _P0_4
                                    147 	.globl _P0_5
                                    148 	.globl _P0_6
                                    149 	.globl _P0_7
                                    150 	.globl _UDTR
                                    151 	.globl _URTS
                                    152 	.globl _RXD_
                                    153 	.globl _TXD_
                                    154 	.globl _UCTS
                                    155 	.globl _UDSR
                                    156 	.globl _URI
                                    157 	.globl _UDCD
                                    158 	.globl _IE_SPI0
                                    159 	.globl _IE_TMR3
                                    160 	.globl _IE_USB
                                    161 	.globl _IE_ADC
                                    162 	.globl _IE_UART1
                                    163 	.globl _IE_PWM1
                                    164 	.globl _IE_GPIO
                                    165 	.globl _IE_WDOG
                                    166 	.globl _PX0
                                    167 	.globl _PT0
                                    168 	.globl _PX1
                                    169 	.globl _PT1
                                    170 	.globl _PS
                                    171 	.globl _PT2
                                    172 	.globl _PL_FLAG
                                    173 	.globl _PH_FLAG
                                    174 	.globl _EX0
                                    175 	.globl _ET0
                                    176 	.globl _EX1
                                    177 	.globl _ET1
                                    178 	.globl _ES
                                    179 	.globl _ET2
                                    180 	.globl _E_DIS
                                    181 	.globl _EA
                                    182 	.globl _P
                                    183 	.globl _F1
                                    184 	.globl _OV
                                    185 	.globl _RS0
                                    186 	.globl _RS1
                                    187 	.globl _F0
                                    188 	.globl _AC
                                    189 	.globl _CY
                                    190 	.globl _USB_DMA_AH
                                    191 	.globl _USB_DMA_AL
                                    192 	.globl _USB_DMA
                                    193 	.globl _UHUB1_CTRL
                                    194 	.globl _UDEV_CTRL
                                    195 	.globl _USB_DEV_AD
                                    196 	.globl _USB_CTRL
                                    197 	.globl _USB_INT_EN
                                    198 	.globl _UEP4_T_LEN
                                    199 	.globl _UEP4_CTRL
                                    200 	.globl _UEP0_T_LEN
                                    201 	.globl _UEP0_CTRL
                                    202 	.globl _USB_HUB_ST
                                    203 	.globl _USB_MIS_ST
                                    204 	.globl _USB_INT_ST
                                    205 	.globl _USB_INT_FG
                                    206 	.globl _UEP3_T_LEN
                                    207 	.globl _UEP3_CTRL
                                    208 	.globl _UEP2_T_LEN
                                    209 	.globl _UEP2_CTRL
                                    210 	.globl _UEP1_T_LEN
                                    211 	.globl _UEP1_CTRL
                                    212 	.globl _USB_RX_LEN
                                    213 	.globl _ADC_EX_SW
                                    214 	.globl _ADC_SETUP
                                    215 	.globl _ADC_FIFO_H
                                    216 	.globl _ADC_FIFO_L
                                    217 	.globl _ADC_FIFO
                                    218 	.globl _ADC_CHANN
                                    219 	.globl _ADC_CTRL
                                    220 	.globl _ADC_STAT
                                    221 	.globl _ADC_CK_SE
                                    222 	.globl _ADC_DMA_CN
                                    223 	.globl _ADC_DMA_AH
                                    224 	.globl _ADC_DMA_AL
                                    225 	.globl _ADC_DMA
                                    226 	.globl _SER1_ADDR
                                    227 	.globl _SER1_MSR
                                    228 	.globl _SER1_LSR
                                    229 	.globl _SER1_MCR
                                    230 	.globl _SER1_LCR
                                    231 	.globl _SER1_IIR
                                    232 	.globl _SER1_IER
                                    233 	.globl _SER1_FIFO
                                    234 	.globl _SPI1_CK_SE
                                    235 	.globl _SPI1_CTRL
                                    236 	.globl _SPI1_DATA
                                    237 	.globl _SPI1_STAT
                                    238 	.globl _SPI0_SETUP
                                    239 	.globl _SPI0_CK_SE
                                    240 	.globl _SPI0_CTRL
                                    241 	.globl _SPI0_DATA
                                    242 	.globl _SPI0_STAT
                                    243 	.globl _PWM_CYCLE
                                    244 	.globl _PWM_CK_SE
                                    245 	.globl _PWM_CTRL
                                    246 	.globl _PWM_DATA
                                    247 	.globl _PWM_DATA2
                                    248 	.globl _T3_FIFO_H
                                    249 	.globl _T3_FIFO_L
                                    250 	.globl _T3_FIFO
                                    251 	.globl _T3_DMA_AH
                                    252 	.globl _T3_DMA_AL
                                    253 	.globl _T3_DMA
                                    254 	.globl _T3_DMA_CN
                                    255 	.globl _T3_CTRL
                                    256 	.globl _T3_STAT
                                    257 	.globl _T3_END_H
                                    258 	.globl _T3_END_L
                                    259 	.globl _T3_END
                                    260 	.globl _T3_COUNT_H
                                    261 	.globl _T3_COUNT_L
                                    262 	.globl _T3_COUNT
                                    263 	.globl _T3_SETUP
                                    264 	.globl _TH2
                                    265 	.globl _TL2
                                    266 	.globl _T2COUNT
                                    267 	.globl _RCAP2H
                                    268 	.globl _RCAP2L
                                    269 	.globl _RCAP2
                                    270 	.globl _T2MOD
                                    271 	.globl _T2CON
                                    272 	.globl _SBUF
                                    273 	.globl _SCON
                                    274 	.globl _TH1
                                    275 	.globl _TH0
                                    276 	.globl _TL1
                                    277 	.globl _TL0
                                    278 	.globl _TMOD
                                    279 	.globl _TCON
                                    280 	.globl _XBUS_SPEED
                                    281 	.globl _XBUS_AUX
                                    282 	.globl _PIN_FUNC
                                    283 	.globl _PORT_CFG
                                    284 	.globl _P5_IN
                                    285 	.globl _P4_PU
                                    286 	.globl _P4_DIR
                                    287 	.globl _P4_IN
                                    288 	.globl _P4_OUT
                                    289 	.globl _P3_PU
                                    290 	.globl _P3_DIR
                                    291 	.globl _P3
                                    292 	.globl _P2_PU
                                    293 	.globl _P2_DIR
                                    294 	.globl _P2
                                    295 	.globl _P1_PU
                                    296 	.globl _P1_DIR
                                    297 	.globl _P1_IE
                                    298 	.globl _P1
                                    299 	.globl _P0_PU
                                    300 	.globl _P0_DIR
                                    301 	.globl _P0
                                    302 	.globl _ROM_CTRL
                                    303 	.globl _ROM_DATA_H
                                    304 	.globl _ROM_DATA_L
                                    305 	.globl _ROM_DATA
                                    306 	.globl _ROM_ADDR_H
                                    307 	.globl _ROM_ADDR_L
                                    308 	.globl _ROM_ADDR
                                    309 	.globl _GPIO_IE
                                    310 	.globl _IP_EX
                                    311 	.globl _IE_EX
                                    312 	.globl _IP
                                    313 	.globl _IE
                                    314 	.globl _WDOG_COUNT
                                    315 	.globl _RESET_KEEP
                                    316 	.globl _WAKE_CTRL
                                    317 	.globl _SLEEP_CTRL
                                    318 	.globl _CLOCK_CFG
                                    319 	.globl _PLL_CFG
                                    320 	.globl _PCON
                                    321 	.globl _GLOBAL_CFG
                                    322 	.globl _SAFE_MOD
                                    323 	.globl _DPH
                                    324 	.globl _DPL
                                    325 	.globl _SP
                                    326 	.globl _B
                                    327 	.globl _ACC
                                    328 	.globl _PSW
                                    329 	.globl _digitalWrite_PARM_2
                                    330 	.globl _pinMode_PARM_2
                                    331 	.globl _LED_DMA_XL
                                    332 	.globl _LED_DMA_XH
                                    333 	.globl _LED_DMA_CN
                                    334 	.globl _LED_DMA_AL
                                    335 	.globl _LED_DMA_AH
                                    336 	.globl _LED_CK_SE
                                    337 	.globl _LED_DATA
                                    338 	.globl _LED_CTRL
                                    339 	.globl _LED_STAT
                                    340 	.globl _UEP3_DMA_L
                                    341 	.globl _UEP3_DMA_H
                                    342 	.globl _UEP2_DMA_L
                                    343 	.globl _UEP2_DMA_H
                                    344 	.globl _UEP1_DMA_L
                                    345 	.globl _UEP1_DMA_H
                                    346 	.globl _UEP0_DMA_L
                                    347 	.globl _UEP0_DMA_H
                                    348 	.globl _UEP2_3_MOD
                                    349 	.globl _UEP4_1_MOD
                                    350 	.globl _pLED_DMA_XL
                                    351 	.globl _pLED_DMA_XH
                                    352 	.globl _pLED_DMA_CN
                                    353 	.globl _pLED_DMA_AL
                                    354 	.globl _pLED_DMA_AH
                                    355 	.globl _pLED_CK_SE
                                    356 	.globl _pLED_DATA
                                    357 	.globl _pLED_CTRL
                                    358 	.globl _pLED_STAT
                                    359 	.globl _pUEP3_DMA_L
                                    360 	.globl _pUEP3_DMA_H
                                    361 	.globl _pUEP2_DMA_L
                                    362 	.globl _pUEP2_DMA_H
                                    363 	.globl _pUEP1_DMA_L
                                    364 	.globl _pUEP1_DMA_H
                                    365 	.globl _pUEP0_DMA_L
                                    366 	.globl _pUEP0_DMA_H
                                    367 	.globl _pUEP2_3_MOD
                                    368 	.globl _pUEP4_1_MOD
                                    369 	.globl _pinMode
                                    370 	.globl _digitalRead
                                    371 	.globl _digitalWrite
                                    372 ;--------------------------------------------------------
                                    373 ; special function registers
                                    374 ;--------------------------------------------------------
                                    375 	.area RSEG    (ABS,DATA)
      000000                        376 	.org 0x0000
                           0000D0   377 _PSW	=	0x00d0
                           0000E0   378 _ACC	=	0x00e0
                           0000F0   379 _B	=	0x00f0
                           000081   380 _SP	=	0x0081
                           000082   381 _DPL	=	0x0082
                           000083   382 _DPH	=	0x0083
                           0000A1   383 _SAFE_MOD	=	0x00a1
                           0000B1   384 _GLOBAL_CFG	=	0x00b1
                           000087   385 _PCON	=	0x0087
                           0000B2   386 _PLL_CFG	=	0x00b2
                           0000B3   387 _CLOCK_CFG	=	0x00b3
                           0000EA   388 _SLEEP_CTRL	=	0x00ea
                           0000EB   389 _WAKE_CTRL	=	0x00eb
                           0000FE   390 _RESET_KEEP	=	0x00fe
                           0000FF   391 _WDOG_COUNT	=	0x00ff
                           0000A8   392 _IE	=	0x00a8
                           0000B8   393 _IP	=	0x00b8
                           0000E8   394 _IE_EX	=	0x00e8
                           0000E9   395 _IP_EX	=	0x00e9
                           0000CF   396 _GPIO_IE	=	0x00cf
                           008584   397 _ROM_ADDR	=	0x8584
                           000084   398 _ROM_ADDR_L	=	0x0084
                           000085   399 _ROM_ADDR_H	=	0x0085
                           008F8E   400 _ROM_DATA	=	0x8f8e
                           00008E   401 _ROM_DATA_L	=	0x008e
                           00008F   402 _ROM_DATA_H	=	0x008f
                           000086   403 _ROM_CTRL	=	0x0086
                           000080   404 _P0	=	0x0080
                           0000C4   405 _P0_DIR	=	0x00c4
                           0000C5   406 _P0_PU	=	0x00c5
                           000090   407 _P1	=	0x0090
                           0000B9   408 _P1_IE	=	0x00b9
                           0000BA   409 _P1_DIR	=	0x00ba
                           0000BB   410 _P1_PU	=	0x00bb
                           0000A0   411 _P2	=	0x00a0
                           0000BC   412 _P2_DIR	=	0x00bc
                           0000BD   413 _P2_PU	=	0x00bd
                           0000B0   414 _P3	=	0x00b0
                           0000BE   415 _P3_DIR	=	0x00be
                           0000BF   416 _P3_PU	=	0x00bf
                           0000C0   417 _P4_OUT	=	0x00c0
                           0000C1   418 _P4_IN	=	0x00c1
                           0000C2   419 _P4_DIR	=	0x00c2
                           0000C3   420 _P4_PU	=	0x00c3
                           0000C7   421 _P5_IN	=	0x00c7
                           0000C6   422 _PORT_CFG	=	0x00c6
                           0000CE   423 _PIN_FUNC	=	0x00ce
                           0000A2   424 _XBUS_AUX	=	0x00a2
                           0000FD   425 _XBUS_SPEED	=	0x00fd
                           000088   426 _TCON	=	0x0088
                           000089   427 _TMOD	=	0x0089
                           00008A   428 _TL0	=	0x008a
                           00008B   429 _TL1	=	0x008b
                           00008C   430 _TH0	=	0x008c
                           00008D   431 _TH1	=	0x008d
                           000098   432 _SCON	=	0x0098
                           000099   433 _SBUF	=	0x0099
                           0000C8   434 _T2CON	=	0x00c8
                           0000C9   435 _T2MOD	=	0x00c9
                           00CBCA   436 _RCAP2	=	0xcbca
                           0000CA   437 _RCAP2L	=	0x00ca
                           0000CB   438 _RCAP2H	=	0x00cb
                           00CDCC   439 _T2COUNT	=	0xcdcc
                           0000CC   440 _TL2	=	0x00cc
                           0000CD   441 _TH2	=	0x00cd
                           0000A3   442 _T3_SETUP	=	0x00a3
                           00A5A4   443 _T3_COUNT	=	0xa5a4
                           0000A4   444 _T3_COUNT_L	=	0x00a4
                           0000A5   445 _T3_COUNT_H	=	0x00a5
                           00A7A6   446 _T3_END	=	0xa7a6
                           0000A6   447 _T3_END_L	=	0x00a6
                           0000A7   448 _T3_END_H	=	0x00a7
                           0000A9   449 _T3_STAT	=	0x00a9
                           0000AA   450 _T3_CTRL	=	0x00aa
                           0000AB   451 _T3_DMA_CN	=	0x00ab
                           00ADAC   452 _T3_DMA	=	0xadac
                           0000AC   453 _T3_DMA_AL	=	0x00ac
                           0000AD   454 _T3_DMA_AH	=	0x00ad
                           00AFAE   455 _T3_FIFO	=	0xafae
                           0000AE   456 _T3_FIFO_L	=	0x00ae
                           0000AF   457 _T3_FIFO_H	=	0x00af
                           00009B   458 _PWM_DATA2	=	0x009b
                           00009C   459 _PWM_DATA	=	0x009c
                           00009D   460 _PWM_CTRL	=	0x009d
                           00009E   461 _PWM_CK_SE	=	0x009e
                           00009F   462 _PWM_CYCLE	=	0x009f
                           0000F8   463 _SPI0_STAT	=	0x00f8
                           0000F9   464 _SPI0_DATA	=	0x00f9
                           0000FA   465 _SPI0_CTRL	=	0x00fa
                           0000FB   466 _SPI0_CK_SE	=	0x00fb
                           0000FC   467 _SPI0_SETUP	=	0x00fc
                           0000B4   468 _SPI1_STAT	=	0x00b4
                           0000B5   469 _SPI1_DATA	=	0x00b5
                           0000B6   470 _SPI1_CTRL	=	0x00b6
                           0000B7   471 _SPI1_CK_SE	=	0x00b7
                           00009A   472 _SER1_FIFO	=	0x009a
                           000091   473 _SER1_IER	=	0x0091
                           000092   474 _SER1_IIR	=	0x0092
                           000093   475 _SER1_LCR	=	0x0093
                           000094   476 _SER1_MCR	=	0x0094
                           000095   477 _SER1_LSR	=	0x0095
                           000096   478 _SER1_MSR	=	0x0096
                           000097   479 _SER1_ADDR	=	0x0097
                           00EDEC   480 _ADC_DMA	=	0xedec
                           0000EC   481 _ADC_DMA_AL	=	0x00ec
                           0000ED   482 _ADC_DMA_AH	=	0x00ed
                           0000EE   483 _ADC_DMA_CN	=	0x00ee
                           0000EF   484 _ADC_CK_SE	=	0x00ef
                           0000F1   485 _ADC_STAT	=	0x00f1
                           0000F2   486 _ADC_CTRL	=	0x00f2
                           0000F3   487 _ADC_CHANN	=	0x00f3
                           00F5F4   488 _ADC_FIFO	=	0xf5f4
                           0000F4   489 _ADC_FIFO_L	=	0x00f4
                           0000F5   490 _ADC_FIFO_H	=	0x00f5
                           0000F6   491 _ADC_SETUP	=	0x00f6
                           0000F7   492 _ADC_EX_SW	=	0x00f7
                           0000D1   493 _USB_RX_LEN	=	0x00d1
                           0000D2   494 _UEP1_CTRL	=	0x00d2
                           0000D3   495 _UEP1_T_LEN	=	0x00d3
                           0000D4   496 _UEP2_CTRL	=	0x00d4
                           0000D5   497 _UEP2_T_LEN	=	0x00d5
                           0000D6   498 _UEP3_CTRL	=	0x00d6
                           0000D7   499 _UEP3_T_LEN	=	0x00d7
                           0000D8   500 _USB_INT_FG	=	0x00d8
                           0000D9   501 _USB_INT_ST	=	0x00d9
                           0000DA   502 _USB_MIS_ST	=	0x00da
                           0000DB   503 _USB_HUB_ST	=	0x00db
                           0000DC   504 _UEP0_CTRL	=	0x00dc
                           0000DD   505 _UEP0_T_LEN	=	0x00dd
                           0000DE   506 _UEP4_CTRL	=	0x00de
                           0000DF   507 _UEP4_T_LEN	=	0x00df
                           0000E1   508 _USB_INT_EN	=	0x00e1
                           0000E2   509 _USB_CTRL	=	0x00e2
                           0000E3   510 _USB_DEV_AD	=	0x00e3
                           0000E4   511 _UDEV_CTRL	=	0x00e4
                           0000E5   512 _UHUB1_CTRL	=	0x00e5
                           00E7E6   513 _USB_DMA	=	0xe7e6
                           0000E6   514 _USB_DMA_AL	=	0x00e6
                           0000E7   515 _USB_DMA_AH	=	0x00e7
                                    516 ;--------------------------------------------------------
                                    517 ; special function bits
                                    518 ;--------------------------------------------------------
                                    519 	.area RSEG    (ABS,DATA)
      000000                        520 	.org 0x0000
                           0000D7   521 _CY	=	0x00d7
                           0000D6   522 _AC	=	0x00d6
                           0000D5   523 _F0	=	0x00d5
                           0000D4   524 _RS1	=	0x00d4
                           0000D3   525 _RS0	=	0x00d3
                           0000D2   526 _OV	=	0x00d2
                           0000D1   527 _F1	=	0x00d1
                           0000D0   528 _P	=	0x00d0
                           0000AF   529 _EA	=	0x00af
                           0000AE   530 _E_DIS	=	0x00ae
                           0000AD   531 _ET2	=	0x00ad
                           0000AC   532 _ES	=	0x00ac
                           0000AB   533 _ET1	=	0x00ab
                           0000AA   534 _EX1	=	0x00aa
                           0000A9   535 _ET0	=	0x00a9
                           0000A8   536 _EX0	=	0x00a8
                           0000BF   537 _PH_FLAG	=	0x00bf
                           0000BE   538 _PL_FLAG	=	0x00be
                           0000BD   539 _PT2	=	0x00bd
                           0000BC   540 _PS	=	0x00bc
                           0000BB   541 _PT1	=	0x00bb
                           0000BA   542 _PX1	=	0x00ba
                           0000B9   543 _PT0	=	0x00b9
                           0000B8   544 _PX0	=	0x00b8
                           0000EF   545 _IE_WDOG	=	0x00ef
                           0000EE   546 _IE_GPIO	=	0x00ee
                           0000ED   547 _IE_PWM1	=	0x00ed
                           0000EC   548 _IE_UART1	=	0x00ec
                           0000EB   549 _IE_ADC	=	0x00eb
                           0000EA   550 _IE_USB	=	0x00ea
                           0000E9   551 _IE_TMR3	=	0x00e9
                           0000E8   552 _IE_SPI0	=	0x00e8
                           000087   553 _UDCD	=	0x0087
                           000086   554 _URI	=	0x0086
                           000085   555 _UDSR	=	0x0085
                           000084   556 _UCTS	=	0x0084
                           000083   557 _TXD_	=	0x0083
                           000082   558 _RXD_	=	0x0082
                           000081   559 _URTS	=	0x0081
                           000080   560 _UDTR	=	0x0080
                           000087   561 _P0_7	=	0x0087
                           000086   562 _P0_6	=	0x0086
                           000085   563 _P0_5	=	0x0085
                           000084   564 _P0_4	=	0x0084
                           000083   565 _P0_3	=	0x0083
                           000082   566 _P0_2	=	0x0082
                           000081   567 _P0_1	=	0x0081
                           000080   568 _P0_0	=	0x0080
                           000097   569 _AIN7	=	0x0097
                           000096   570 _AIN6	=	0x0096
                           000095   571 _AIN5	=	0x0095
                           000094   572 _AIN4	=	0x0094
                           000093   573 _AIN3	=	0x0093
                           000092   574 _AIN2	=	0x0092
                           000091   575 _AIN1	=	0x0091
                           000090   576 _AIN0	=	0x0090
                           000097   577 _SCK	=	0x0097
                           000096   578 _MISO	=	0x0096
                           000095   579 _MOSI	=	0x0095
                           000094   580 _SCS	=	0x0094
                           000092   581 _PWM3	=	0x0092
                           000092   582 _CAP3	=	0x0092
                           000091   583 _T2EX	=	0x0091
                           000091   584 _CAP2	=	0x0091
                           000090   585 _T2	=	0x0090
                           000090   586 _CAP1	=	0x0090
                           000097   587 _P1_7	=	0x0097
                           000096   588 _P1_6	=	0x0096
                           000095   589 _P1_5	=	0x0095
                           000094   590 _P1_4	=	0x0094
                           000093   591 _P1_3	=	0x0093
                           000092   592 _P1_2	=	0x0092
                           000091   593 _P1_1	=	0x0091
                           000090   594 _P1_0	=	0x0090
                           0000A7   595 _TXD1	=	0x00a7
                           0000A7   596 _DA7	=	0x00a7
                           0000A6   597 _RXD1	=	0x00a6
                           0000A5   598 _TNOW	=	0x00a5
                           0000A5   599 _PWM2	=	0x00a5
                           0000A5   600 _T2EX_	=	0x00a5
                           0000A5   601 _CAP2_	=	0x00a5
                           0000A4   602 _PWM1	=	0x00a4
                           0000A3   603 _SCK1	=	0x00a3
                           0000A2   604 _MISO1	=	0x00a2
                           0000A1   605 _MOSI1	=	0x00a1
                           0000A7   606 _P2_7	=	0x00a7
                           0000A6   607 _P2_6	=	0x00a6
                           0000A5   608 _P2_5	=	0x00a5
                           0000A4   609 _P2_4	=	0x00a4
                           0000A3   610 _P2_3	=	0x00a3
                           0000A2   611 _P2_2	=	0x00a2
                           0000A1   612 _P2_1	=	0x00a1
                           0000A0   613 _P2_0	=	0x00a0
                           0000B7   614 _RD	=	0x00b7
                           0000B6   615 _WR	=	0x00b6
                           0000B5   616 _DA6	=	0x00b5
                           0000B5   617 _T1	=	0x00b5
                           0000B4   618 _LEDC	=	0x00b4
                           0000B4   619 _XCS0	=	0x00b4
                           0000B4   620 _T0	=	0x00b4
                           0000B3   621 _LED1	=	0x00b3
                           0000B3   622 _INT1	=	0x00b3
                           0000B2   623 _LED0	=	0x00b2
                           0000B2   624 _INT0	=	0x00b2
                           0000B1   625 _TXD	=	0x00b1
                           0000B0   626 _RXD	=	0x00b0
                           0000B7   627 _P3_7	=	0x00b7
                           0000B6   628 _P3_6	=	0x00b6
                           0000B5   629 _P3_5	=	0x00b5
                           0000B4   630 _P3_4	=	0x00b4
                           0000B3   631 _P3_3	=	0x00b3
                           0000B2   632 _P3_2	=	0x00b2
                           0000B1   633 _P3_1	=	0x00b1
                           0000B0   634 _P3_0	=	0x00b0
                           0000C7   635 _SCK_	=	0x00c7
                           0000C6   636 _SCS_	=	0x00c6
                           0000C5   637 _PWM2_	=	0x00c5
                           0000C4   638 _LED3	=	0x00c4
                           0000C4   639 _TNOW_	=	0x00c4
                           0000C4   640 _TXD1_	=	0x00c4
                           0000C3   641 _PWM1_	=	0x00c3
                           0000C2   642 _PWM3_	=	0x00c2
                           0000C2   643 _CAP3_	=	0x00c2
                           0000C0   644 _LED2	=	0x00c0
                           0000C0   645 _RXD1_	=	0x00c0
                           0000C7   646 _P4_OUT_7	=	0x00c7
                           0000C6   647 _P4_OUT_6	=	0x00c6
                           0000C5   648 _P4_OUT_5	=	0x00c5
                           0000C4   649 _P4_OUT_4	=	0x00c4
                           0000C3   650 _P4_OUT_3	=	0x00c3
                           0000C2   651 _P4_OUT_2	=	0x00c2
                           0000C1   652 _P4_OUT_1	=	0x00c1
                           0000C0   653 _P4_OUT_0	=	0x00c0
                           00008F   654 _TF1	=	0x008f
                           00008E   655 _TR1	=	0x008e
                           00008D   656 _TF0	=	0x008d
                           00008C   657 _TR0	=	0x008c
                           00008B   658 _IE1	=	0x008b
                           00008A   659 _IT1	=	0x008a
                           000089   660 _IE0	=	0x0089
                           000088   661 _IT0	=	0x0088
                           00009F   662 _SM0	=	0x009f
                           00009E   663 _SM1	=	0x009e
                           00009D   664 _SM2	=	0x009d
                           00009C   665 _REN	=	0x009c
                           00009B   666 _TB8	=	0x009b
                           00009A   667 _RB8	=	0x009a
                           000099   668 _TI	=	0x0099
                           000098   669 _RI	=	0x0098
                           0000CF   670 _TF2	=	0x00cf
                           0000CF   671 _CAP1F	=	0x00cf
                           0000CE   672 _EXF2	=	0x00ce
                           0000CD   673 _RCLK	=	0x00cd
                           0000CC   674 _TCLK	=	0x00cc
                           0000CB   675 _EXEN2	=	0x00cb
                           0000CA   676 _TR2	=	0x00ca
                           0000C9   677 _C_T2	=	0x00c9
                           0000C8   678 _CP_RL2	=	0x00c8
                           0000FF   679 _S0_FST_ACT	=	0x00ff
                           0000FE   680 _S0_IF_OV	=	0x00fe
                           0000FD   681 _S0_IF_FIRST	=	0x00fd
                           0000FC   682 _S0_IF_BYTE	=	0x00fc
                           0000FB   683 _S0_FREE	=	0x00fb
                           0000FA   684 _S0_T_FIFO	=	0x00fa
                           0000F9   685 _S0_R_FIFO1	=	0x00f9
                           0000F8   686 _S0_R_FIFO0	=	0x00f8
                           0000DF   687 _U_IS_NAK	=	0x00df
                           0000DE   688 _U_TOG_OK	=	0x00de
                           0000DD   689 _U_SIE_FREE	=	0x00dd
                           0000DC   690 _UIF_FIFO_OV	=	0x00dc
                           0000DB   691 _UIF_HST_SOF	=	0x00db
                           0000DA   692 _UIF_SUSPEND	=	0x00da
                           0000D9   693 _UIF_TRANSFER	=	0x00d9
                           0000D8   694 _UIF_DETECT	=	0x00d8
                           0000D8   695 _UIF_BUS_RST	=	0x00d8
                                    696 ;--------------------------------------------------------
                                    697 ; overlayable register banks
                                    698 ;--------------------------------------------------------
                                    699 	.area REG_BANK_0	(REL,OVR,DATA)
      000000                        700 	.ds 8
                                    701 ;--------------------------------------------------------
                                    702 ; internal ram data
                                    703 ;--------------------------------------------------------
                                    704 	.area DSEG    (DATA)
                                    705 ;--------------------------------------------------------
                                    706 ; overlayable items in internal ram
                                    707 ;--------------------------------------------------------
                                    708 	.area	OSEG    (OVR,DATA)
                                    709 	.area	OSEG    (OVR,DATA)
                                    710 ;--------------------------------------------------------
                                    711 ; indirectly addressable internal ram data
                                    712 ;--------------------------------------------------------
                                    713 	.area ISEG    (DATA)
                                    714 ;--------------------------------------------------------
                                    715 ; absolute internal ram data
                                    716 ;--------------------------------------------------------
                                    717 	.area IABS    (ABS,DATA)
                                    718 	.area IABS    (ABS,DATA)
                                    719 ;--------------------------------------------------------
                                    720 ; bit data
                                    721 ;--------------------------------------------------------
                                    722 	.area BSEG    (BIT)
                                    723 ;--------------------------------------------------------
                                    724 ; paged external ram data
                                    725 ;--------------------------------------------------------
                                    726 	.area PSEG    (PAG,XDATA)
                           002546   727 _pUEP4_1_MOD	=	0x2546
                           002547   728 _pUEP2_3_MOD	=	0x2547
                           002548   729 _pUEP0_DMA_H	=	0x2548
                           002549   730 _pUEP0_DMA_L	=	0x2549
                           00254A   731 _pUEP1_DMA_H	=	0x254a
                           00254B   732 _pUEP1_DMA_L	=	0x254b
                           00254C   733 _pUEP2_DMA_H	=	0x254c
                           00254D   734 _pUEP2_DMA_L	=	0x254d
                           00254E   735 _pUEP3_DMA_H	=	0x254e
                           00254F   736 _pUEP3_DMA_L	=	0x254f
                           002980   737 _pLED_STAT	=	0x2980
                           002981   738 _pLED_CTRL	=	0x2981
                           002982   739 _pLED_DATA	=	0x2982
                           002983   740 _pLED_CK_SE	=	0x2983
                           002984   741 _pLED_DMA_AH	=	0x2984
                           002985   742 _pLED_DMA_AL	=	0x2985
                           002986   743 _pLED_DMA_CN	=	0x2986
                           002988   744 _pLED_DMA_XH	=	0x2988
                           002989   745 _pLED_DMA_XL	=	0x2989
                                    746 ;--------------------------------------------------------
                                    747 ; uninitialized external ram data
                                    748 ;--------------------------------------------------------
                                    749 	.area XSEG    (XDATA)
                           002446   750 _UEP4_1_MOD	=	0x2446
                           002447   751 _UEP2_3_MOD	=	0x2447
                           002448   752 _UEP0_DMA_H	=	0x2448
                           002449   753 _UEP0_DMA_L	=	0x2449
                           00244A   754 _UEP1_DMA_H	=	0x244a
                           00244B   755 _UEP1_DMA_L	=	0x244b
                           00244C   756 _UEP2_DMA_H	=	0x244c
                           00244D   757 _UEP2_DMA_L	=	0x244d
                           00244E   758 _UEP3_DMA_H	=	0x244e
                           00244F   759 _UEP3_DMA_L	=	0x244f
                           002880   760 _LED_STAT	=	0x2880
                           002881   761 _LED_CTRL	=	0x2881
                           002882   762 _LED_DATA	=	0x2882
                           002883   763 _LED_CK_SE	=	0x2883
                           002884   764 _LED_DMA_AH	=	0x2884
                           002885   765 _LED_DMA_AL	=	0x2885
                           002886   766 _LED_DMA_CN	=	0x2886
                           002888   767 _LED_DMA_XH	=	0x2888
                           002889   768 _LED_DMA_XL	=	0x2889
      000000                        769 _pinMode_PARM_2:
      000000                        770 	.ds 1
      000001                        771 _digitalWrite_PARM_2:
      000001                        772 	.ds 1
                                    773 ;--------------------------------------------------------
                                    774 ; absolute external ram data
                                    775 ;--------------------------------------------------------
                                    776 	.area XABS    (ABS,XDATA)
                                    777 ;--------------------------------------------------------
                                    778 ; initialized external ram data
                                    779 ;--------------------------------------------------------
                                    780 	.area XISEG   (XDATA)
                                    781 	.area HOME    (CODE)
                                    782 	.area GSINIT0 (CODE)
                                    783 	.area GSINIT1 (CODE)
                                    784 	.area GSINIT2 (CODE)
                                    785 	.area GSINIT3 (CODE)
                                    786 	.area GSINIT4 (CODE)
                                    787 	.area GSINIT5 (CODE)
                                    788 	.area GSINIT  (CODE)
                                    789 	.area GSFINAL (CODE)
                                    790 	.area CSEG    (CODE)
                                    791 ;--------------------------------------------------------
                                    792 ; global & static initialisations
                                    793 ;--------------------------------------------------------
                                    794 	.area HOME    (CODE)
                                    795 	.area GSINIT  (CODE)
                                    796 	.area GSFINAL (CODE)
                                    797 	.area GSINIT  (CODE)
                                    798 ;--------------------------------------------------------
                                    799 ; Home
                                    800 ;--------------------------------------------------------
                                    801 	.area HOME    (CODE)
                                    802 	.area HOME    (CODE)
                                    803 ;--------------------------------------------------------
                                    804 ; code
                                    805 ;--------------------------------------------------------
                                    806 	.area CSEG    (CODE)
                                    807 ;------------------------------------------------------------
                                    808 ;Allocation info for local variables in function 'pinMode'
                                    809 ;------------------------------------------------------------
                                    810 ;mode                      Allocated with name '_pinMode_PARM_2'
                                    811 ;pin                       Allocated to registers r7 
                                    812 ;bit                       Allocated to registers r6 
                                    813 ;port                      Allocated to registers r7 
                                    814 ;------------------------------------------------------------
                                    815 ;	C:\Users\tonyp\AppData\Local\Arduino15\packages\CH55xDuino\hardware\mcs51\0.0.23\cores\ch55xduino\wiring_digital.c:14: void pinMode(__data uint8_t pin,
                                    816 ;	-----------------------------------------
                                    817 ;	 function pinMode
                                    818 ;	-----------------------------------------
      000000                        819 _pinMode:
                           000007   820 	ar7 = 0x07
                           000006   821 	ar6 = 0x06
                           000005   822 	ar5 = 0x05
                           000004   823 	ar4 = 0x04
                           000003   824 	ar3 = 0x03
                           000002   825 	ar2 = 0x02
                           000001   826 	ar1 = 0x01
                           000000   827 	ar0 = 0x00
                                    828 ;	C:\Users\tonyp\AppData\Local\Arduino15\packages\CH55xDuino\hardware\mcs51\0.0.23\cores\ch55xduino\wiring_digital.c:18: __data uint8_t bit = digitalPinToBitMask(pin);
      000000 E5 82            [12]  829 	mov	a,dpl
      000002 FF               [12]  830 	mov	r7,a
      000003 90r00r78         [24]  831 	mov	dptr,#_digital_pin_to_bit_mask_PGM
      000006 93               [24]  832 	movc	a,@a+dptr
      000007 FE               [12]  833 	mov	r6,a
                                    834 ;	C:\Users\tonyp\AppData\Local\Arduino15\packages\CH55xDuino\hardware\mcs51\0.0.23\cores\ch55xduino\wiring_digital.c:19: __data uint8_t port = digitalPinToPort(pin);
      000008 EF               [12]  835 	mov	a,r7
      000009 90r00r3C         [24]  836 	mov	dptr,#_digital_pin_to_port_PGM
      00000C 93               [24]  837 	movc	a,@a+dptr
                                    838 ;	C:\Users\tonyp\AppData\Local\Arduino15\packages\CH55xDuino\hardware\mcs51\0.0.23\cores\ch55xduino\wiring_digital.c:21: if (port == NOT_A_PIN)
      00000D FF               [12]  839 	mov	r7,a
      00000E 70 01            [24]  840 	jnz	00102$
                                    841 ;	C:\Users\tonyp\AppData\Local\Arduino15\packages\CH55xDuino\hardware\mcs51\0.0.23\cores\ch55xduino\wiring_digital.c:22: return;
      000010 22               [24]  842 	ret
      000011                        843 00102$:
                                    844 ;	C:\Users\tonyp\AppData\Local\Arduino15\packages\CH55xDuino\hardware\mcs51\0.0.23\cores\ch55xduino\wiring_digital.c:24: if (mode == INPUT) {
      000011 90r00r00         [24]  845 	mov	dptr,#_pinMode_PARM_2
      000014 E0               [24]  846 	movx	a,@dptr
      000015 FD               [12]  847 	mov	r5,a
      000016 70 4E            [24]  848 	jnz	00152$
                                    849 ;	C:\Users\tonyp\AppData\Local\Arduino15\packages\CH55xDuino\hardware\mcs51\0.0.23\cores\ch55xduino\wiring_digital.c:47: if (port == P0PORT) {
      000018 BF 01 0C         [24]  850 	cjne	r7,#0x01,00115$
                                    851 ;	C:\Users\tonyp\AppData\Local\Arduino15\packages\CH55xDuino\hardware\mcs51\0.0.23\cores\ch55xduino\wiring_digital.c:48: PORT_CFG &= ~bP0_OC;
      00001B 53 C6 FE         [24]  852 	anl	_PORT_CFG,#0xfe
                                    853 ;	C:\Users\tonyp\AppData\Local\Arduino15\packages\CH55xDuino\hardware\mcs51\0.0.23\cores\ch55xduino\wiring_digital.c:49: P0_PU &= ~bit;
      00001E EE               [12]  854 	mov	a,r6
      00001F F4               [12]  855 	cpl	a
      000020 FC               [12]  856 	mov	r4,a
      000021 52 C5            [12]  857 	anl	_P0_PU,a
                                    858 ;	C:\Users\tonyp\AppData\Local\Arduino15\packages\CH55xDuino\hardware\mcs51\0.0.23\cores\ch55xduino\wiring_digital.c:50: P0_DIR &= ~bit;
      000023 EC               [12]  859 	mov	a,r4
      000024 52 C4            [12]  860 	anl	_P0_DIR,a
      000026 22               [24]  861 	ret
      000027                        862 00115$:
                                    863 ;	C:\Users\tonyp\AppData\Local\Arduino15\packages\CH55xDuino\hardware\mcs51\0.0.23\cores\ch55xduino\wiring_digital.c:51: } else if (port == P1PORT) {
      000027 BF 02 0F         [24]  864 	cjne	r7,#0x02,00112$
                                    865 ;	C:\Users\tonyp\AppData\Local\Arduino15\packages\CH55xDuino\hardware\mcs51\0.0.23\cores\ch55xduino\wiring_digital.c:52: P1_IE |= bit;
      00002A EE               [12]  866 	mov	a,r6
      00002B 42 B9            [12]  867 	orl	_P1_IE,a
                                    868 ;	C:\Users\tonyp\AppData\Local\Arduino15\packages\CH55xDuino\hardware\mcs51\0.0.23\cores\ch55xduino\wiring_digital.c:53: PORT_CFG &= ~bP1_OC;
      00002D 53 C6 FD         [24]  869 	anl	_PORT_CFG,#0xfd
                                    870 ;	C:\Users\tonyp\AppData\Local\Arduino15\packages\CH55xDuino\hardware\mcs51\0.0.23\cores\ch55xduino\wiring_digital.c:54: P1_PU &= ~bit;
      000030 EE               [12]  871 	mov	a,r6
      000031 F4               [12]  872 	cpl	a
      000032 FC               [12]  873 	mov	r4,a
      000033 52 BB            [12]  874 	anl	_P1_PU,a
                                    875 ;	C:\Users\tonyp\AppData\Local\Arduino15\packages\CH55xDuino\hardware\mcs51\0.0.23\cores\ch55xduino\wiring_digital.c:55: P1_DIR &= ~bit;
      000035 EC               [12]  876 	mov	a,r4
      000036 52 BA            [12]  877 	anl	_P1_DIR,a
      000038 22               [24]  878 	ret
      000039                        879 00112$:
                                    880 ;	C:\Users\tonyp\AppData\Local\Arduino15\packages\CH55xDuino\hardware\mcs51\0.0.23\cores\ch55xduino\wiring_digital.c:56: } else if (port == P2PORT) {
      000039 BF 03 0C         [24]  881 	cjne	r7,#0x03,00109$
                                    882 ;	C:\Users\tonyp\AppData\Local\Arduino15\packages\CH55xDuino\hardware\mcs51\0.0.23\cores\ch55xduino\wiring_digital.c:57: PORT_CFG &= ~bP2_OC;
      00003C 53 C6 FB         [24]  883 	anl	_PORT_CFG,#0xfb
                                    884 ;	C:\Users\tonyp\AppData\Local\Arduino15\packages\CH55xDuino\hardware\mcs51\0.0.23\cores\ch55xduino\wiring_digital.c:58: P2_PU &= ~bit;
      00003F EE               [12]  885 	mov	a,r6
      000040 F4               [12]  886 	cpl	a
      000041 FC               [12]  887 	mov	r4,a
      000042 52 BD            [12]  888 	anl	_P2_PU,a
                                    889 ;	C:\Users\tonyp\AppData\Local\Arduino15\packages\CH55xDuino\hardware\mcs51\0.0.23\cores\ch55xduino\wiring_digital.c:59: P2_DIR &= ~bit;
      000044 EC               [12]  890 	mov	a,r4
      000045 52 BC            [12]  891 	anl	_P2_DIR,a
      000047 22               [24]  892 	ret
      000048                        893 00109$:
                                    894 ;	C:\Users\tonyp\AppData\Local\Arduino15\packages\CH55xDuino\hardware\mcs51\0.0.23\cores\ch55xduino\wiring_digital.c:60: } else if (port == P3PORT) {
      000048 BF 04 0C         [24]  895 	cjne	r7,#0x04,00106$
                                    896 ;	C:\Users\tonyp\AppData\Local\Arduino15\packages\CH55xDuino\hardware\mcs51\0.0.23\cores\ch55xduino\wiring_digital.c:61: PORT_CFG &= ~bP3_OC;
      00004B 53 C6 F7         [24]  897 	anl	_PORT_CFG,#0xf7
                                    898 ;	C:\Users\tonyp\AppData\Local\Arduino15\packages\CH55xDuino\hardware\mcs51\0.0.23\cores\ch55xduino\wiring_digital.c:62: P3_PU &= ~bit;
      00004E EE               [12]  899 	mov	a,r6
      00004F F4               [12]  900 	cpl	a
      000050 FC               [12]  901 	mov	r4,a
      000051 52 BF            [12]  902 	anl	_P3_PU,a
                                    903 ;	C:\Users\tonyp\AppData\Local\Arduino15\packages\CH55xDuino\hardware\mcs51\0.0.23\cores\ch55xduino\wiring_digital.c:63: P3_DIR &= ~bit;
      000053 EC               [12]  904 	mov	a,r4
      000054 52 BE            [12]  905 	anl	_P3_DIR,a
      000056 22               [24]  906 	ret
      000057                        907 00106$:
                                    908 ;	C:\Users\tonyp\AppData\Local\Arduino15\packages\CH55xDuino\hardware\mcs51\0.0.23\cores\ch55xduino\wiring_digital.c:64: } else if (port == P4PORT) { // P4 can not do OC
      000057 BF 05 02         [24]  909 	cjne	r7,#0x05,00242$
      00005A 80 01            [24]  910 	sjmp	00243$
      00005C                        911 00242$:
      00005C 22               [24]  912 	ret
      00005D                        913 00243$:
                                    914 ;	C:\Users\tonyp\AppData\Local\Arduino15\packages\CH55xDuino\hardware\mcs51\0.0.23\cores\ch55xduino\wiring_digital.c:65: P4_PU &= ~bit;
      00005D EE               [12]  915 	mov	a,r6
      00005E F4               [12]  916 	cpl	a
      00005F FC               [12]  917 	mov	r4,a
      000060 52 C3            [12]  918 	anl	_P4_PU,a
                                    919 ;	C:\Users\tonyp\AppData\Local\Arduino15\packages\CH55xDuino\hardware\mcs51\0.0.23\cores\ch55xduino\wiring_digital.c:66: P4_DIR &= ~bit;
      000062 EC               [12]  920 	mov	a,r4
      000063 52 C2            [12]  921 	anl	_P4_DIR,a
      000065 22               [24]  922 	ret
      000066                        923 00152$:
                                    924 ;	C:\Users\tonyp\AppData\Local\Arduino15\packages\CH55xDuino\hardware\mcs51\0.0.23\cores\ch55xduino\wiring_digital.c:69: } else if (mode == INPUT_PULLUP) {
      000066 BD 02 46         [24]  925 	cjne	r5,#0x02,00149$
                                    926 ;	C:\Users\tonyp\AppData\Local\Arduino15\packages\CH55xDuino\hardware\mcs51\0.0.23\cores\ch55xduino\wiring_digital.c:92: if (port == P0PORT) {
      000069 BF 01 0B         [24]  927 	cjne	r7,#0x01,00129$
                                    928 ;	C:\Users\tonyp\AppData\Local\Arduino15\packages\CH55xDuino\hardware\mcs51\0.0.23\cores\ch55xduino\wiring_digital.c:93: PORT_CFG &= ~bP0_OC;
      00006C 53 C6 FE         [24]  929 	anl	_PORT_CFG,#0xfe
                                    930 ;	C:\Users\tonyp\AppData\Local\Arduino15\packages\CH55xDuino\hardware\mcs51\0.0.23\cores\ch55xduino\wiring_digital.c:94: P0_PU |= bit;
      00006F EE               [12]  931 	mov	a,r6
      000070 42 C5            [12]  932 	orl	_P0_PU,a
                                    933 ;	C:\Users\tonyp\AppData\Local\Arduino15\packages\CH55xDuino\hardware\mcs51\0.0.23\cores\ch55xduino\wiring_digital.c:95: P0_DIR &= ~bit;
      000072 EE               [12]  934 	mov	a,r6
      000073 F4               [12]  935 	cpl	a
      000074 52 C4            [12]  936 	anl	_P0_DIR,a
      000076 22               [24]  937 	ret
      000077                        938 00129$:
                                    939 ;	C:\Users\tonyp\AppData\Local\Arduino15\packages\CH55xDuino\hardware\mcs51\0.0.23\cores\ch55xduino\wiring_digital.c:96: } else if (port == P1PORT) {
      000077 BF 02 0E         [24]  940 	cjne	r7,#0x02,00126$
                                    941 ;	C:\Users\tonyp\AppData\Local\Arduino15\packages\CH55xDuino\hardware\mcs51\0.0.23\cores\ch55xduino\wiring_digital.c:97: P1_IE |= bit;
      00007A EE               [12]  942 	mov	a,r6
      00007B 42 B9            [12]  943 	orl	_P1_IE,a
                                    944 ;	C:\Users\tonyp\AppData\Local\Arduino15\packages\CH55xDuino\hardware\mcs51\0.0.23\cores\ch55xduino\wiring_digital.c:98: PORT_CFG &= ~bP1_OC;
      00007D 53 C6 FD         [24]  945 	anl	_PORT_CFG,#0xfd
                                    946 ;	C:\Users\tonyp\AppData\Local\Arduino15\packages\CH55xDuino\hardware\mcs51\0.0.23\cores\ch55xduino\wiring_digital.c:99: P1_PU |= bit;
      000080 EE               [12]  947 	mov	a,r6
      000081 42 BB            [12]  948 	orl	_P1_PU,a
                                    949 ;	C:\Users\tonyp\AppData\Local\Arduino15\packages\CH55xDuino\hardware\mcs51\0.0.23\cores\ch55xduino\wiring_digital.c:100: P1_DIR &= ~bit;
      000083 EE               [12]  950 	mov	a,r6
      000084 F4               [12]  951 	cpl	a
      000085 52 BA            [12]  952 	anl	_P1_DIR,a
      000087 22               [24]  953 	ret
      000088                        954 00126$:
                                    955 ;	C:\Users\tonyp\AppData\Local\Arduino15\packages\CH55xDuino\hardware\mcs51\0.0.23\cores\ch55xduino\wiring_digital.c:101: } else if (port == P2PORT) {
      000088 BF 03 0B         [24]  956 	cjne	r7,#0x03,00123$
                                    957 ;	C:\Users\tonyp\AppData\Local\Arduino15\packages\CH55xDuino\hardware\mcs51\0.0.23\cores\ch55xduino\wiring_digital.c:102: PORT_CFG &= ~bP2_OC;
      00008B 53 C6 FB         [24]  958 	anl	_PORT_CFG,#0xfb
                                    959 ;	C:\Users\tonyp\AppData\Local\Arduino15\packages\CH55xDuino\hardware\mcs51\0.0.23\cores\ch55xduino\wiring_digital.c:103: P2_PU |= bit;
      00008E EE               [12]  960 	mov	a,r6
      00008F 42 BD            [12]  961 	orl	_P2_PU,a
                                    962 ;	C:\Users\tonyp\AppData\Local\Arduino15\packages\CH55xDuino\hardware\mcs51\0.0.23\cores\ch55xduino\wiring_digital.c:104: P2_DIR &= ~bit;
      000091 EE               [12]  963 	mov	a,r6
      000092 F4               [12]  964 	cpl	a
      000093 52 BC            [12]  965 	anl	_P2_DIR,a
      000095 22               [24]  966 	ret
      000096                        967 00123$:
                                    968 ;	C:\Users\tonyp\AppData\Local\Arduino15\packages\CH55xDuino\hardware\mcs51\0.0.23\cores\ch55xduino\wiring_digital.c:105: } else if (port == P3PORT) {
      000096 BF 04 0B         [24]  969 	cjne	r7,#0x04,00120$
                                    970 ;	C:\Users\tonyp\AppData\Local\Arduino15\packages\CH55xDuino\hardware\mcs51\0.0.23\cores\ch55xduino\wiring_digital.c:106: PORT_CFG &= ~bP3_OC;
      000099 53 C6 F7         [24]  971 	anl	_PORT_CFG,#0xf7
                                    972 ;	C:\Users\tonyp\AppData\Local\Arduino15\packages\CH55xDuino\hardware\mcs51\0.0.23\cores\ch55xduino\wiring_digital.c:107: P3_PU |= bit;
      00009C EE               [12]  973 	mov	a,r6
      00009D 42 BF            [12]  974 	orl	_P3_PU,a
                                    975 ;	C:\Users\tonyp\AppData\Local\Arduino15\packages\CH55xDuino\hardware\mcs51\0.0.23\cores\ch55xduino\wiring_digital.c:108: P3_DIR &= ~bit;
      00009F EE               [12]  976 	mov	a,r6
      0000A0 F4               [12]  977 	cpl	a
      0000A1 52 BE            [12]  978 	anl	_P3_DIR,a
      0000A3 22               [24]  979 	ret
      0000A4                        980 00120$:
                                    981 ;	C:\Users\tonyp\AppData\Local\Arduino15\packages\CH55xDuino\hardware\mcs51\0.0.23\cores\ch55xduino\wiring_digital.c:109: } else if (port == P4PORT) { // P4 can not do OC
      0000A4 BF 05 39         [24]  982 	cjne	r7,#0x05,00154$
                                    983 ;	C:\Users\tonyp\AppData\Local\Arduino15\packages\CH55xDuino\hardware\mcs51\0.0.23\cores\ch55xduino\wiring_digital.c:110: P4_PU |= bit;
      0000A7 EE               [12]  984 	mov	a,r6
      0000A8 42 C3            [12]  985 	orl	_P4_PU,a
                                    986 ;	C:\Users\tonyp\AppData\Local\Arduino15\packages\CH55xDuino\hardware\mcs51\0.0.23\cores\ch55xduino\wiring_digital.c:111: P4_DIR &= ~bit;
      0000AA EE               [12]  987 	mov	a,r6
      0000AB F4               [12]  988 	cpl	a
      0000AC 52 C2            [12]  989 	anl	_P4_DIR,a
      0000AE 22               [24]  990 	ret
      0000AF                        991 00149$:
                                    992 ;	C:\Users\tonyp\AppData\Local\Arduino15\packages\CH55xDuino\hardware\mcs51\0.0.23\cores\ch55xduino\wiring_digital.c:114: } else if (mode == OUTPUT) {
      0000AF BD 01 2E         [24]  993 	cjne	r5,#0x01,00154$
                                    994 ;	C:\Users\tonyp\AppData\Local\Arduino15\packages\CH55xDuino\hardware\mcs51\0.0.23\cores\ch55xduino\wiring_digital.c:137: if (port == P0PORT) {
      0000B2 BF 01 07         [24]  995 	cjne	r7,#0x01,00143$
                                    996 ;	C:\Users\tonyp\AppData\Local\Arduino15\packages\CH55xDuino\hardware\mcs51\0.0.23\cores\ch55xduino\wiring_digital.c:138: PORT_CFG &= ~bP0_OC;
      0000B5 53 C6 FE         [24]  997 	anl	_PORT_CFG,#0xfe
                                    998 ;	C:\Users\tonyp\AppData\Local\Arduino15\packages\CH55xDuino\hardware\mcs51\0.0.23\cores\ch55xduino\wiring_digital.c:139: P0_DIR |= bit;
      0000B8 EE               [12]  999 	mov	a,r6
      0000B9 42 C4            [12] 1000 	orl	_P0_DIR,a
      0000BB 22               [24] 1001 	ret
      0000BC                       1002 00143$:
                                   1003 ;	C:\Users\tonyp\AppData\Local\Arduino15\packages\CH55xDuino\hardware\mcs51\0.0.23\cores\ch55xduino\wiring_digital.c:140: } else if (port == P1PORT) {
      0000BC BF 02 07         [24] 1004 	cjne	r7,#0x02,00140$
                                   1005 ;	C:\Users\tonyp\AppData\Local\Arduino15\packages\CH55xDuino\hardware\mcs51\0.0.23\cores\ch55xduino\wiring_digital.c:141: PORT_CFG &= ~bP1_OC;
      0000BF 53 C6 FD         [24] 1006 	anl	_PORT_CFG,#0xfd
                                   1007 ;	C:\Users\tonyp\AppData\Local\Arduino15\packages\CH55xDuino\hardware\mcs51\0.0.23\cores\ch55xduino\wiring_digital.c:142: P1_DIR |= bit;
      0000C2 EE               [12] 1008 	mov	a,r6
      0000C3 42 BA            [12] 1009 	orl	_P1_DIR,a
      0000C5 22               [24] 1010 	ret
      0000C6                       1011 00140$:
                                   1012 ;	C:\Users\tonyp\AppData\Local\Arduino15\packages\CH55xDuino\hardware\mcs51\0.0.23\cores\ch55xduino\wiring_digital.c:143: } else if (port == P2PORT) {
      0000C6 BF 03 07         [24] 1013 	cjne	r7,#0x03,00137$
                                   1014 ;	C:\Users\tonyp\AppData\Local\Arduino15\packages\CH55xDuino\hardware\mcs51\0.0.23\cores\ch55xduino\wiring_digital.c:144: PORT_CFG &= ~bP2_OC;
      0000C9 53 C6 FB         [24] 1015 	anl	_PORT_CFG,#0xfb
                                   1016 ;	C:\Users\tonyp\AppData\Local\Arduino15\packages\CH55xDuino\hardware\mcs51\0.0.23\cores\ch55xduino\wiring_digital.c:145: P2_DIR |= bit;
      0000CC EE               [12] 1017 	mov	a,r6
      0000CD 42 BC            [12] 1018 	orl	_P2_DIR,a
      0000CF 22               [24] 1019 	ret
      0000D0                       1020 00137$:
                                   1021 ;	C:\Users\tonyp\AppData\Local\Arduino15\packages\CH55xDuino\hardware\mcs51\0.0.23\cores\ch55xduino\wiring_digital.c:146: } else if (port == P3PORT) {
      0000D0 BF 04 07         [24] 1022 	cjne	r7,#0x04,00134$
                                   1023 ;	C:\Users\tonyp\AppData\Local\Arduino15\packages\CH55xDuino\hardware\mcs51\0.0.23\cores\ch55xduino\wiring_digital.c:147: PORT_CFG &= ~bP3_OC;
      0000D3 53 C6 F7         [24] 1024 	anl	_PORT_CFG,#0xf7
                                   1025 ;	C:\Users\tonyp\AppData\Local\Arduino15\packages\CH55xDuino\hardware\mcs51\0.0.23\cores\ch55xduino\wiring_digital.c:148: P3_DIR |= bit;
      0000D6 EE               [12] 1026 	mov	a,r6
      0000D7 42 BE            [12] 1027 	orl	_P3_DIR,a
      0000D9 22               [24] 1028 	ret
      0000DA                       1029 00134$:
                                   1030 ;	C:\Users\tonyp\AppData\Local\Arduino15\packages\CH55xDuino\hardware\mcs51\0.0.23\cores\ch55xduino\wiring_digital.c:149: } else if (port == P4PORT) { // P4 can not do OC
      0000DA BF 05 03         [24] 1031 	cjne	r7,#0x05,00154$
                                   1032 ;	C:\Users\tonyp\AppData\Local\Arduino15\packages\CH55xDuino\hardware\mcs51\0.0.23\cores\ch55xduino\wiring_digital.c:150: P4_DIR |= bit;
      0000DD EE               [12] 1033 	mov	a,r6
      0000DE 42 C2            [12] 1034 	orl	_P4_DIR,a
                                   1035 ;	C:\Users\tonyp\AppData\Local\Arduino15\packages\CH55xDuino\hardware\mcs51\0.0.23\cores\ch55xduino\wiring_digital.c:153: } else if (mode == OUTPUT_OD) {
      0000E0                       1036 00154$:
                                   1037 ;	C:\Users\tonyp\AppData\Local\Arduino15\packages\CH55xDuino\hardware\mcs51\0.0.23\cores\ch55xduino\wiring_digital.c:177: }
      0000E0 22               [24] 1038 	ret
                                   1039 ;------------------------------------------------------------
                                   1040 ;Allocation info for local variables in function 'turnOffPWM'
                                   1041 ;------------------------------------------------------------
                                   1042 ;pwm                       Allocated to registers r7 
                                   1043 ;------------------------------------------------------------
                                   1044 ;	C:\Users\tonyp\AppData\Local\Arduino15\packages\CH55xDuino\hardware\mcs51\0.0.23\cores\ch55xduino\wiring_digital.c:179: static void turnOffPWM(__data uint8_t pwm) {
                                   1045 ;	-----------------------------------------
                                   1046 ;	 function turnOffPWM
                                   1047 ;	-----------------------------------------
      0000E1                       1048 _turnOffPWM:
                                   1049 ;	C:\Users\tonyp\AppData\Local\Arduino15\packages\CH55xDuino\hardware\mcs51\0.0.23\cores\ch55xduino\wiring_digital.c:204: switch (pwm) {
      0000E1 E5 82            [12] 1050 	mov	a,dpl
      0000E3 FF               [12] 1051 	mov	r7,a
      0000E4 24 F9            [12] 1052 	add	a,#0xff - 0x06
      0000E6 40 53            [24] 1053 	jc	00124$
      0000E8 EF               [12] 1054 	mov	a,r7
      0000E9 2F               [12] 1055 	add	a,r7
                                   1056 ;	C:\Users\tonyp\AppData\Local\Arduino15\packages\CH55xDuino\hardware\mcs51\0.0.23\cores\ch55xduino\wiring_digital.c:205: case PIN_PWM1:
      0000EA 90r00rEE         [24] 1057 	mov	dptr,#00163$
      0000ED 73               [24] 1058 	jmp	@a+dptr
      0000EE                       1059 00163$:
      0000EE 80 4B            [24] 1060 	sjmp	00124$
      0000F0 80 0A            [24] 1061 	sjmp	00101$
      0000F2 80 11            [24] 1062 	sjmp	00104$
      0000F4 80 2A            [24] 1063 	sjmp	00113$
      0000F6 80 16            [24] 1064 	sjmp	00107$
      0000F8 80 1D            [24] 1065 	sjmp	00110$
      0000FA 80 32            [24] 1066 	sjmp	00118$
      0000FC                       1067 00101$:
                                   1068 ;	C:\Users\tonyp\AppData\Local\Arduino15\packages\CH55xDuino\hardware\mcs51\0.0.23\cores\ch55xduino\wiring_digital.c:206: if ((PIN_FUNC & bPWM1_PIN_X) == 0) {
      0000FC E5 CE            [12] 1069 	mov	a,_PIN_FUNC
      0000FE 20 E7 3A         [24] 1070 	jb	acc.7,00124$
                                   1071 ;	C:\Users\tonyp\AppData\Local\Arduino15\packages\CH55xDuino\hardware\mcs51\0.0.23\cores\ch55xduino\wiring_digital.c:207: PWM_CTRL &= ~bPWM_OUT_EN;
      000101 53 9D F7         [24] 1072 	anl	_PWM_CTRL,#0xf7
                                   1073 ;	C:\Users\tonyp\AppData\Local\Arduino15\packages\CH55xDuino\hardware\mcs51\0.0.23\cores\ch55xduino\wiring_digital.c:209: break;
                                   1074 ;	C:\Users\tonyp\AppData\Local\Arduino15\packages\CH55xDuino\hardware\mcs51\0.0.23\cores\ch55xduino\wiring_digital.c:210: case PIN_PWM2:
      000104 22               [24] 1075 	ret
      000105                       1076 00104$:
                                   1077 ;	C:\Users\tonyp\AppData\Local\Arduino15\packages\CH55xDuino\hardware\mcs51\0.0.23\cores\ch55xduino\wiring_digital.c:211: if ((PIN_FUNC & bPWM1_PIN_X) == 0) {
      000105 E5 CE            [12] 1078 	mov	a,_PIN_FUNC
      000107 20 E7 31         [24] 1079 	jb	acc.7,00124$
                                   1080 ;	C:\Users\tonyp\AppData\Local\Arduino15\packages\CH55xDuino\hardware\mcs51\0.0.23\cores\ch55xduino\wiring_digital.c:212: PWM_CTRL &= ~bPWM2_OUT_EN;
      00010A 53 9D FB         [24] 1081 	anl	_PWM_CTRL,#0xfb
                                   1082 ;	C:\Users\tonyp\AppData\Local\Arduino15\packages\CH55xDuino\hardware\mcs51\0.0.23\cores\ch55xduino\wiring_digital.c:214: break;
                                   1083 ;	C:\Users\tonyp\AppData\Local\Arduino15\packages\CH55xDuino\hardware\mcs51\0.0.23\cores\ch55xduino\wiring_digital.c:215: case PIN_PWM1_:
      00010D 22               [24] 1084 	ret
      00010E                       1085 00107$:
                                   1086 ;	C:\Users\tonyp\AppData\Local\Arduino15\packages\CH55xDuino\hardware\mcs51\0.0.23\cores\ch55xduino\wiring_digital.c:216: if ((PIN_FUNC & bPWM1_PIN_X) != 0) {
      00010E E5 CE            [12] 1087 	mov	a,_PIN_FUNC
      000110 30 E7 28         [24] 1088 	jnb	acc.7,00124$
                                   1089 ;	C:\Users\tonyp\AppData\Local\Arduino15\packages\CH55xDuino\hardware\mcs51\0.0.23\cores\ch55xduino\wiring_digital.c:217: PWM_CTRL &= ~bPWM_OUT_EN;
      000113 53 9D F7         [24] 1090 	anl	_PWM_CTRL,#0xf7
                                   1091 ;	C:\Users\tonyp\AppData\Local\Arduino15\packages\CH55xDuino\hardware\mcs51\0.0.23\cores\ch55xduino\wiring_digital.c:219: break;
                                   1092 ;	C:\Users\tonyp\AppData\Local\Arduino15\packages\CH55xDuino\hardware\mcs51\0.0.23\cores\ch55xduino\wiring_digital.c:220: case PIN_PWM2_:
      000116 22               [24] 1093 	ret
      000117                       1094 00110$:
                                   1095 ;	C:\Users\tonyp\AppData\Local\Arduino15\packages\CH55xDuino\hardware\mcs51\0.0.23\cores\ch55xduino\wiring_digital.c:221: if ((PIN_FUNC & bPWM1_PIN_X) != 0) {
      000117 E5 CE            [12] 1096 	mov	a,_PIN_FUNC
      000119 30 E7 1F         [24] 1097 	jnb	acc.7,00124$
                                   1098 ;	C:\Users\tonyp\AppData\Local\Arduino15\packages\CH55xDuino\hardware\mcs51\0.0.23\cores\ch55xduino\wiring_digital.c:222: PWM_CTRL &= ~bPWM2_OUT_EN;
      00011C 53 9D FB         [24] 1099 	anl	_PWM_CTRL,#0xfb
                                   1100 ;	C:\Users\tonyp\AppData\Local\Arduino15\packages\CH55xDuino\hardware\mcs51\0.0.23\cores\ch55xduino\wiring_digital.c:224: break;
                                   1101 ;	C:\Users\tonyp\AppData\Local\Arduino15\packages\CH55xDuino\hardware\mcs51\0.0.23\cores\ch55xduino\wiring_digital.c:225: case PIN_PWM3:
      00011F 22               [24] 1102 	ret
      000120                       1103 00113$:
                                   1104 ;	C:\Users\tonyp\AppData\Local\Arduino15\packages\CH55xDuino\hardware\mcs51\0.0.23\cores\ch55xduino\wiring_digital.c:226: if ((PIN_FUNC & bTMR3_PIN_X) == 0) {
      000120 E5 CE            [12] 1105 	mov	a,_PIN_FUNC
      000122 20 E6 16         [24] 1106 	jb	acc.6,00124$
                                   1107 ;	C:\Users\tonyp\AppData\Local\Arduino15\packages\CH55xDuino\hardware\mcs51\0.0.23\cores\ch55xduino\wiring_digital.c:227: if (T3_CTRL & bT3_OUT_EN) {
      000125 E5 AA            [12] 1108 	mov	a,_T3_CTRL
      000127 30 E3 11         [24] 1109 	jnb	acc.3,00124$
                                   1110 ;	C:\Users\tonyp\AppData\Local\Arduino15\packages\CH55xDuino\hardware\mcs51\0.0.23\cores\ch55xduino\wiring_digital.c:228: T3_CTRL &= ~(bT3_OUT_EN | bT3_CNT_EN);
      00012A 53 AA F3         [24] 1111 	anl	_T3_CTRL,#0xf3
                                   1112 ;	C:\Users\tonyp\AppData\Local\Arduino15\packages\CH55xDuino\hardware\mcs51\0.0.23\cores\ch55xduino\wiring_digital.c:231: break;
                                   1113 ;	C:\Users\tonyp\AppData\Local\Arduino15\packages\CH55xDuino\hardware\mcs51\0.0.23\cores\ch55xduino\wiring_digital.c:232: case PIN_PWM3_:
      00012D 22               [24] 1114 	ret
      00012E                       1115 00118$:
                                   1116 ;	C:\Users\tonyp\AppData\Local\Arduino15\packages\CH55xDuino\hardware\mcs51\0.0.23\cores\ch55xduino\wiring_digital.c:233: if ((PIN_FUNC & bTMR3_PIN_X) != 0) {
      00012E E5 CE            [12] 1117 	mov	a,_PIN_FUNC
      000130 30 E6 08         [24] 1118 	jnb	acc.6,00124$
                                   1119 ;	C:\Users\tonyp\AppData\Local\Arduino15\packages\CH55xDuino\hardware\mcs51\0.0.23\cores\ch55xduino\wiring_digital.c:234: if (T3_CTRL & bT3_OUT_EN) {
      000133 E5 AA            [12] 1120 	mov	a,_T3_CTRL
      000135 30 E3 03         [24] 1121 	jnb	acc.3,00124$
                                   1122 ;	C:\Users\tonyp\AppData\Local\Arduino15\packages\CH55xDuino\hardware\mcs51\0.0.23\cores\ch55xduino\wiring_digital.c:235: T3_CTRL &= ~(bT3_OUT_EN | bT3_CNT_EN);
      000138 53 AA F3         [24] 1123 	anl	_T3_CTRL,#0xf3
                                   1124 ;	C:\Users\tonyp\AppData\Local\Arduino15\packages\CH55xDuino\hardware\mcs51\0.0.23\cores\ch55xduino\wiring_digital.c:239: }
      00013B                       1125 00124$:
                                   1126 ;	C:\Users\tonyp\AppData\Local\Arduino15\packages\CH55xDuino\hardware\mcs51\0.0.23\cores\ch55xduino\wiring_digital.c:245: }
      00013B 22               [24] 1127 	ret
                                   1128 ;------------------------------------------------------------
                                   1129 ;Allocation info for local variables in function 'digitalRead'
                                   1130 ;------------------------------------------------------------
                                   1131 ;pin                       Allocated to registers r7 
                                   1132 ;pwm                       Allocated to registers r6 
                                   1133 ;bit                       Allocated to registers r5 
                                   1134 ;port                      Allocated to registers r7 
                                   1135 ;portBuf                   Allocated to registers r6 
                                   1136 ;------------------------------------------------------------
                                   1137 ;	C:\Users\tonyp\AppData\Local\Arduino15\packages\CH55xDuino\hardware\mcs51\0.0.23\cores\ch55xduino\wiring_digital.c:247: uint8_t digitalRead(__data uint8_t pin) {
                                   1138 ;	-----------------------------------------
                                   1139 ;	 function digitalRead
                                   1140 ;	-----------------------------------------
      00013C                       1141 _digitalRead:
                                   1142 ;	C:\Users\tonyp\AppData\Local\Arduino15\packages\CH55xDuino\hardware\mcs51\0.0.23\cores\ch55xduino\wiring_digital.c:248: __data uint8_t pwm = digitalPinToPWM(pin);
      00013C E5 82            [12] 1143 	mov	a,dpl
      00013E FF               [12] 1144 	mov	r7,a
      00013F 90r00r00         [24] 1145 	mov	dptr,#_digital_pin_to_pwm_PGM
      000142 93               [24] 1146 	movc	a,@a+dptr
      000143 FE               [12] 1147 	mov	r6,a
                                   1148 ;	C:\Users\tonyp\AppData\Local\Arduino15\packages\CH55xDuino\hardware\mcs51\0.0.23\cores\ch55xduino\wiring_digital.c:249: __data uint8_t bit = digitalPinToBitMask(pin);
      000144 EF               [12] 1149 	mov	a,r7
      000145 90r00r78         [24] 1150 	mov	dptr,#_digital_pin_to_bit_mask_PGM
      000148 93               [24] 1151 	movc	a,@a+dptr
      000149 FD               [12] 1152 	mov	r5,a
                                   1153 ;	C:\Users\tonyp\AppData\Local\Arduino15\packages\CH55xDuino\hardware\mcs51\0.0.23\cores\ch55xduino\wiring_digital.c:250: __data uint8_t port = digitalPinToPort(pin);
      00014A EF               [12] 1154 	mov	a,r7
      00014B 90r00r3C         [24] 1155 	mov	dptr,#_digital_pin_to_port_PGM
      00014E 93               [24] 1156 	movc	a,@a+dptr
                                   1157 ;	C:\Users\tonyp\AppData\Local\Arduino15\packages\CH55xDuino\hardware\mcs51\0.0.23\cores\ch55xduino\wiring_digital.c:252: if (port == NOT_A_PIN)
      00014F FF               [12] 1158 	mov	r7,a
                                   1159 ;	C:\Users\tonyp\AppData\Local\Arduino15\packages\CH55xDuino\hardware\mcs51\0.0.23\cores\ch55xduino\wiring_digital.c:253: return LOW;
      000150 70 03            [24] 1160 	jnz	00102$
      000152 F5 82            [12] 1161 	mov	dpl,a
      000154 22               [24] 1162 	ret
      000155                       1163 00102$:
                                   1164 ;	C:\Users\tonyp\AppData\Local\Arduino15\packages\CH55xDuino\hardware\mcs51\0.0.23\cores\ch55xduino\wiring_digital.c:257: if (pwm != NOT_ON_PWM)
      000155 EE               [12] 1165 	mov	a,r6
      000156 60 0D            [24] 1166 	jz	00104$
                                   1167 ;	C:\Users\tonyp\AppData\Local\Arduino15\packages\CH55xDuino\hardware\mcs51\0.0.23\cores\ch55xduino\wiring_digital.c:258: turnOffPWM(pwm);
      000158 8E 82            [24] 1168 	mov	dpl,r6
      00015A C0 07            [24] 1169 	push	ar7
      00015C C0 05            [24] 1170 	push	ar5
      00015E 12r00rE1         [24] 1171 	lcall	_turnOffPWM
      000161 D0 05            [24] 1172 	pop	ar5
      000163 D0 07            [24] 1173 	pop	ar7
      000165                       1174 00104$:
                                   1175 ;	C:\Users\tonyp\AppData\Local\Arduino15\packages\CH55xDuino\hardware\mcs51\0.0.23\cores\ch55xduino\wiring_digital.c:260: __data uint8_t portBuf = 0;
      000165 7E 00            [12] 1176 	mov	r6,#0x00
                                   1177 ;	C:\Users\tonyp\AppData\Local\Arduino15\packages\CH55xDuino\hardware\mcs51\0.0.23\cores\ch55xduino\wiring_digital.c:262: switch (port) {
      000167 EF               [12] 1178 	mov	a,r7
      000168 24 F9            [12] 1179 	add	a,#0xff - 0x06
      00016A 40 2A            [24] 1180 	jc	00112$
      00016C EF               [12] 1181 	mov	a,r7
      00016D 2F               [12] 1182 	add	a,r7
                                   1183 ;	C:\Users\tonyp\AppData\Local\Arduino15\packages\CH55xDuino\hardware\mcs51\0.0.23\cores\ch55xduino\wiring_digital.c:264: case P1PORT:
      00016E 90r01r72         [24] 1184 	mov	dptr,#00136$
      000171 73               [24] 1185 	jmp	@a+dptr
      000172                       1186 00136$:
      000172 80 22            [24] 1187 	sjmp	00112$
      000174 80 16            [24] 1188 	sjmp	00108$
      000176 80 08            [24] 1189 	sjmp	00105$
      000178 80 0A            [24] 1190 	sjmp	00106$
      00017A 80 0C            [24] 1191 	sjmp	00107$
      00017C 80 12            [24] 1192 	sjmp	00109$
      00017E 80 14            [24] 1193 	sjmp	00110$
      000180                       1194 00105$:
                                   1195 ;	C:\Users\tonyp\AppData\Local\Arduino15\packages\CH55xDuino\hardware\mcs51\0.0.23\cores\ch55xduino\wiring_digital.c:265: portBuf = P1;
      000180 AE 90            [24] 1196 	mov	r6,_P1
                                   1197 ;	C:\Users\tonyp\AppData\Local\Arduino15\packages\CH55xDuino\hardware\mcs51\0.0.23\cores\ch55xduino\wiring_digital.c:266: break;
                                   1198 ;	C:\Users\tonyp\AppData\Local\Arduino15\packages\CH55xDuino\hardware\mcs51\0.0.23\cores\ch55xduino\wiring_digital.c:267: case P2PORT:
      000182 80 12            [24] 1199 	sjmp	00112$
      000184                       1200 00106$:
                                   1201 ;	C:\Users\tonyp\AppData\Local\Arduino15\packages\CH55xDuino\hardware\mcs51\0.0.23\cores\ch55xduino\wiring_digital.c:268: portBuf = P2;
      000184 AE A0            [24] 1202 	mov	r6,_P2
                                   1203 ;	C:\Users\tonyp\AppData\Local\Arduino15\packages\CH55xDuino\hardware\mcs51\0.0.23\cores\ch55xduino\wiring_digital.c:269: break;
                                   1204 ;	C:\Users\tonyp\AppData\Local\Arduino15\packages\CH55xDuino\hardware\mcs51\0.0.23\cores\ch55xduino\wiring_digital.c:270: case P3PORT:
      000186 80 0E            [24] 1205 	sjmp	00112$
      000188                       1206 00107$:
                                   1207 ;	C:\Users\tonyp\AppData\Local\Arduino15\packages\CH55xDuino\hardware\mcs51\0.0.23\cores\ch55xduino\wiring_digital.c:271: portBuf = P3;
      000188 AE B0            [24] 1208 	mov	r6,_P3
                                   1209 ;	C:\Users\tonyp\AppData\Local\Arduino15\packages\CH55xDuino\hardware\mcs51\0.0.23\cores\ch55xduino\wiring_digital.c:272: break;
                                   1210 ;	C:\Users\tonyp\AppData\Local\Arduino15\packages\CH55xDuino\hardware\mcs51\0.0.23\cores\ch55xduino\wiring_digital.c:285: case P0PORT:
      00018A 80 0A            [24] 1211 	sjmp	00112$
      00018C                       1212 00108$:
                                   1213 ;	C:\Users\tonyp\AppData\Local\Arduino15\packages\CH55xDuino\hardware\mcs51\0.0.23\cores\ch55xduino\wiring_digital.c:286: portBuf = P0;
      00018C AE 80            [24] 1214 	mov	r6,_P0
                                   1215 ;	C:\Users\tonyp\AppData\Local\Arduino15\packages\CH55xDuino\hardware\mcs51\0.0.23\cores\ch55xduino\wiring_digital.c:287: break;
                                   1216 ;	C:\Users\tonyp\AppData\Local\Arduino15\packages\CH55xDuino\hardware\mcs51\0.0.23\cores\ch55xduino\wiring_digital.c:288: case P4PORT:
      00018E 80 06            [24] 1217 	sjmp	00112$
      000190                       1218 00109$:
                                   1219 ;	C:\Users\tonyp\AppData\Local\Arduino15\packages\CH55xDuino\hardware\mcs51\0.0.23\cores\ch55xduino\wiring_digital.c:289: portBuf = P4_IN;
      000190 AE C1            [24] 1220 	mov	r6,_P4_IN
                                   1221 ;	C:\Users\tonyp\AppData\Local\Arduino15\packages\CH55xDuino\hardware\mcs51\0.0.23\cores\ch55xduino\wiring_digital.c:290: break;
                                   1222 ;	C:\Users\tonyp\AppData\Local\Arduino15\packages\CH55xDuino\hardware\mcs51\0.0.23\cores\ch55xduino\wiring_digital.c:291: case P5PORT:
      000192 80 02            [24] 1223 	sjmp	00112$
      000194                       1224 00110$:
                                   1225 ;	C:\Users\tonyp\AppData\Local\Arduino15\packages\CH55xDuino\hardware\mcs51\0.0.23\cores\ch55xduino\wiring_digital.c:292: portBuf = P5_IN;
      000194 AE C7            [24] 1226 	mov	r6,_P5_IN
                                   1227 ;	C:\Users\tonyp\AppData\Local\Arduino15\packages\CH55xDuino\hardware\mcs51\0.0.23\cores\ch55xduino\wiring_digital.c:297: }
      000196                       1228 00112$:
                                   1229 ;	C:\Users\tonyp\AppData\Local\Arduino15\packages\CH55xDuino\hardware\mcs51\0.0.23\cores\ch55xduino\wiring_digital.c:299: if (portBuf & bit)
      000196 ED               [12] 1230 	mov	a,r5
      000197 5E               [12] 1231 	anl	a,r6
      000198 60 04            [24] 1232 	jz	00114$
                                   1233 ;	C:\Users\tonyp\AppData\Local\Arduino15\packages\CH55xDuino\hardware\mcs51\0.0.23\cores\ch55xduino\wiring_digital.c:300: return HIGH;
      00019A 75 82 01         [24] 1234 	mov	dpl,#0x01
      00019D 22               [24] 1235 	ret
      00019E                       1236 00114$:
                                   1237 ;	C:\Users\tonyp\AppData\Local\Arduino15\packages\CH55xDuino\hardware\mcs51\0.0.23\cores\ch55xduino\wiring_digital.c:301: return LOW;
      00019E 75 82 00         [24] 1238 	mov	dpl,#0x00
                                   1239 ;	C:\Users\tonyp\AppData\Local\Arduino15\packages\CH55xDuino\hardware\mcs51\0.0.23\cores\ch55xduino\wiring_digital.c:302: }
      0001A1 22               [24] 1240 	ret
                                   1241 ;------------------------------------------------------------
                                   1242 ;Allocation info for local variables in function 'digitalWrite'
                                   1243 ;------------------------------------------------------------
                                   1244 ;pin                       Allocated to registers r7 
                                   1245 ;pwm                       Allocated to registers r6 
                                   1246 ;bit                       Allocated to registers r5 
                                   1247 ;port                      Allocated to registers r7 
                                   1248 ;interruptOn               Allocated to registers r6 
                                   1249 ;val                       Allocated with name '_digitalWrite_PARM_2'
                                   1250 ;------------------------------------------------------------
                                   1251 ;	C:\Users\tonyp\AppData\Local\Arduino15\packages\CH55xDuino\hardware\mcs51\0.0.23\cores\ch55xduino\wiring_digital.c:304: void digitalWrite(__data uint8_t pin, __xdata uint8_t val) {
                                   1252 ;	-----------------------------------------
                                   1253 ;	 function digitalWrite
                                   1254 ;	-----------------------------------------
      0001A2                       1255 _digitalWrite:
                                   1256 ;	C:\Users\tonyp\AppData\Local\Arduino15\packages\CH55xDuino\hardware\mcs51\0.0.23\cores\ch55xduino\wiring_digital.c:305: __data uint8_t pwm = digitalPinToPWM(pin);
      0001A2 E5 82            [12] 1257 	mov	a,dpl
      0001A4 FF               [12] 1258 	mov	r7,a
      0001A5 90r00r00         [24] 1259 	mov	dptr,#_digital_pin_to_pwm_PGM
      0001A8 93               [24] 1260 	movc	a,@a+dptr
      0001A9 FE               [12] 1261 	mov	r6,a
                                   1262 ;	C:\Users\tonyp\AppData\Local\Arduino15\packages\CH55xDuino\hardware\mcs51\0.0.23\cores\ch55xduino\wiring_digital.c:306: __data uint8_t bit = digitalPinToBitMask(pin);
      0001AA EF               [12] 1263 	mov	a,r7
      0001AB 90r00r78         [24] 1264 	mov	dptr,#_digital_pin_to_bit_mask_PGM
      0001AE 93               [24] 1265 	movc	a,@a+dptr
      0001AF FD               [12] 1266 	mov	r5,a
                                   1267 ;	C:\Users\tonyp\AppData\Local\Arduino15\packages\CH55xDuino\hardware\mcs51\0.0.23\cores\ch55xduino\wiring_digital.c:307: __data uint8_t port = digitalPinToPort(pin);
      0001B0 EF               [12] 1268 	mov	a,r7
      0001B1 90r00r3C         [24] 1269 	mov	dptr,#_digital_pin_to_port_PGM
      0001B4 93               [24] 1270 	movc	a,@a+dptr
      0001B5 FF               [12] 1271 	mov	r7,a
                                   1272 ;	C:\Users\tonyp\AppData\Local\Arduino15\packages\CH55xDuino\hardware\mcs51\0.0.23\cores\ch55xduino\wiring_digital.c:311: if (pwm != NOT_ON_PWM)
      0001B6 EE               [12] 1273 	mov	a,r6
      0001B7 60 0D            [24] 1274 	jz	00102$
                                   1275 ;	C:\Users\tonyp\AppData\Local\Arduino15\packages\CH55xDuino\hardware\mcs51\0.0.23\cores\ch55xduino\wiring_digital.c:312: turnOffPWM(pwm);
      0001B9 8E 82            [24] 1276 	mov	dpl,r6
      0001BB C0 07            [24] 1277 	push	ar7
      0001BD C0 05            [24] 1278 	push	ar5
      0001BF 12r00rE1         [24] 1279 	lcall	_turnOffPWM
      0001C2 D0 05            [24] 1280 	pop	ar5
      0001C4 D0 07            [24] 1281 	pop	ar7
      0001C6                       1282 00102$:
                                   1283 ;	C:\Users\tonyp\AppData\Local\Arduino15\packages\CH55xDuino\hardware\mcs51\0.0.23\cores\ch55xduino\wiring_digital.c:317: __data uint8_t interruptOn = EA;
      0001C6 A2 AF            [12] 1284 	mov	c,_EA
      0001C8 E4               [12] 1285 	clr	a
      0001C9 33               [12] 1286 	rlc	a
      0001CA FE               [12] 1287 	mov	r6,a
                                   1288 ;	C:\Users\tonyp\AppData\Local\Arduino15\packages\CH55xDuino\hardware\mcs51\0.0.23\cores\ch55xduino\wiring_digital.c:318: EA = 0;
                                   1289 ;	assignBit
      0001CB C2 AF            [12] 1290 	clr	_EA
                                   1291 ;	C:\Users\tonyp\AppData\Local\Arduino15\packages\CH55xDuino\hardware\mcs51\0.0.23\cores\ch55xduino\wiring_digital.c:320: switch (port) {
      0001CD EF               [12] 1292 	mov	a,r7
      0001CE 24 FA            [12] 1293 	add	a,#0xff - 0x05
      0001D0 40 6A            [24] 1294 	jc	00124$
      0001D2 EF               [12] 1295 	mov	a,r7
      0001D3 2F               [12] 1296 	add	a,r7
                                   1297 ;	C:\Users\tonyp\AppData\Local\Arduino15\packages\CH55xDuino\hardware\mcs51\0.0.23\cores\ch55xduino\wiring_digital.c:322: case P1PORT:
      0001D4 90r01rD8         [24] 1298 	mov	dptr,#00163$
      0001D7 73               [24] 1299 	jmp	@a+dptr
      0001D8                       1300 00163$:
      0001D8 80 62            [24] 1301 	sjmp	00124$
      0001DA 80 3E            [24] 1302 	sjmp	00115$
      0001DC 80 06            [24] 1303 	sjmp	00103$
      0001DE 80 16            [24] 1304 	sjmp	00107$
      0001E0 80 26            [24] 1305 	sjmp	00111$
      0001E2 80 48            [24] 1306 	sjmp	00119$
      0001E4                       1307 00103$:
                                   1308 ;	C:\Users\tonyp\AppData\Local\Arduino15\packages\CH55xDuino\hardware\mcs51\0.0.23\cores\ch55xduino\wiring_digital.c:323: if (val == LOW) {
      0001E4 90r00r01         [24] 1309 	mov	dptr,#_digitalWrite_PARM_2
      0001E7 E0               [24] 1310 	movx	a,@dptr
      0001E8 70 07            [24] 1311 	jnz	00105$
                                   1312 ;	C:\Users\tonyp\AppData\Local\Arduino15\packages\CH55xDuino\hardware\mcs51\0.0.23\cores\ch55xduino\wiring_digital.c:324: P1 &= ~bit;
      0001EA ED               [12] 1313 	mov	a,r5
      0001EB F4               [12] 1314 	cpl	a
      0001EC FF               [12] 1315 	mov	r7,a
      0001ED 52 90            [12] 1316 	anl	_P1,a
      0001EF 80 4B            [24] 1317 	sjmp	00124$
      0001F1                       1318 00105$:
                                   1319 ;	C:\Users\tonyp\AppData\Local\Arduino15\packages\CH55xDuino\hardware\mcs51\0.0.23\cores\ch55xduino\wiring_digital.c:326: P1 |= bit;
      0001F1 ED               [12] 1320 	mov	a,r5
      0001F2 42 90            [12] 1321 	orl	_P1,a
                                   1322 ;	C:\Users\tonyp\AppData\Local\Arduino15\packages\CH55xDuino\hardware\mcs51\0.0.23\cores\ch55xduino\wiring_digital.c:328: break;
                                   1323 ;	C:\Users\tonyp\AppData\Local\Arduino15\packages\CH55xDuino\hardware\mcs51\0.0.23\cores\ch55xduino\wiring_digital.c:329: case P2PORT:
      0001F4 80 46            [24] 1324 	sjmp	00124$
      0001F6                       1325 00107$:
                                   1326 ;	C:\Users\tonyp\AppData\Local\Arduino15\packages\CH55xDuino\hardware\mcs51\0.0.23\cores\ch55xduino\wiring_digital.c:330: if (val == LOW) {
      0001F6 90r00r01         [24] 1327 	mov	dptr,#_digitalWrite_PARM_2
      0001F9 E0               [24] 1328 	movx	a,@dptr
      0001FA 70 07            [24] 1329 	jnz	00109$
                                   1330 ;	C:\Users\tonyp\AppData\Local\Arduino15\packages\CH55xDuino\hardware\mcs51\0.0.23\cores\ch55xduino\wiring_digital.c:331: P2 &= ~bit;
      0001FC ED               [12] 1331 	mov	a,r5
      0001FD F4               [12] 1332 	cpl	a
      0001FE FF               [12] 1333 	mov	r7,a
      0001FF 52 A0            [12] 1334 	anl	_P2,a
      000201 80 39            [24] 1335 	sjmp	00124$
      000203                       1336 00109$:
                                   1337 ;	C:\Users\tonyp\AppData\Local\Arduino15\packages\CH55xDuino\hardware\mcs51\0.0.23\cores\ch55xduino\wiring_digital.c:333: P2 |= bit;
      000203 ED               [12] 1338 	mov	a,r5
      000204 42 A0            [12] 1339 	orl	_P2,a
                                   1340 ;	C:\Users\tonyp\AppData\Local\Arduino15\packages\CH55xDuino\hardware\mcs51\0.0.23\cores\ch55xduino\wiring_digital.c:335: break;
                                   1341 ;	C:\Users\tonyp\AppData\Local\Arduino15\packages\CH55xDuino\hardware\mcs51\0.0.23\cores\ch55xduino\wiring_digital.c:336: case P3PORT:
      000206 80 34            [24] 1342 	sjmp	00124$
      000208                       1343 00111$:
                                   1344 ;	C:\Users\tonyp\AppData\Local\Arduino15\packages\CH55xDuino\hardware\mcs51\0.0.23\cores\ch55xduino\wiring_digital.c:337: if (val == LOW) {
      000208 90r00r01         [24] 1345 	mov	dptr,#_digitalWrite_PARM_2
      00020B E0               [24] 1346 	movx	a,@dptr
      00020C 70 07            [24] 1347 	jnz	00113$
                                   1348 ;	C:\Users\tonyp\AppData\Local\Arduino15\packages\CH55xDuino\hardware\mcs51\0.0.23\cores\ch55xduino\wiring_digital.c:338: P3 &= ~bit;
      00020E ED               [12] 1349 	mov	a,r5
      00020F F4               [12] 1350 	cpl	a
      000210 FF               [12] 1351 	mov	r7,a
      000211 52 B0            [12] 1352 	anl	_P3,a
      000213 80 27            [24] 1353 	sjmp	00124$
      000215                       1354 00113$:
                                   1355 ;	C:\Users\tonyp\AppData\Local\Arduino15\packages\CH55xDuino\hardware\mcs51\0.0.23\cores\ch55xduino\wiring_digital.c:340: P3 |= bit;
      000215 ED               [12] 1356 	mov	a,r5
      000216 42 B0            [12] 1357 	orl	_P3,a
                                   1358 ;	C:\Users\tonyp\AppData\Local\Arduino15\packages\CH55xDuino\hardware\mcs51\0.0.23\cores\ch55xduino\wiring_digital.c:342: break;
                                   1359 ;	C:\Users\tonyp\AppData\Local\Arduino15\packages\CH55xDuino\hardware\mcs51\0.0.23\cores\ch55xduino\wiring_digital.c:367: case P0PORT:
      000218 80 22            [24] 1360 	sjmp	00124$
      00021A                       1361 00115$:
                                   1362 ;	C:\Users\tonyp\AppData\Local\Arduino15\packages\CH55xDuino\hardware\mcs51\0.0.23\cores\ch55xduino\wiring_digital.c:368: if (val == LOW) {
      00021A 90r00r01         [24] 1363 	mov	dptr,#_digitalWrite_PARM_2
      00021D E0               [24] 1364 	movx	a,@dptr
      00021E 70 07            [24] 1365 	jnz	00117$
                                   1366 ;	C:\Users\tonyp\AppData\Local\Arduino15\packages\CH55xDuino\hardware\mcs51\0.0.23\cores\ch55xduino\wiring_digital.c:369: P0 &= ~bit;
      000220 ED               [12] 1367 	mov	a,r5
      000221 F4               [12] 1368 	cpl	a
      000222 FF               [12] 1369 	mov	r7,a
      000223 52 80            [12] 1370 	anl	_P0,a
      000225 80 15            [24] 1371 	sjmp	00124$
      000227                       1372 00117$:
                                   1373 ;	C:\Users\tonyp\AppData\Local\Arduino15\packages\CH55xDuino\hardware\mcs51\0.0.23\cores\ch55xduino\wiring_digital.c:371: P0 |= bit;
      000227 ED               [12] 1374 	mov	a,r5
      000228 42 80            [12] 1375 	orl	_P0,a
                                   1376 ;	C:\Users\tonyp\AppData\Local\Arduino15\packages\CH55xDuino\hardware\mcs51\0.0.23\cores\ch55xduino\wiring_digital.c:373: break;
                                   1377 ;	C:\Users\tonyp\AppData\Local\Arduino15\packages\CH55xDuino\hardware\mcs51\0.0.23\cores\ch55xduino\wiring_digital.c:374: case P4PORT:
      00022A 80 10            [24] 1378 	sjmp	00124$
      00022C                       1379 00119$:
                                   1380 ;	C:\Users\tonyp\AppData\Local\Arduino15\packages\CH55xDuino\hardware\mcs51\0.0.23\cores\ch55xduino\wiring_digital.c:375: if (val == LOW) {
      00022C 90r00r01         [24] 1381 	mov	dptr,#_digitalWrite_PARM_2
      00022F E0               [24] 1382 	movx	a,@dptr
      000230 70 07            [24] 1383 	jnz	00121$
                                   1384 ;	C:\Users\tonyp\AppData\Local\Arduino15\packages\CH55xDuino\hardware\mcs51\0.0.23\cores\ch55xduino\wiring_digital.c:376: P4_OUT &= ~bit;
      000232 ED               [12] 1385 	mov	a,r5
      000233 F4               [12] 1386 	cpl	a
      000234 FF               [12] 1387 	mov	r7,a
      000235 52 C0            [12] 1388 	anl	_P4_OUT,a
      000237 80 03            [24] 1389 	sjmp	00124$
      000239                       1390 00121$:
                                   1391 ;	C:\Users\tonyp\AppData\Local\Arduino15\packages\CH55xDuino\hardware\mcs51\0.0.23\cores\ch55xduino\wiring_digital.c:378: P4_OUT |= bit;
      000239 ED               [12] 1392 	mov	a,r5
      00023A 42 C0            [12] 1393 	orl	_P4_OUT,a
                                   1394 ;	C:\Users\tonyp\AppData\Local\Arduino15\packages\CH55xDuino\hardware\mcs51\0.0.23\cores\ch55xduino\wiring_digital.c:385: }
      00023C                       1395 00124$:
                                   1396 ;	C:\Users\tonyp\AppData\Local\Arduino15\packages\CH55xDuino\hardware\mcs51\0.0.23\cores\ch55xduino\wiring_digital.c:387: if (interruptOn)
      00023C EE               [12] 1397 	mov	a,r6
      00023D 60 02            [24] 1398 	jz	00127$
                                   1399 ;	C:\Users\tonyp\AppData\Local\Arduino15\packages\CH55xDuino\hardware\mcs51\0.0.23\cores\ch55xduino\wiring_digital.c:388: EA = 1;
                                   1400 ;	assignBit
      00023F D2 AF            [12] 1401 	setb	_EA
      000241                       1402 00127$:
                                   1403 ;	C:\Users\tonyp\AppData\Local\Arduino15\packages\CH55xDuino\hardware\mcs51\0.0.23\cores\ch55xduino\wiring_digital.c:389: }
      000241 22               [24] 1404 	ret
                                   1405 	.area CSEG    (CODE)
                                   1406 	.area CONST   (CODE)
      000000                       1407 _digital_pin_to_pwm_PGM:
      000000 00                    1408 	.db #0x00	; 0
      000001 00                    1409 	.db #0x00	; 0
      000002 00                    1410 	.db #0x00	; 0
      000003 00                    1411 	.db #0x00	; 0
      000004 00                    1412 	.db #0x00	; 0
      000005 00                    1413 	.db #0x00	; 0
      000006 00                    1414 	.db #0x00	; 0
      000007 00                    1415 	.db #0x00	; 0
      000008 00                    1416 	.db #0x00	; 0
      000009 00                    1417 	.db #0x00	; 0
      00000A 00                    1418 	.db #0x00	; 0
      00000B 00                    1419 	.db #0x00	; 0
      00000C 03                    1420 	.db #0x03	; 3
      00000D 00                    1421 	.db #0x00	; 0
      00000E 00                    1422 	.db #0x00	; 0
      00000F 00                    1423 	.db #0x00	; 0
      000010 00                    1424 	.db #0x00	; 0
      000011 00                    1425 	.db #0x00	; 0
      000012 00                    1426 	.db #0x00	; 0
      000013 00                    1427 	.db #0x00	; 0
      000014 00                    1428 	.db #0x00	; 0
      000015 00                    1429 	.db #0x00	; 0
      000016 00                    1430 	.db #0x00	; 0
      000017 00                    1431 	.db #0x00	; 0
      000018 01                    1432 	.db #0x01	; 1
      000019 02                    1433 	.db #0x02	; 2
      00001A 00                    1434 	.db #0x00	; 0
      00001B 00                    1435 	.db #0x00	; 0
      00001C 00                    1436 	.db #0x00	; 0
      00001D 00                    1437 	.db #0x00	; 0
      00001E 00                    1438 	.db #0x00	; 0
      00001F 00                    1439 	.db #0x00	; 0
      000020 00                    1440 	.db #0x00	; 0
      000021 00                    1441 	.db #0x00	; 0
      000022 00                    1442 	.db #0x00	; 0
      000023 00                    1443 	.db #0x00	; 0
      000024 00                    1444 	.db #0x00	; 0
      000025 00                    1445 	.db #0x00	; 0
      000026 00                    1446 	.db #0x00	; 0
      000027 00                    1447 	.db #0x00	; 0
      000028 00                    1448 	.db #0x00	; 0
      000029 00                    1449 	.db #0x00	; 0
      00002A 06                    1450 	.db #0x06	; 6
      00002B 04                    1451 	.db #0x04	; 4
      00002C 00                    1452 	.db #0x00	; 0
      00002D 05                    1453 	.db #0x05	; 5
      00002E 00                    1454 	.db #0x00	; 0
      00002F 00                    1455 	.db #0x00	; 0
      000030 00                    1456 	.db #0x00	; 0
      000031 00                    1457 	.db #0x00	; 0
      000032 00                    1458 	.db #0x00	; 0
      000033 00                    1459 	.db #0x00	; 0
      000034 00                    1460 	.db #0x00	; 0
      000035 00                    1461 	.db #0x00	; 0
      000036 00                    1462 	.db #0x00	; 0
      000037 00                    1463 	.db #0x00	; 0
      000038 00                    1464 	.db #0x00	; 0
      000039 00                    1465 	.db #0x00	; 0
      00003A 00                    1466 	.db #0x00	; 0
      00003B 00                    1467 	.db #0x00	; 0
      00003C                       1468 _digital_pin_to_port_PGM:
      00003C 01                    1469 	.db #0x01	; 1
      00003D 01                    1470 	.db #0x01	; 1
      00003E 01                    1471 	.db #0x01	; 1
      00003F 01                    1472 	.db #0x01	; 1
      000040 01                    1473 	.db #0x01	; 1
      000041 01                    1474 	.db #0x01	; 1
      000042 01                    1475 	.db #0x01	; 1
      000043 01                    1476 	.db #0x01	; 1
      000044 00                    1477 	.db #0x00	; 0
      000045 00                    1478 	.db #0x00	; 0
      000046 02                    1479 	.db #0x02	; 2
      000047 02                    1480 	.db #0x02	; 2
      000048 02                    1481 	.db #0x02	; 2
      000049 02                    1482 	.db #0x02	; 2
      00004A 02                    1483 	.db #0x02	; 2
      00004B 02                    1484 	.db #0x02	; 2
      00004C 02                    1485 	.db #0x02	; 2
      00004D 02                    1486 	.db #0x02	; 2
      00004E 00                    1487 	.db #0x00	; 0
      00004F 00                    1488 	.db #0x00	; 0
      000050 03                    1489 	.db #0x03	; 3
      000051 03                    1490 	.db #0x03	; 3
      000052 03                    1491 	.db #0x03	; 3
      000053 03                    1492 	.db #0x03	; 3
      000054 03                    1493 	.db #0x03	; 3
      000055 03                    1494 	.db #0x03	; 3
      000056 03                    1495 	.db #0x03	; 3
      000057 03                    1496 	.db #0x03	; 3
      000058 00                    1497 	.db #0x00	; 0
      000059 00                    1498 	.db #0x00	; 0
      00005A 04                    1499 	.db #0x04	; 4
      00005B 04                    1500 	.db #0x04	; 4
      00005C 04                    1501 	.db #0x04	; 4
      00005D 04                    1502 	.db #0x04	; 4
      00005E 04                    1503 	.db #0x04	; 4
      00005F 04                    1504 	.db #0x04	; 4
      000060 04                    1505 	.db #0x04	; 4
      000061 04                    1506 	.db #0x04	; 4
      000062 00                    1507 	.db #0x00	; 0
      000063 00                    1508 	.db #0x00	; 0
      000064 05                    1509 	.db #0x05	; 5
      000065 05                    1510 	.db #0x05	; 5
      000066 05                    1511 	.db #0x05	; 5
      000067 05                    1512 	.db #0x05	; 5
      000068 05                    1513 	.db #0x05	; 5
      000069 05                    1514 	.db #0x05	; 5
      00006A 05                    1515 	.db #0x05	; 5
      00006B 05                    1516 	.db #0x05	; 5
      00006C 00                    1517 	.db #0x00	; 0
      00006D 00                    1518 	.db #0x00	; 0
      00006E 06                    1519 	.db #0x06	; 6
      00006F 06                    1520 	.db #0x06	; 6
      000070 06                    1521 	.db #0x06	; 6
      000071 06                    1522 	.db #0x06	; 6
      000072 06                    1523 	.db #0x06	; 6
      000073 06                    1524 	.db #0x06	; 6
      000074 06                    1525 	.db #0x06	; 6
      000075 06                    1526 	.db #0x06	; 6
      000076 00                    1527 	.db #0x00	; 0
      000077 00                    1528 	.db #0x00	; 0
      000078                       1529 _digital_pin_to_bit_mask_PGM:
      000078 01                    1530 	.db #0x01	; 1
      000079 02                    1531 	.db #0x02	; 2
      00007A 04                    1532 	.db #0x04	; 4
      00007B 08                    1533 	.db #0x08	; 8
      00007C 10                    1534 	.db #0x10	; 16
      00007D 20                    1535 	.db #0x20	; 32
      00007E 40                    1536 	.db #0x40	; 64
      00007F 80                    1537 	.db #0x80	; 128
      000080 00                    1538 	.db #0x00	; 0
      000081 00                    1539 	.db #0x00	; 0
      000082 01                    1540 	.db #0x01	; 1
      000083 02                    1541 	.db #0x02	; 2
      000084 04                    1542 	.db #0x04	; 4
      000085 08                    1543 	.db #0x08	; 8
      000086 10                    1544 	.db #0x10	; 16
      000087 20                    1545 	.db #0x20	; 32
      000088 40                    1546 	.db #0x40	; 64
      000089 80                    1547 	.db #0x80	; 128
      00008A 00                    1548 	.db #0x00	; 0
      00008B 00                    1549 	.db #0x00	; 0
      00008C 01                    1550 	.db #0x01	; 1
      00008D 02                    1551 	.db #0x02	; 2
      00008E 04                    1552 	.db #0x04	; 4
      00008F 08                    1553 	.db #0x08	; 8
      000090 10                    1554 	.db #0x10	; 16
      000091 20                    1555 	.db #0x20	; 32
      000092 40                    1556 	.db #0x40	; 64
      000093 80                    1557 	.db #0x80	; 128
      000094 00                    1558 	.db #0x00	; 0
      000095 00                    1559 	.db #0x00	; 0
      000096 01                    1560 	.db #0x01	; 1
      000097 02                    1561 	.db #0x02	; 2
      000098 04                    1562 	.db #0x04	; 4
      000099 08                    1563 	.db #0x08	; 8
      00009A 10                    1564 	.db #0x10	; 16
      00009B 20                    1565 	.db #0x20	; 32
      00009C 40                    1566 	.db #0x40	; 64
      00009D 80                    1567 	.db #0x80	; 128
      00009E 00                    1568 	.db #0x00	; 0
      00009F 00                    1569 	.db #0x00	; 0
      0000A0 01                    1570 	.db #0x01	; 1
      0000A1 02                    1571 	.db #0x02	; 2
      0000A2 04                    1572 	.db #0x04	; 4
      0000A3 08                    1573 	.db #0x08	; 8
      0000A4 10                    1574 	.db #0x10	; 16
      0000A5 20                    1575 	.db #0x20	; 32
      0000A6 40                    1576 	.db #0x40	; 64
      0000A7 80                    1577 	.db #0x80	; 128
      0000A8 00                    1578 	.db #0x00	; 0
      0000A9 00                    1579 	.db #0x00	; 0
      0000AA 01                    1580 	.db #0x01	; 1
      0000AB 02                    1581 	.db #0x02	; 2
      0000AC 04                    1582 	.db #0x04	; 4
      0000AD 08                    1583 	.db #0x08	; 8
      0000AE 10                    1584 	.db #0x10	; 16
      0000AF 20                    1585 	.db #0x20	; 32
      0000B0 40                    1586 	.db #0x40	; 64
      0000B1 80                    1587 	.db #0x80	; 128
      0000B2 00                    1588 	.db #0x00	; 0
      0000B3 00                    1589 	.db #0x00	; 0
      0000B4                       1590 _digital_pin_to_channel_PGM:
      0000B4 FF                    1591 	.db #0xff	; 255
      0000B5 FF                    1592 	.db #0xff	; 255
      0000B6 FF                    1593 	.db #0xff	; 255
      0000B7 FF                    1594 	.db #0xff	; 255
      0000B8 FF                    1595 	.db #0xff	; 255
      0000B9 FF                    1596 	.db #0xff	; 255
      0000BA FF                    1597 	.db #0xff	; 255
      0000BB FF                    1598 	.db #0xff	; 255
      0000BC FF                    1599 	.db #0xff	; 255
      0000BD FF                    1600 	.db #0xff	; 255
      0000BE 00                    1601 	.db #0x00	; 0
      0000BF 01                    1602 	.db #0x01	; 1
      0000C0 02                    1603 	.db #0x02	; 2
      0000C1 03                    1604 	.db #0x03	; 3
      0000C2 04                    1605 	.db #0x04	; 4
      0000C3 05                    1606 	.db #0x05	; 5
      0000C4 06                    1607 	.db #0x06	; 6
      0000C5 07                    1608 	.db #0x07	; 7
      0000C6 FF                    1609 	.db #0xff	; 255
      0000C7 FF                    1610 	.db #0xff	; 255
      0000C8 FF                    1611 	.db #0xff	; 255
      0000C9 FF                    1612 	.db #0xff	; 255
      0000CA FF                    1613 	.db #0xff	; 255
      0000CB FF                    1614 	.db #0xff	; 255
      0000CC FF                    1615 	.db #0xff	; 255
      0000CD FF                    1616 	.db #0xff	; 255
      0000CE FF                    1617 	.db #0xff	; 255
      0000CF FF                    1618 	.db #0xff	; 255
      0000D0 FF                    1619 	.db #0xff	; 255
      0000D1 FF                    1620 	.db #0xff	; 255
      0000D2 FF                    1621 	.db #0xff	; 255
      0000D3 FF                    1622 	.db #0xff	; 255
      0000D4 FF                    1623 	.db #0xff	; 255
      0000D5 FF                    1624 	.db #0xff	; 255
      0000D6 FF                    1625 	.db #0xff	; 255
      0000D7 FF                    1626 	.db #0xff	; 255
      0000D8 FF                    1627 	.db #0xff	; 255
      0000D9 FF                    1628 	.db #0xff	; 255
      0000DA FF                    1629 	.db #0xff	; 255
      0000DB FF                    1630 	.db #0xff	; 255
      0000DC FF                    1631 	.db #0xff	; 255
      0000DD FF                    1632 	.db #0xff	; 255
      0000DE FF                    1633 	.db #0xff	; 255
      0000DF FF                    1634 	.db #0xff	; 255
      0000E0 FF                    1635 	.db #0xff	; 255
      0000E1 FF                    1636 	.db #0xff	; 255
      0000E2 FF                    1637 	.db #0xff	; 255
      0000E3 FF                    1638 	.db #0xff	; 255
      0000E4 FF                    1639 	.db #0xff	; 255
      0000E5 FF                    1640 	.db #0xff	; 255
      0000E6 FF                    1641 	.db #0xff	; 255
      0000E7 FF                    1642 	.db #0xff	; 255
      0000E8 FF                    1643 	.db #0xff	; 255
      0000E9 FF                    1644 	.db #0xff	; 255
      0000EA FF                    1645 	.db #0xff	; 255
      0000EB FF                    1646 	.db #0xff	; 255
      0000EC FF                    1647 	.db #0xff	; 255
      0000ED FF                    1648 	.db #0xff	; 255
      0000EE FF                    1649 	.db #0xff	; 255
      0000EF FF                    1650 	.db #0xff	; 255
                                   1651 	.area XINIT   (CODE)
                                   1652 	.area CABS    (ABS,CODE)
