                                      1 ;--------------------------------------------------------
                                      2 ; File Created by SDCC : free open source ISO C Compiler 
                                      3 ; Version 4.2.2 #13407 (MINGW32)
                                      4 ;--------------------------------------------------------
                                      5 	.module USBhandler
                                      6 	.optsdcc -mmcs51 --model-large
                                      7 	
                                      8 ;--------------------------------------------------------
                                      9 ; Public variables in this module
                                     10 ;--------------------------------------------------------
                                     11 	.globl _USBDeviceEndPointCfg
                                     12 	.globl _USBDeviceIntCfg
                                     13 	.globl _USBDeviceCfg
                                     14 	.globl _USB_EP1_IN
                                     15 	.globl _USB_EP0_OUT
                                     16 	.globl _USB_EP0_IN
                                     17 	.globl _USB_EP0_SETUP
                                     18 	.globl _USB_EP2_OUT
                                     19 	.globl _USB_EP2_IN
                                     20 	.globl _setControlLineStateHandler
                                     21 	.globl _getLineCodingHandler
                                     22 	.globl _setLineCodingHandler
                                     23 	.globl _resetCDCParameters
                                     24 	.globl _UIF_BUS_RST
                                     25 	.globl _UIF_DETECT
                                     26 	.globl _UIF_TRANSFER
                                     27 	.globl _UIF_SUSPEND
                                     28 	.globl _UIF_HST_SOF
                                     29 	.globl _UIF_FIFO_OV
                                     30 	.globl _U_SIE_FREE
                                     31 	.globl _U_TOG_OK
                                     32 	.globl _U_IS_NAK
                                     33 	.globl _ADC_CHAN0
                                     34 	.globl _ADC_CHAN1
                                     35 	.globl _CMP_CHAN
                                     36 	.globl _ADC_START
                                     37 	.globl _ADC_IF
                                     38 	.globl _CMP_IF
                                     39 	.globl _CMPO
                                     40 	.globl _U1RI
                                     41 	.globl _U1TI
                                     42 	.globl _U1RB8
                                     43 	.globl _U1TB8
                                     44 	.globl _U1REN
                                     45 	.globl _U1SMOD
                                     46 	.globl _U1SM0
                                     47 	.globl _S0_R_FIFO
                                     48 	.globl _S0_T_FIFO
                                     49 	.globl _S0_FREE
                                     50 	.globl _S0_IF_BYTE
                                     51 	.globl _S0_IF_FIRST
                                     52 	.globl _S0_IF_OV
                                     53 	.globl _S0_FST_ACT
                                     54 	.globl _CP_RL2
                                     55 	.globl _C_T2
                                     56 	.globl _TR2
                                     57 	.globl _EXEN2
                                     58 	.globl _TCLK
                                     59 	.globl _RCLK
                                     60 	.globl _EXF2
                                     61 	.globl _CAP1F
                                     62 	.globl _TF2
                                     63 	.globl _RI
                                     64 	.globl _TI
                                     65 	.globl _RB8
                                     66 	.globl _TB8
                                     67 	.globl _REN
                                     68 	.globl _SM2
                                     69 	.globl _SM1
                                     70 	.globl _SM0
                                     71 	.globl _IT0
                                     72 	.globl _IE0
                                     73 	.globl _IT1
                                     74 	.globl _IE1
                                     75 	.globl _TR0
                                     76 	.globl _TF0
                                     77 	.globl _TR1
                                     78 	.globl _TF1
                                     79 	.globl _P3_0
                                     80 	.globl _P3_1
                                     81 	.globl _P3_2
                                     82 	.globl _P3_3
                                     83 	.globl _P3_4
                                     84 	.globl _P3_5
                                     85 	.globl _P3_6
                                     86 	.globl _P3_7
                                     87 	.globl _RXD
                                     88 	.globl _PWM1_
                                     89 	.globl _TXD
                                     90 	.globl _PWM2_
                                     91 	.globl _AIN3
                                     92 	.globl _VBUS1
                                     93 	.globl _INT0
                                     94 	.globl _TXD1_
                                     95 	.globl _INT1
                                     96 	.globl _T0
                                     97 	.globl _RXD1_
                                     98 	.globl _PWM2
                                     99 	.globl _T1
                                    100 	.globl _UDP
                                    101 	.globl _UDM
                                    102 	.globl _P1_0
                                    103 	.globl _P1_1
                                    104 	.globl _P1_2
                                    105 	.globl _P1_3
                                    106 	.globl _P1_4
                                    107 	.globl _P1_5
                                    108 	.globl _P1_6
                                    109 	.globl _P1_7
                                    110 	.globl _TIN0
                                    111 	.globl _CAP1
                                    112 	.globl _T2
                                    113 	.globl _AIN0
                                    114 	.globl _VBUS2
                                    115 	.globl _TIN1
                                    116 	.globl _CAP2
                                    117 	.globl _T2EX
                                    118 	.globl _RXD_
                                    119 	.globl _TXD_
                                    120 	.globl _AIN1
                                    121 	.globl _UCC1
                                    122 	.globl _TIN2
                                    123 	.globl _SCS
                                    124 	.globl _CAP1_
                                    125 	.globl _T2_
                                    126 	.globl _AIN2
                                    127 	.globl _UCC2
                                    128 	.globl _TIN3
                                    129 	.globl _PWM1
                                    130 	.globl _MOSI
                                    131 	.globl _TIN4
                                    132 	.globl _RXD1
                                    133 	.globl _MISO
                                    134 	.globl _TIN5
                                    135 	.globl _TXD1
                                    136 	.globl _SCK
                                    137 	.globl _IE_SPI0
                                    138 	.globl _IE_TKEY
                                    139 	.globl _IE_USB
                                    140 	.globl _IE_ADC
                                    141 	.globl _IE_UART1
                                    142 	.globl _IE_PWMX
                                    143 	.globl _IE_GPIO
                                    144 	.globl _IE_WDOG
                                    145 	.globl _PX0
                                    146 	.globl _PT0
                                    147 	.globl _PX1
                                    148 	.globl _PT1
                                    149 	.globl _PS
                                    150 	.globl _PT2
                                    151 	.globl _PL_FLAG
                                    152 	.globl _PH_FLAG
                                    153 	.globl _EX0
                                    154 	.globl _ET0
                                    155 	.globl _EX1
                                    156 	.globl _ET1
                                    157 	.globl _ES
                                    158 	.globl _ET2
                                    159 	.globl _E_DIS
                                    160 	.globl _EA
                                    161 	.globl _P
                                    162 	.globl _F1
                                    163 	.globl _OV
                                    164 	.globl _RS0
                                    165 	.globl _RS1
                                    166 	.globl _F0
                                    167 	.globl _AC
                                    168 	.globl _CY
                                    169 	.globl _UEP1_DMA_H
                                    170 	.globl _UEP1_DMA_L
                                    171 	.globl _UEP1_DMA
                                    172 	.globl _UEP0_DMA_H
                                    173 	.globl _UEP0_DMA_L
                                    174 	.globl _UEP0_DMA
                                    175 	.globl _UEP2_3_MOD
                                    176 	.globl _UEP4_1_MOD
                                    177 	.globl _UEP3_DMA_H
                                    178 	.globl _UEP3_DMA_L
                                    179 	.globl _UEP3_DMA
                                    180 	.globl _UEP2_DMA_H
                                    181 	.globl _UEP2_DMA_L
                                    182 	.globl _UEP2_DMA
                                    183 	.globl _USB_DEV_AD
                                    184 	.globl _USB_CTRL
                                    185 	.globl _USB_INT_EN
                                    186 	.globl _UEP4_T_LEN
                                    187 	.globl _UEP4_CTRL
                                    188 	.globl _UEP0_T_LEN
                                    189 	.globl _UEP0_CTRL
                                    190 	.globl _USB_RX_LEN
                                    191 	.globl _USB_MIS_ST
                                    192 	.globl _USB_INT_ST
                                    193 	.globl _USB_INT_FG
                                    194 	.globl _UEP3_T_LEN
                                    195 	.globl _UEP3_CTRL
                                    196 	.globl _UEP2_T_LEN
                                    197 	.globl _UEP2_CTRL
                                    198 	.globl _UEP1_T_LEN
                                    199 	.globl _UEP1_CTRL
                                    200 	.globl _UDEV_CTRL
                                    201 	.globl _USB_C_CTRL
                                    202 	.globl _TKEY_DATH
                                    203 	.globl _TKEY_DATL
                                    204 	.globl _TKEY_DAT
                                    205 	.globl _TKEY_CTRL
                                    206 	.globl _ADC_DATA
                                    207 	.globl _ADC_CFG
                                    208 	.globl _ADC_CTRL
                                    209 	.globl _SBAUD1
                                    210 	.globl _SBUF1
                                    211 	.globl _SCON1
                                    212 	.globl _SPI0_SETUP
                                    213 	.globl _SPI0_CK_SE
                                    214 	.globl _SPI0_CTRL
                                    215 	.globl _SPI0_DATA
                                    216 	.globl _SPI0_STAT
                                    217 	.globl _PWM_CK_SE
                                    218 	.globl _PWM_CTRL
                                    219 	.globl _PWM_DATA1
                                    220 	.globl _PWM_DATA2
                                    221 	.globl _T2CAP1H
                                    222 	.globl _T2CAP1L
                                    223 	.globl _T2CAP1
                                    224 	.globl _TH2
                                    225 	.globl _TL2
                                    226 	.globl _T2COUNT
                                    227 	.globl _RCAP2H
                                    228 	.globl _RCAP2L
                                    229 	.globl _RCAP2
                                    230 	.globl _T2MOD
                                    231 	.globl _T2CON
                                    232 	.globl _SBUF
                                    233 	.globl _SCON
                                    234 	.globl _TH1
                                    235 	.globl _TH0
                                    236 	.globl _TL1
                                    237 	.globl _TL0
                                    238 	.globl _TMOD
                                    239 	.globl _TCON
                                    240 	.globl _XBUS_AUX
                                    241 	.globl _PIN_FUNC
                                    242 	.globl _P3_DIR_PU
                                    243 	.globl _P3_MOD_OC
                                    244 	.globl _P3
                                    245 	.globl _P2
                                    246 	.globl _P1_DIR_PU
                                    247 	.globl _P1_MOD_OC
                                    248 	.globl _P1
                                    249 	.globl _ROM_CTRL
                                    250 	.globl _ROM_DATA_H
                                    251 	.globl _ROM_DATA_L
                                    252 	.globl _ROM_DATA
                                    253 	.globl _ROM_ADDR_H
                                    254 	.globl _ROM_ADDR_L
                                    255 	.globl _ROM_ADDR
                                    256 	.globl _GPIO_IE
                                    257 	.globl _IP_EX
                                    258 	.globl _IE_EX
                                    259 	.globl _IP
                                    260 	.globl _IE
                                    261 	.globl _WDOG_COUNT
                                    262 	.globl _RESET_KEEP
                                    263 	.globl _WAKE_CTRL
                                    264 	.globl _CLOCK_CFG
                                    265 	.globl _PCON
                                    266 	.globl _GLOBAL_CFG
                                    267 	.globl _SAFE_MOD
                                    268 	.globl _DPH
                                    269 	.globl _DPL
                                    270 	.globl _SP
                                    271 	.globl _B
                                    272 	.globl _ACC
                                    273 	.globl _PSW
                                    274 	.globl _UsbConfig
                                    275 	.globl _Ep2Buffer
                                    276 	.globl _Ep1Buffer
                                    277 	.globl _Ep0Buffer
                                    278 	.globl _pDescr
                                    279 	.globl _SetupReq
                                    280 	.globl _SetupLen
                                    281 	.globl _USBInterrupt
                                    282 ;--------------------------------------------------------
                                    283 ; special function registers
                                    284 ;--------------------------------------------------------
                                    285 	.area RSEG    (ABS,DATA)
      000000                        286 	.org 0x0000
                           0000D0   287 _PSW	=	0x00d0
                           0000E0   288 _ACC	=	0x00e0
                           0000F0   289 _B	=	0x00f0
                           000081   290 _SP	=	0x0081
                           000082   291 _DPL	=	0x0082
                           000083   292 _DPH	=	0x0083
                           0000A1   293 _SAFE_MOD	=	0x00a1
                           0000B1   294 _GLOBAL_CFG	=	0x00b1
                           000087   295 _PCON	=	0x0087
                           0000B9   296 _CLOCK_CFG	=	0x00b9
                           0000A9   297 _WAKE_CTRL	=	0x00a9
                           0000FE   298 _RESET_KEEP	=	0x00fe
                           0000FF   299 _WDOG_COUNT	=	0x00ff
                           0000A8   300 _IE	=	0x00a8
                           0000B8   301 _IP	=	0x00b8
                           0000E8   302 _IE_EX	=	0x00e8
                           0000E9   303 _IP_EX	=	0x00e9
                           0000C7   304 _GPIO_IE	=	0x00c7
                           008584   305 _ROM_ADDR	=	0x8584
                           000084   306 _ROM_ADDR_L	=	0x0084
                           000085   307 _ROM_ADDR_H	=	0x0085
                           008F8E   308 _ROM_DATA	=	0x8f8e
                           00008E   309 _ROM_DATA_L	=	0x008e
                           00008F   310 _ROM_DATA_H	=	0x008f
                           000086   311 _ROM_CTRL	=	0x0086
                           000090   312 _P1	=	0x0090
                           000092   313 _P1_MOD_OC	=	0x0092
                           000093   314 _P1_DIR_PU	=	0x0093
                           0000A0   315 _P2	=	0x00a0
                           0000B0   316 _P3	=	0x00b0
                           000096   317 _P3_MOD_OC	=	0x0096
                           000097   318 _P3_DIR_PU	=	0x0097
                           0000C6   319 _PIN_FUNC	=	0x00c6
                           0000A2   320 _XBUS_AUX	=	0x00a2
                           000088   321 _TCON	=	0x0088
                           000089   322 _TMOD	=	0x0089
                           00008A   323 _TL0	=	0x008a
                           00008B   324 _TL1	=	0x008b
                           00008C   325 _TH0	=	0x008c
                           00008D   326 _TH1	=	0x008d
                           000098   327 _SCON	=	0x0098
                           000099   328 _SBUF	=	0x0099
                           0000C8   329 _T2CON	=	0x00c8
                           0000C9   330 _T2MOD	=	0x00c9
                           00CBCA   331 _RCAP2	=	0xcbca
                           0000CA   332 _RCAP2L	=	0x00ca
                           0000CB   333 _RCAP2H	=	0x00cb
                           00CDCC   334 _T2COUNT	=	0xcdcc
                           0000CC   335 _TL2	=	0x00cc
                           0000CD   336 _TH2	=	0x00cd
                           00CFCE   337 _T2CAP1	=	0xcfce
                           0000CE   338 _T2CAP1L	=	0x00ce
                           0000CF   339 _T2CAP1H	=	0x00cf
                           00009B   340 _PWM_DATA2	=	0x009b
                           00009C   341 _PWM_DATA1	=	0x009c
                           00009D   342 _PWM_CTRL	=	0x009d
                           00009E   343 _PWM_CK_SE	=	0x009e
                           0000F8   344 _SPI0_STAT	=	0x00f8
                           0000F9   345 _SPI0_DATA	=	0x00f9
                           0000FA   346 _SPI0_CTRL	=	0x00fa
                           0000FB   347 _SPI0_CK_SE	=	0x00fb
                           0000FC   348 _SPI0_SETUP	=	0x00fc
                           0000C0   349 _SCON1	=	0x00c0
                           0000C1   350 _SBUF1	=	0x00c1
                           0000C2   351 _SBAUD1	=	0x00c2
                           000080   352 _ADC_CTRL	=	0x0080
                           00009A   353 _ADC_CFG	=	0x009a
                           00009F   354 _ADC_DATA	=	0x009f
                           0000C3   355 _TKEY_CTRL	=	0x00c3
                           00C5C4   356 _TKEY_DAT	=	0xc5c4
                           0000C4   357 _TKEY_DATL	=	0x00c4
                           0000C5   358 _TKEY_DATH	=	0x00c5
                           000091   359 _USB_C_CTRL	=	0x0091
                           0000D1   360 _UDEV_CTRL	=	0x00d1
                           0000D2   361 _UEP1_CTRL	=	0x00d2
                           0000D3   362 _UEP1_T_LEN	=	0x00d3
                           0000D4   363 _UEP2_CTRL	=	0x00d4
                           0000D5   364 _UEP2_T_LEN	=	0x00d5
                           0000D6   365 _UEP3_CTRL	=	0x00d6
                           0000D7   366 _UEP3_T_LEN	=	0x00d7
                           0000D8   367 _USB_INT_FG	=	0x00d8
                           0000D9   368 _USB_INT_ST	=	0x00d9
                           0000DA   369 _USB_MIS_ST	=	0x00da
                           0000DB   370 _USB_RX_LEN	=	0x00db
                           0000DC   371 _UEP0_CTRL	=	0x00dc
                           0000DD   372 _UEP0_T_LEN	=	0x00dd
                           0000DE   373 _UEP4_CTRL	=	0x00de
                           0000DF   374 _UEP4_T_LEN	=	0x00df
                           0000E1   375 _USB_INT_EN	=	0x00e1
                           0000E2   376 _USB_CTRL	=	0x00e2
                           0000E3   377 _USB_DEV_AD	=	0x00e3
                           00E5E4   378 _UEP2_DMA	=	0xe5e4
                           0000E4   379 _UEP2_DMA_L	=	0x00e4
                           0000E5   380 _UEP2_DMA_H	=	0x00e5
                           00E7E6   381 _UEP3_DMA	=	0xe7e6
                           0000E6   382 _UEP3_DMA_L	=	0x00e6
                           0000E7   383 _UEP3_DMA_H	=	0x00e7
                           0000EA   384 _UEP4_1_MOD	=	0x00ea
                           0000EB   385 _UEP2_3_MOD	=	0x00eb
                           00EDEC   386 _UEP0_DMA	=	0xedec
                           0000EC   387 _UEP0_DMA_L	=	0x00ec
                           0000ED   388 _UEP0_DMA_H	=	0x00ed
                           00EFEE   389 _UEP1_DMA	=	0xefee
                           0000EE   390 _UEP1_DMA_L	=	0x00ee
                           0000EF   391 _UEP1_DMA_H	=	0x00ef
                                    392 ;--------------------------------------------------------
                                    393 ; special function bits
                                    394 ;--------------------------------------------------------
                                    395 	.area RSEG    (ABS,DATA)
      000000                        396 	.org 0x0000
                           0000D7   397 _CY	=	0x00d7
                           0000D6   398 _AC	=	0x00d6
                           0000D5   399 _F0	=	0x00d5
                           0000D4   400 _RS1	=	0x00d4
                           0000D3   401 _RS0	=	0x00d3
                           0000D2   402 _OV	=	0x00d2
                           0000D1   403 _F1	=	0x00d1
                           0000D0   404 _P	=	0x00d0
                           0000AF   405 _EA	=	0x00af
                           0000AE   406 _E_DIS	=	0x00ae
                           0000AD   407 _ET2	=	0x00ad
                           0000AC   408 _ES	=	0x00ac
                           0000AB   409 _ET1	=	0x00ab
                           0000AA   410 _EX1	=	0x00aa
                           0000A9   411 _ET0	=	0x00a9
                           0000A8   412 _EX0	=	0x00a8
                           0000BF   413 _PH_FLAG	=	0x00bf
                           0000BE   414 _PL_FLAG	=	0x00be
                           0000BD   415 _PT2	=	0x00bd
                           0000BC   416 _PS	=	0x00bc
                           0000BB   417 _PT1	=	0x00bb
                           0000BA   418 _PX1	=	0x00ba
                           0000B9   419 _PT0	=	0x00b9
                           0000B8   420 _PX0	=	0x00b8
                           0000EF   421 _IE_WDOG	=	0x00ef
                           0000EE   422 _IE_GPIO	=	0x00ee
                           0000ED   423 _IE_PWMX	=	0x00ed
                           0000EC   424 _IE_UART1	=	0x00ec
                           0000EB   425 _IE_ADC	=	0x00eb
                           0000EA   426 _IE_USB	=	0x00ea
                           0000E9   427 _IE_TKEY	=	0x00e9
                           0000E8   428 _IE_SPI0	=	0x00e8
                           000097   429 _SCK	=	0x0097
                           000097   430 _TXD1	=	0x0097
                           000097   431 _TIN5	=	0x0097
                           000096   432 _MISO	=	0x0096
                           000096   433 _RXD1	=	0x0096
                           000096   434 _TIN4	=	0x0096
                           000095   435 _MOSI	=	0x0095
                           000095   436 _PWM1	=	0x0095
                           000095   437 _TIN3	=	0x0095
                           000095   438 _UCC2	=	0x0095
                           000095   439 _AIN2	=	0x0095
                           000094   440 _T2_	=	0x0094
                           000094   441 _CAP1_	=	0x0094
                           000094   442 _SCS	=	0x0094
                           000094   443 _TIN2	=	0x0094
                           000094   444 _UCC1	=	0x0094
                           000094   445 _AIN1	=	0x0094
                           000093   446 _TXD_	=	0x0093
                           000092   447 _RXD_	=	0x0092
                           000091   448 _T2EX	=	0x0091
                           000091   449 _CAP2	=	0x0091
                           000091   450 _TIN1	=	0x0091
                           000091   451 _VBUS2	=	0x0091
                           000091   452 _AIN0	=	0x0091
                           000090   453 _T2	=	0x0090
                           000090   454 _CAP1	=	0x0090
                           000090   455 _TIN0	=	0x0090
                           000097   456 _P1_7	=	0x0097
                           000096   457 _P1_6	=	0x0096
                           000095   458 _P1_5	=	0x0095
                           000094   459 _P1_4	=	0x0094
                           000093   460 _P1_3	=	0x0093
                           000092   461 _P1_2	=	0x0092
                           000091   462 _P1_1	=	0x0091
                           000090   463 _P1_0	=	0x0090
                           0000B7   464 _UDM	=	0x00b7
                           0000B6   465 _UDP	=	0x00b6
                           0000B5   466 _T1	=	0x00b5
                           0000B4   467 _PWM2	=	0x00b4
                           0000B4   468 _RXD1_	=	0x00b4
                           0000B4   469 _T0	=	0x00b4
                           0000B3   470 _INT1	=	0x00b3
                           0000B2   471 _TXD1_	=	0x00b2
                           0000B2   472 _INT0	=	0x00b2
                           0000B2   473 _VBUS1	=	0x00b2
                           0000B2   474 _AIN3	=	0x00b2
                           0000B1   475 _PWM2_	=	0x00b1
                           0000B1   476 _TXD	=	0x00b1
                           0000B0   477 _PWM1_	=	0x00b0
                           0000B0   478 _RXD	=	0x00b0
                           0000B7   479 _P3_7	=	0x00b7
                           0000B6   480 _P3_6	=	0x00b6
                           0000B5   481 _P3_5	=	0x00b5
                           0000B4   482 _P3_4	=	0x00b4
                           0000B3   483 _P3_3	=	0x00b3
                           0000B2   484 _P3_2	=	0x00b2
                           0000B1   485 _P3_1	=	0x00b1
                           0000B0   486 _P3_0	=	0x00b0
                           00008F   487 _TF1	=	0x008f
                           00008E   488 _TR1	=	0x008e
                           00008D   489 _TF0	=	0x008d
                           00008C   490 _TR0	=	0x008c
                           00008B   491 _IE1	=	0x008b
                           00008A   492 _IT1	=	0x008a
                           000089   493 _IE0	=	0x0089
                           000088   494 _IT0	=	0x0088
                           00009F   495 _SM0	=	0x009f
                           00009E   496 _SM1	=	0x009e
                           00009D   497 _SM2	=	0x009d
                           00009C   498 _REN	=	0x009c
                           00009B   499 _TB8	=	0x009b
                           00009A   500 _RB8	=	0x009a
                           000099   501 _TI	=	0x0099
                           000098   502 _RI	=	0x0098
                           0000CF   503 _TF2	=	0x00cf
                           0000CF   504 _CAP1F	=	0x00cf
                           0000CE   505 _EXF2	=	0x00ce
                           0000CD   506 _RCLK	=	0x00cd
                           0000CC   507 _TCLK	=	0x00cc
                           0000CB   508 _EXEN2	=	0x00cb
                           0000CA   509 _TR2	=	0x00ca
                           0000C9   510 _C_T2	=	0x00c9
                           0000C8   511 _CP_RL2	=	0x00c8
                           0000FF   512 _S0_FST_ACT	=	0x00ff
                           0000FE   513 _S0_IF_OV	=	0x00fe
                           0000FD   514 _S0_IF_FIRST	=	0x00fd
                           0000FC   515 _S0_IF_BYTE	=	0x00fc
                           0000FB   516 _S0_FREE	=	0x00fb
                           0000FA   517 _S0_T_FIFO	=	0x00fa
                           0000F8   518 _S0_R_FIFO	=	0x00f8
                           0000C7   519 _U1SM0	=	0x00c7
                           0000C5   520 _U1SMOD	=	0x00c5
                           0000C4   521 _U1REN	=	0x00c4
                           0000C3   522 _U1TB8	=	0x00c3
                           0000C2   523 _U1RB8	=	0x00c2
                           0000C1   524 _U1TI	=	0x00c1
                           0000C0   525 _U1RI	=	0x00c0
                           000087   526 _CMPO	=	0x0087
                           000086   527 _CMP_IF	=	0x0086
                           000085   528 _ADC_IF	=	0x0085
                           000084   529 _ADC_START	=	0x0084
                           000083   530 _CMP_CHAN	=	0x0083
                           000081   531 _ADC_CHAN1	=	0x0081
                           000080   532 _ADC_CHAN0	=	0x0080
                           0000DF   533 _U_IS_NAK	=	0x00df
                           0000DE   534 _U_TOG_OK	=	0x00de
                           0000DD   535 _U_SIE_FREE	=	0x00dd
                           0000DC   536 _UIF_FIFO_OV	=	0x00dc
                           0000DB   537 _UIF_HST_SOF	=	0x00db
                           0000DA   538 _UIF_SUSPEND	=	0x00da
                           0000D9   539 _UIF_TRANSFER	=	0x00d9
                           0000D8   540 _UIF_DETECT	=	0x00d8
                           0000D8   541 _UIF_BUS_RST	=	0x00d8
                                    542 ;--------------------------------------------------------
                                    543 ; overlayable register banks
                                    544 ;--------------------------------------------------------
                                    545 	.area REG_BANK_0	(REL,OVR,DATA)
      000000                        546 	.ds 8
                                    547 ;--------------------------------------------------------
                                    548 ; internal ram data
                                    549 ;--------------------------------------------------------
                                    550 	.area DSEG    (DATA)
      000000                        551 _SetupLen::
      000000                        552 	.ds 2
      000002                        553 _SetupReq::
      000002                        554 	.ds 1
      000003                        555 _pDescr::
      000003                        556 	.ds 2
                                    557 ;--------------------------------------------------------
                                    558 ; overlayable items in internal ram
                                    559 ;--------------------------------------------------------
                                    560 	.area	OSEG    (OVR,DATA)
                                    561 ;--------------------------------------------------------
                                    562 ; indirectly addressable internal ram data
                                    563 ;--------------------------------------------------------
                                    564 	.area ISEG    (DATA)
                                    565 ;--------------------------------------------------------
                                    566 ; absolute internal ram data
                                    567 ;--------------------------------------------------------
                                    568 	.area IABS    (ABS,DATA)
                                    569 	.area IABS    (ABS,DATA)
                                    570 ;--------------------------------------------------------
                                    571 ; bit data
                                    572 ;--------------------------------------------------------
                                    573 	.area BSEG    (BIT)
      000000                        574 _USB_EP0_SETUP_sloc0_1_0:
      000000                        575 	.ds 1
      000001                        576 _USB_EP0_IN_sloc0_1_0:
      000001                        577 	.ds 1
                                    578 ;--------------------------------------------------------
                                    579 ; paged external ram data
                                    580 ;--------------------------------------------------------
                                    581 	.area PSEG    (PAG,XDATA)
                                    582 ;--------------------------------------------------------
                                    583 ; uninitialized external ram data
                                    584 ;--------------------------------------------------------
                                    585 	.area XSEG    (XDATA)
                           000000   586 _Ep0Buffer	=	0x0000
                           00000A   587 _Ep1Buffer	=	0x000a
                           000014   588 _Ep2Buffer	=	0x0014
      000000                        589 _UsbConfig::
      000000                        590 	.ds 1
                                    591 ;--------------------------------------------------------
                                    592 ; absolute external ram data
                                    593 ;--------------------------------------------------------
                                    594 	.area XABS    (ABS,XDATA)
                                    595 ;--------------------------------------------------------
                                    596 ; initialized external ram data
                                    597 ;--------------------------------------------------------
                                    598 	.area XISEG   (XDATA)
                                    599 	.area HOME    (CODE)
                                    600 	.area GSINIT0 (CODE)
                                    601 	.area GSINIT1 (CODE)
                                    602 	.area GSINIT2 (CODE)
                                    603 	.area GSINIT3 (CODE)
                                    604 	.area GSINIT4 (CODE)
                                    605 	.area GSINIT5 (CODE)
                                    606 	.area GSINIT  (CODE)
                                    607 	.area GSFINAL (CODE)
                                    608 	.area CSEG    (CODE)
                                    609 ;--------------------------------------------------------
                                    610 ; global & static initialisations
                                    611 ;--------------------------------------------------------
                                    612 	.area HOME    (CODE)
                                    613 	.area GSINIT  (CODE)
                                    614 	.area GSFINAL (CODE)
                                    615 	.area GSINIT  (CODE)
                                    616 ;--------------------------------------------------------
                                    617 ; Home
                                    618 ;--------------------------------------------------------
                                    619 	.area HOME    (CODE)
                                    620 	.area HOME    (CODE)
                                    621 ;--------------------------------------------------------
                                    622 ; code
                                    623 ;--------------------------------------------------------
                                    624 	.area CSEG    (CODE)
                                    625 ;------------------------------------------------------------
                                    626 ;Allocation info for local variables in function 'USB_EP0_SETUP'
                                    627 ;------------------------------------------------------------
                                    628 ;len                       Allocated to registers r7 
                                    629 ;i                         Allocated to registers r4 
                                    630 ;------------------------------------------------------------
                                    631 ;	C:\Users\tonyp\AppData\Local\Arduino15\packages\CH55xDuino\hardware\mcs51\0.0.23\cores\ch55xduino\USBhandler.c:33: void USB_EP0_SETUP() {
                                    632 ;	-----------------------------------------
                                    633 ;	 function USB_EP0_SETUP
                                    634 ;	-----------------------------------------
      000000                        635 _USB_EP0_SETUP:
                           000007   636 	ar7 = 0x07
                           000006   637 	ar6 = 0x06
                           000005   638 	ar5 = 0x05
                           000004   639 	ar4 = 0x04
                           000003   640 	ar3 = 0x03
                           000002   641 	ar2 = 0x02
                           000001   642 	ar1 = 0x01
                           000000   643 	ar0 = 0x00
                                    644 ;	C:\Users\tonyp\AppData\Local\Arduino15\packages\CH55xDuino\hardware\mcs51\0.0.23\cores\ch55xduino\USBhandler.c:34: __data uint8_t len = USB_RX_LEN;
      000000 AF DB            [24]  645 	mov	r7,_USB_RX_LEN
                                    646 ;	C:\Users\tonyp\AppData\Local\Arduino15\packages\CH55xDuino\hardware\mcs51\0.0.23\cores\ch55xduino\USBhandler.c:35: if (len == (sizeof(USB_SETUP_REQ))) {
      000002 BF 08 02         [24]  647 	cjne	r7,#0x08,00442$
      000005 80 03            [24]  648 	sjmp	00443$
      000007                        649 00442$:
      000007 02r03rC0         [24]  650 	ljmp	00196$
      00000A                        651 00443$:
                                    652 ;	C:\Users\tonyp\AppData\Local\Arduino15\packages\CH55xDuino\hardware\mcs51\0.0.23\cores\ch55xduino\USBhandler.c:36: SetupLen = ((uint16_t)UsbSetupBuf->wLengthH << 8) | (UsbSetupBuf->wLengthL);
      00000A 90 00 07         [24]  653 	mov	dptr,#(_Ep0Buffer + 0x0007)
      00000D E0               [24]  654 	movx	a,@dptr
      00000E FE               [12]  655 	mov	r6,a
      00000F 7F 00            [12]  656 	mov	r7,#0x00
      000011 90 00 06         [24]  657 	mov	dptr,#(_Ep0Buffer + 0x0006)
      000014 E0               [24]  658 	movx	a,@dptr
      000015 FD               [12]  659 	mov	r5,a
      000016 7C 00            [12]  660 	mov	r4,#0x00
      000018 4F               [12]  661 	orl	a,r7
      000019 F5*00            [12]  662 	mov	_SetupLen,a
      00001B EC               [12]  663 	mov	a,r4
      00001C 4E               [12]  664 	orl	a,r6
      00001D F5*01            [12]  665 	mov	(_SetupLen + 1),a
                                    666 ;	C:\Users\tonyp\AppData\Local\Arduino15\packages\CH55xDuino\hardware\mcs51\0.0.23\cores\ch55xduino\USBhandler.c:37: len = 0; // Default is success and upload 0 length
      00001F 7F 00            [12]  667 	mov	r7,#0x00
                                    668 ;	C:\Users\tonyp\AppData\Local\Arduino15\packages\CH55xDuino\hardware\mcs51\0.0.23\cores\ch55xduino\USBhandler.c:38: SetupReq = UsbSetupBuf->bRequest;
      000021 90 00 01         [24]  669 	mov	dptr,#(_Ep0Buffer + 0x0001)
      000024 E0               [24]  670 	movx	a,@dptr
      000025 F5*02            [12]  671 	mov	_SetupReq,a
                                    672 ;	C:\Users\tonyp\AppData\Local\Arduino15\packages\CH55xDuino\hardware\mcs51\0.0.23\cores\ch55xduino\USBhandler.c:39: if ((UsbSetupBuf->bRequestType & USB_REQ_TYP_MASK) !=
      000027 90 00 00         [24]  673 	mov	dptr,#_Ep0Buffer
      00002A E0               [24]  674 	movx	a,@dptr
      00002B FE               [12]  675 	mov	r6,a
      00002C 54 60            [12]  676 	anl	a,#0x60
      00002E 60 53            [24]  677 	jz	00193$
                                    678 ;	C:\Users\tonyp\AppData\Local\Arduino15\packages\CH55xDuino\hardware\mcs51\0.0.23\cores\ch55xduino\USBhandler.c:46: switch ((UsbSetupBuf->bRequestType & USB_REQ_TYP_MASK)) {
      000030 90 00 00         [24]  679 	mov	dptr,#_Ep0Buffer
      000033 E0               [24]  680 	movx	a,@dptr
      000034 FE               [12]  681 	mov	r6,a
      000035 53 06 60         [24]  682 	anl	ar6,#0x60
      000038 7D 00            [12]  683 	mov	r5,#0x00
      00003A BE 20 05         [24]  684 	cjne	r6,#0x20,00445$
      00003D BD 00 02         [24]  685 	cjne	r5,#0x00,00445$
      000040 80 0B            [24]  686 	sjmp	00104$
      000042                        687 00445$:
      000042 BE 40 39         [24]  688 	cjne	r6,#0x40,00110$
      000045 BD 00 36         [24]  689 	cjne	r5,#0x00,00110$
                                    690 ;	C:\Users\tonyp\AppData\Local\Arduino15\packages\CH55xDuino\hardware\mcs51\0.0.23\cores\ch55xduino\USBhandler.c:50: len = 0xFF; // command not supported
      000048 7F FF            [12]  691 	mov	r7,#0xff
                                    692 ;	C:\Users\tonyp\AppData\Local\Arduino15\packages\CH55xDuino\hardware\mcs51\0.0.23\cores\ch55xduino\USBhandler.c:53: break;
      00004A 02r03rC2         [24]  693 	ljmp	00197$
                                    694 ;	C:\Users\tonyp\AppData\Local\Arduino15\packages\CH55xDuino\hardware\mcs51\0.0.23\cores\ch55xduino\USBhandler.c:55: case USB_REQ_TYP_CLASS: {
      00004D                        695 00104$:
                                    696 ;	C:\Users\tonyp\AppData\Local\Arduino15\packages\CH55xDuino\hardware\mcs51\0.0.23\cores\ch55xduino\USBhandler.c:56: switch (SetupReq) {
      00004D 74 20            [12]  697 	mov	a,#0x20
      00004F B5*02 03         [24]  698 	cjne	a,_SetupReq,00448$
      000052 02r03rC2         [24]  699 	ljmp	00197$
      000055                        700 00448$:
      000055 74 21            [12]  701 	mov	a,#0x21
      000057 B5*02 02         [24]  702 	cjne	a,_SetupReq,00449$
      00005A 80 07            [24]  703 	sjmp	00105$
      00005C                        704 00449$:
      00005C 74 22            [12]  705 	mov	a,#0x22
                                    706 ;	C:\Users\tonyp\AppData\Local\Arduino15\packages\CH55xDuino\hardware\mcs51\0.0.23\cores\ch55xduino\USBhandler.c:57: case GET_LINE_CODING: // 0x21  currently configured
      00005E B5*02 18         [24]  707 	cjne	a,_SetupReq,00108$
      000061 80 0C            [24]  708 	sjmp	00106$
      000063                        709 00105$:
                                    710 ;	C:\Users\tonyp\AppData\Local\Arduino15\packages\CH55xDuino\hardware\mcs51\0.0.23\cores\ch55xduino\USBhandler.c:58: len = getLineCodingHandler();
      000063 12r00r00         [24]  711 	lcall	_getLineCodingHandler
      000066 AD 82            [24]  712 	mov	r5,dpl
      000068 AE 83            [24]  713 	mov	r6,dph
      00006A 8D 07            [24]  714 	mov	ar7,r5
                                    715 ;	C:\Users\tonyp\AppData\Local\Arduino15\packages\CH55xDuino\hardware\mcs51\0.0.23\cores\ch55xduino\USBhandler.c:59: break;
      00006C 02r03rC2         [24]  716 	ljmp	00197$
                                    717 ;	C:\Users\tonyp\AppData\Local\Arduino15\packages\CH55xDuino\hardware\mcs51\0.0.23\cores\ch55xduino\USBhandler.c:60: case SET_CONTROL_LINE_STATE: // 0x22  generates RS-232/V.24 style
      00006F                        718 00106$:
                                    719 ;	C:\Users\tonyp\AppData\Local\Arduino15\packages\CH55xDuino\hardware\mcs51\0.0.23\cores\ch55xduino\USBhandler.c:62: setControlLineStateHandler();
      00006F C0 07            [24]  720 	push	ar7
      000071 12r00r00         [24]  721 	lcall	_setControlLineStateHandler
      000074 D0 07            [24]  722 	pop	ar7
                                    723 ;	C:\Users\tonyp\AppData\Local\Arduino15\packages\CH55xDuino\hardware\mcs51\0.0.23\cores\ch55xduino\USBhandler.c:63: break;
      000076 02r03rC2         [24]  724 	ljmp	00197$
                                    725 ;	C:\Users\tonyp\AppData\Local\Arduino15\packages\CH55xDuino\hardware\mcs51\0.0.23\cores\ch55xduino\USBhandler.c:67: default:
      000079                        726 00108$:
                                    727 ;	C:\Users\tonyp\AppData\Local\Arduino15\packages\CH55xDuino\hardware\mcs51\0.0.23\cores\ch55xduino\USBhandler.c:68: len = 0xFF; // command not supported
      000079 7F FF            [12]  728 	mov	r7,#0xff
                                    729 ;	C:\Users\tonyp\AppData\Local\Arduino15\packages\CH55xDuino\hardware\mcs51\0.0.23\cores\ch55xduino\USBhandler.c:71: break;
      00007B 02r03rC2         [24]  730 	ljmp	00197$
                                    731 ;	C:\Users\tonyp\AppData\Local\Arduino15\packages\CH55xDuino\hardware\mcs51\0.0.23\cores\ch55xduino\USBhandler.c:73: default:
      00007E                        732 00110$:
                                    733 ;	C:\Users\tonyp\AppData\Local\Arduino15\packages\CH55xDuino\hardware\mcs51\0.0.23\cores\ch55xduino\USBhandler.c:74: len = 0xFF; // command not supported
      00007E 7F FF            [12]  734 	mov	r7,#0xff
                                    735 ;	C:\Users\tonyp\AppData\Local\Arduino15\packages\CH55xDuino\hardware\mcs51\0.0.23\cores\ch55xduino\USBhandler.c:76: }
      000080 02r03rC2         [24]  736 	ljmp	00197$
      000083                        737 00193$:
                                    738 ;	C:\Users\tonyp\AppData\Local\Arduino15\packages\CH55xDuino\hardware\mcs51\0.0.23\cores\ch55xduino\USBhandler.c:80: switch (SetupReq) // Request ccfType
      000083 E5*02            [12]  739 	mov	a,_SetupReq
      000085 24 F4            [12]  740 	add	a,#0xff - 0x0b
      000087 50 03            [24]  741 	jnc	00451$
      000089 02r03rBC         [24]  742 	ljmp	00190$
      00008C                        743 00451$:
      00008C E5*02            [12]  744 	mov	a,_SetupReq
      00008E 24 0B            [12]  745 	add	a,#(00452$-3-.)
      000090 83               [24]  746 	movc	a,@a+pc
      000091 F5 82            [12]  747 	mov	dpl,a
      000093 E5*02            [12]  748 	mov	a,_SetupReq
      000095 24 10            [12]  749 	add	a,#(00453$-3-.)
      000097 83               [24]  750 	movc	a,@a+pc
      000098 F5 83            [12]  751 	mov	dph,a
      00009A E4               [12]  752 	clr	a
      00009B 73               [24]  753 	jmp	@a+dptr
      00009C                        754 00452$:
      00009Cr9E                     755 	.db	00186$
      00009DrCC                     756 	.db	00137$
      00009ErBC                     757 	.db	00190$
      00009Fr8C                     758 	.db	00160$
      0000A0rBC                     759 	.db	00190$
      0000A1r96                     760 	.db	00130$
      0000A2rB4                     761 	.db	00112$
      0000A3rBC                     762 	.db	00190$
      0000A4rA3                     763 	.db	00131$
      0000A5rC0                     764 	.db	00134$
      0000A6rC2                     765 	.db	00197$
      0000A7rC2                     766 	.db	00197$
      0000A8                        767 00453$:
      0000A8s03                     768 	.db	00186$>>8
      0000A9s01                     769 	.db	00137$>>8
      0000AAs03                     770 	.db	00190$>>8
      0000ABs02                     771 	.db	00160$>>8
      0000ACs03                     772 	.db	00190$>>8
      0000ADs01                     773 	.db	00130$>>8
      0000AEs00                     774 	.db	00112$>>8
      0000AFs03                     775 	.db	00190$>>8
      0000B0s01                     776 	.db	00131$>>8
      0000B1s01                     777 	.db	00134$>>8
      0000B2s03                     778 	.db	00197$>>8
      0000B3s03                     779 	.db	00197$>>8
                                    780 ;	C:\Users\tonyp\AppData\Local\Arduino15\packages\CH55xDuino\hardware\mcs51\0.0.23\cores\ch55xduino\USBhandler.c:82: case USB_GET_DESCRIPTOR:
      0000B4                        781 00112$:
                                    782 ;	C:\Users\tonyp\AppData\Local\Arduino15\packages\CH55xDuino\hardware\mcs51\0.0.23\cores\ch55xduino\USBhandler.c:83: switch (UsbSetupBuf->wValueH) {
      0000B4 90 00 03         [24]  783 	mov	dptr,#(_Ep0Buffer + 0x0003)
      0000B7 E0               [24]  784 	movx	a,@dptr
      0000B8 FE               [12]  785 	mov	r6,a
      0000B9 BE 01 02         [24]  786 	cjne	r6,#0x01,00454$
      0000BC 80 0A            [24]  787 	sjmp	00113$
      0000BE                        788 00454$:
      0000BE BE 02 02         [24]  789 	cjne	r6,#0x02,00455$
      0000C1 80 0F            [24]  790 	sjmp	00114$
      0000C3                        791 00455$:
                                    792 ;	C:\Users\tonyp\AppData\Local\Arduino15\packages\CH55xDuino\hardware\mcs51\0.0.23\cores\ch55xduino\USBhandler.c:84: case 1: // Device Descriptor
      0000C3 BE 03 60         [24]  793 	cjne	r6,#0x03,00123$
      0000C6 80 14            [24]  794 	sjmp	00115$
      0000C8                        795 00113$:
                                    796 ;	C:\Users\tonyp\AppData\Local\Arduino15\packages\CH55xDuino\hardware\mcs51\0.0.23\cores\ch55xduino\USBhandler.c:86: DeviceDescriptor; // Put Device Descriptor into outgoing buffer
      0000C8 75*03r00         [24]  797 	mov	_pDescr,#_DeviceDescriptor
      0000CB 75*04s00         [24]  798 	mov	(_pDescr + 1),#(_DeviceDescriptor >> 8)
                                    799 ;	C:\Users\tonyp\AppData\Local\Arduino15\packages\CH55xDuino\hardware\mcs51\0.0.23\cores\ch55xduino\USBhandler.c:87: len = sizeof(USB_Descriptor_Device_t);
      0000CE 7F 12            [12]  800 	mov	r7,#0x12
                                    801 ;	C:\Users\tonyp\AppData\Local\Arduino15\packages\CH55xDuino\hardware\mcs51\0.0.23\cores\ch55xduino\USBhandler.c:88: break;
                                    802 ;	C:\Users\tonyp\AppData\Local\Arduino15\packages\CH55xDuino\hardware\mcs51\0.0.23\cores\ch55xduino\USBhandler.c:89: case 2: // Configure Descriptor
      0000D0 80 56            [24]  803 	sjmp	00124$
      0000D2                        804 00114$:
                                    805 ;	C:\Users\tonyp\AppData\Local\Arduino15\packages\CH55xDuino\hardware\mcs51\0.0.23\cores\ch55xduino\USBhandler.c:90: pDescr = (__code uint8_t *)ConfigurationDescriptor;
      0000D2 75*03r00         [24]  806 	mov	_pDescr,#_ConfigurationDescriptor
      0000D5 75*04s00         [24]  807 	mov	(_pDescr + 1),#(_ConfigurationDescriptor >> 8)
                                    808 ;	C:\Users\tonyp\AppData\Local\Arduino15\packages\CH55xDuino\hardware\mcs51\0.0.23\cores\ch55xduino\USBhandler.c:91: len = sizeof(USB_Descriptor_Configuration_t);
      0000D8 7F 46            [12]  809 	mov	r7,#0x46
                                    810 ;	C:\Users\tonyp\AppData\Local\Arduino15\packages\CH55xDuino\hardware\mcs51\0.0.23\cores\ch55xduino\USBhandler.c:92: break;
                                    811 ;	C:\Users\tonyp\AppData\Local\Arduino15\packages\CH55xDuino\hardware\mcs51\0.0.23\cores\ch55xduino\USBhandler.c:93: case 3:
      0000DA 80 4C            [24]  812 	sjmp	00124$
      0000DC                        813 00115$:
                                    814 ;	C:\Users\tonyp\AppData\Local\Arduino15\packages\CH55xDuino\hardware\mcs51\0.0.23\cores\ch55xduino\USBhandler.c:94: switch (UsbSetupBuf->wValueL) {
      0000DC 90 00 02         [24]  815 	mov	dptr,#(_Ep0Buffer + 0x0002)
      0000DF E0               [24]  816 	movx	a,@dptr
      0000E0 FE               [12]  817 	mov  r6,a
      0000E1 24 FB            [12]  818 	add	a,#0xff - 0x04
      0000E3 40 36            [24]  819 	jc	00122$
      0000E5 EE               [12]  820 	mov	a,r6
      0000E6 2E               [12]  821 	add	a,r6
                                    822 ;	C:\Users\tonyp\AppData\Local\Arduino15\packages\CH55xDuino\hardware\mcs51\0.0.23\cores\ch55xduino\USBhandler.c:95: case 0:
      0000E7 90r00rEB         [24]  823 	mov	dptr,#00458$
      0000EA 73               [24]  824 	jmp	@a+dptr
      0000EB                        825 00458$:
      0000EB 80 08            [24]  826 	sjmp	00116$
      0000ED 80 0E            [24]  827 	sjmp	00117$
      0000EF 80 14            [24]  828 	sjmp	00118$
      0000F1 80 1A            [24]  829 	sjmp	00119$
      0000F3 80 20            [24]  830 	sjmp	00120$
      0000F5                        831 00116$:
                                    832 ;	C:\Users\tonyp\AppData\Local\Arduino15\packages\CH55xDuino\hardware\mcs51\0.0.23\cores\ch55xduino\USBhandler.c:96: pDescr = (__code uint8_t *)LanguageDescriptor;
      0000F5 75*03r00         [24]  833 	mov	_pDescr,#_LanguageDescriptor
      0000F8 75*04s00         [24]  834 	mov	(_pDescr + 1),#(_LanguageDescriptor >> 8)
                                    835 ;	C:\Users\tonyp\AppData\Local\Arduino15\packages\CH55xDuino\hardware\mcs51\0.0.23\cores\ch55xduino\USBhandler.c:97: break;
                                    836 ;	C:\Users\tonyp\AppData\Local\Arduino15\packages\CH55xDuino\hardware\mcs51\0.0.23\cores\ch55xduino\USBhandler.c:98: case 1:
      0000FB 80 1E            [24]  837 	sjmp	00122$
      0000FD                        838 00117$:
                                    839 ;	C:\Users\tonyp\AppData\Local\Arduino15\packages\CH55xDuino\hardware\mcs51\0.0.23\cores\ch55xduino\USBhandler.c:99: pDescr = (__code uint8_t *)ManufacturerDescriptor;
      0000FD 75*03r00         [24]  840 	mov	_pDescr,#_ManufacturerDescriptor
      000100 75*04s00         [24]  841 	mov	(_pDescr + 1),#(_ManufacturerDescriptor >> 8)
                                    842 ;	C:\Users\tonyp\AppData\Local\Arduino15\packages\CH55xDuino\hardware\mcs51\0.0.23\cores\ch55xduino\USBhandler.c:100: break;
                                    843 ;	C:\Users\tonyp\AppData\Local\Arduino15\packages\CH55xDuino\hardware\mcs51\0.0.23\cores\ch55xduino\USBhandler.c:101: case 2:
      000103 80 16            [24]  844 	sjmp	00122$
      000105                        845 00118$:
                                    846 ;	C:\Users\tonyp\AppData\Local\Arduino15\packages\CH55xDuino\hardware\mcs51\0.0.23\cores\ch55xduino\USBhandler.c:102: pDescr = (__code uint8_t *)ProductDescriptor;
      000105 75*03r00         [24]  847 	mov	_pDescr,#_ProductDescriptor
      000108 75*04s00         [24]  848 	mov	(_pDescr + 1),#(_ProductDescriptor >> 8)
                                    849 ;	C:\Users\tonyp\AppData\Local\Arduino15\packages\CH55xDuino\hardware\mcs51\0.0.23\cores\ch55xduino\USBhandler.c:103: break;
                                    850 ;	C:\Users\tonyp\AppData\Local\Arduino15\packages\CH55xDuino\hardware\mcs51\0.0.23\cores\ch55xduino\USBhandler.c:104: case 3:
      00010B 80 0E            [24]  851 	sjmp	00122$
      00010D                        852 00119$:
                                    853 ;	C:\Users\tonyp\AppData\Local\Arduino15\packages\CH55xDuino\hardware\mcs51\0.0.23\cores\ch55xduino\USBhandler.c:105: pDescr = (__code uint8_t *)SerialDescriptor;
      00010D 75*03r00         [24]  854 	mov	_pDescr,#_SerialDescriptor
      000110 75*04s00         [24]  855 	mov	(_pDescr + 1),#(_SerialDescriptor >> 8)
                                    856 ;	C:\Users\tonyp\AppData\Local\Arduino15\packages\CH55xDuino\hardware\mcs51\0.0.23\cores\ch55xduino\USBhandler.c:106: break;
                                    857 ;	C:\Users\tonyp\AppData\Local\Arduino15\packages\CH55xDuino\hardware\mcs51\0.0.23\cores\ch55xduino\USBhandler.c:107: case 4:
      000113 80 06            [24]  858 	sjmp	00122$
      000115                        859 00120$:
                                    860 ;	C:\Users\tonyp\AppData\Local\Arduino15\packages\CH55xDuino\hardware\mcs51\0.0.23\cores\ch55xduino\USBhandler.c:108: pDescr = (__code uint8_t *)CDCDescriptor;
      000115 75*03r00         [24]  861 	mov	_pDescr,#_CDCDescriptor
      000118 75*04s00         [24]  862 	mov	(_pDescr + 1),#(_CDCDescriptor >> 8)
                                    863 ;	C:\Users\tonyp\AppData\Local\Arduino15\packages\CH55xDuino\hardware\mcs51\0.0.23\cores\ch55xduino\USBhandler.c:113: }
      00011B                        864 00122$:
                                    865 ;	C:\Users\tonyp\AppData\Local\Arduino15\packages\CH55xDuino\hardware\mcs51\0.0.23\cores\ch55xduino\USBhandler.c:114: len = pDescr[0];
      00011B 85*03 82         [24]  866 	mov	dpl,_pDescr
      00011E 85*04 83         [24]  867 	mov	dph,(_pDescr + 1)
      000121 E4               [12]  868 	clr	a
      000122 93               [24]  869 	movc	a,@a+dptr
      000123 FF               [12]  870 	mov	r7,a
                                    871 ;	C:\Users\tonyp\AppData\Local\Arduino15\packages\CH55xDuino\hardware\mcs51\0.0.23\cores\ch55xduino\USBhandler.c:115: break;
                                    872 ;	C:\Users\tonyp\AppData\Local\Arduino15\packages\CH55xDuino\hardware\mcs51\0.0.23\cores\ch55xduino\USBhandler.c:116: default:
      000124 80 02            [24]  873 	sjmp	00124$
      000126                        874 00123$:
                                    875 ;	C:\Users\tonyp\AppData\Local\Arduino15\packages\CH55xDuino\hardware\mcs51\0.0.23\cores\ch55xduino\USBhandler.c:117: len = 0xff; // Unsupported descriptors or error
      000126 7F FF            [12]  876 	mov	r7,#0xff
                                    877 ;	C:\Users\tonyp\AppData\Local\Arduino15\packages\CH55xDuino\hardware\mcs51\0.0.23\cores\ch55xduino\USBhandler.c:119: }
      000128                        878 00124$:
                                    879 ;	C:\Users\tonyp\AppData\Local\Arduino15\packages\CH55xDuino\hardware\mcs51\0.0.23\cores\ch55xduino\USBhandler.c:120: if (len != 0xff) {
      000128 BF FF 03         [24]  880 	cjne	r7,#0xff,00459$
      00012B 02r03rC2         [24]  881 	ljmp	00197$
      00012E                        882 00459$:
                                    883 ;	C:\Users\tonyp\AppData\Local\Arduino15\packages\CH55xDuino\hardware\mcs51\0.0.23\cores\ch55xduino\USBhandler.c:121: if (SetupLen > len) {
      00012E 8F 05            [24]  884 	mov	ar5,r7
      000130 7E 00            [12]  885 	mov	r6,#0x00
      000132 C3               [12]  886 	clr	c
      000133 ED               [12]  887 	mov	a,r5
      000134 95*00            [12]  888 	subb	a,_SetupLen
      000136 EE               [12]  889 	mov	a,r6
      000137 95*01            [12]  890 	subb	a,(_SetupLen + 1)
      000139 50 04            [24]  891 	jnc	00126$
                                    892 ;	C:\Users\tonyp\AppData\Local\Arduino15\packages\CH55xDuino\hardware\mcs51\0.0.23\cores\ch55xduino\USBhandler.c:122: SetupLen = len; // Limit length
      00013B 8D*00            [24]  893 	mov	_SetupLen,r5
      00013D 8E*01            [24]  894 	mov	(_SetupLen + 1),r6
      00013F                        895 00126$:
                                    896 ;	C:\Users\tonyp\AppData\Local\Arduino15\packages\CH55xDuino\hardware\mcs51\0.0.23\cores\ch55xduino\USBhandler.c:125: ? DEFAULT_ENDP0_SIZE
      00013F AD*00            [24]  897 	mov	r5,_SetupLen
      000141 AE*01            [24]  898 	mov	r6,(_SetupLen + 1)
      000143 C3               [12]  899 	clr	c
      000144 ED               [12]  900 	mov	a,r5
      000145 94 08            [12]  901 	subb	a,#0x08
      000147 EE               [12]  902 	mov	a,r6
      000148 94 00            [12]  903 	subb	a,#0x00
      00014A 92*00            [24]  904 	mov	_USB_EP0_SETUP_sloc0_1_0,c
      00014C 40 06            [24]  905 	jc	00209$
      00014E 7B 08            [12]  906 	mov	r3,#0x08
      000150 7C 00            [12]  907 	mov	r4,#0x00
      000152 80 04            [24]  908 	sjmp	00210$
      000154                        909 00209$:
                                    910 ;	C:\Users\tonyp\AppData\Local\Arduino15\packages\CH55xDuino\hardware\mcs51\0.0.23\cores\ch55xduino\USBhandler.c:126: : SetupLen; // transmit length for this packet
      000154 AB*00            [24]  911 	mov	r3,_SetupLen
      000156 AC*01            [24]  912 	mov	r4,(_SetupLen + 1)
      000158                        913 00210$:
      000158 8B 07            [24]  914 	mov	ar7,r3
                                    915 ;	C:\Users\tonyp\AppData\Local\Arduino15\packages\CH55xDuino\hardware\mcs51\0.0.23\cores\ch55xduino\USBhandler.c:127: for (__data uint8_t i = 0; i < len; i++) {
      00015A 7C 00            [12]  916 	mov	r4,#0x00
      00015C                        917 00205$:
      00015C C3               [12]  918 	clr	c
      00015D EC               [12]  919 	mov	a,r4
      00015E 9F               [12]  920 	subb	a,r7
      00015F 50 19            [24]  921 	jnc	00127$
                                    922 ;	C:\Users\tonyp\AppData\Local\Arduino15\packages\CH55xDuino\hardware\mcs51\0.0.23\cores\ch55xduino\USBhandler.c:128: Ep0Buffer[i] = pDescr[i];
      000161 8C 02            [24]  923 	mov	ar2,r4
      000163 7B 00            [12]  924 	mov	r3,#(_Ep0Buffer >> 8)
      000165 EC               [12]  925 	mov	a,r4
      000166 25*03            [12]  926 	add	a,_pDescr
      000168 F5 82            [12]  927 	mov	dpl,a
      00016A E4               [12]  928 	clr	a
      00016B 35*04            [12]  929 	addc	a,(_pDescr + 1)
      00016D F5 83            [12]  930 	mov	dph,a
      00016F E4               [12]  931 	clr	a
      000170 93               [24]  932 	movc	a,@a+dptr
      000171 F9               [12]  933 	mov	r1,a
      000172 8A 82            [24]  934 	mov	dpl,r2
      000174 8B 83            [24]  935 	mov	dph,r3
      000176 F0               [24]  936 	movx	@dptr,a
                                    937 ;	C:\Users\tonyp\AppData\Local\Arduino15\packages\CH55xDuino\hardware\mcs51\0.0.23\cores\ch55xduino\USBhandler.c:127: for (__data uint8_t i = 0; i < len; i++) {
      000177 0C               [12]  938 	inc	r4
      000178 80 E2            [24]  939 	sjmp	00205$
      00017A                        940 00127$:
                                    941 ;	C:\Users\tonyp\AppData\Local\Arduino15\packages\CH55xDuino\hardware\mcs51\0.0.23\cores\ch55xduino\USBhandler.c:130: SetupLen -= len;
      00017A 8F 03            [24]  942 	mov	ar3,r7
      00017C 7C 00            [12]  943 	mov	r4,#0x00
      00017E ED               [12]  944 	mov	a,r5
      00017F C3               [12]  945 	clr	c
      000180 9B               [12]  946 	subb	a,r3
      000181 FD               [12]  947 	mov	r5,a
      000182 EE               [12]  948 	mov	a,r6
      000183 9C               [12]  949 	subb	a,r4
      000184 FE               [12]  950 	mov	r6,a
      000185 8D*00            [24]  951 	mov	_SetupLen,r5
      000187 8E*01            [24]  952 	mov	(_SetupLen + 1),r6
                                    953 ;	C:\Users\tonyp\AppData\Local\Arduino15\packages\CH55xDuino\hardware\mcs51\0.0.23\cores\ch55xduino\USBhandler.c:131: pDescr += len;
      000189 EF               [12]  954 	mov	a,r7
      00018A 25*03            [12]  955 	add	a,_pDescr
      00018C F5*03            [12]  956 	mov	_pDescr,a
      00018E E4               [12]  957 	clr	a
      00018F 35*04            [12]  958 	addc	a,(_pDescr + 1)
      000191 F5*04            [12]  959 	mov	(_pDescr + 1),a
                                    960 ;	C:\Users\tonyp\AppData\Local\Arduino15\packages\CH55xDuino\hardware\mcs51\0.0.23\cores\ch55xduino\USBhandler.c:133: break;
      000193 02r03rC2         [24]  961 	ljmp	00197$
                                    962 ;	C:\Users\tonyp\AppData\Local\Arduino15\packages\CH55xDuino\hardware\mcs51\0.0.23\cores\ch55xduino\USBhandler.c:134: case USB_SET_ADDRESS:
      000196                        963 00130$:
                                    964 ;	C:\Users\tonyp\AppData\Local\Arduino15\packages\CH55xDuino\hardware\mcs51\0.0.23\cores\ch55xduino\USBhandler.c:135: SetupLen = UsbSetupBuf->wValueL; // Save the assigned address
      000196 90 00 02         [24]  965 	mov	dptr,#(_Ep0Buffer + 0x0002)
      000199 E0               [24]  966 	movx	a,@dptr
      00019A FE               [12]  967 	mov	r6,a
      00019B 8E*00            [24]  968 	mov	_SetupLen,r6
      00019D 75*01 00         [24]  969 	mov	(_SetupLen + 1),#0x00
                                    970 ;	C:\Users\tonyp\AppData\Local\Arduino15\packages\CH55xDuino\hardware\mcs51\0.0.23\cores\ch55xduino\USBhandler.c:136: break;
      0001A0 02r03rC2         [24]  971 	ljmp	00197$
                                    972 ;	C:\Users\tonyp\AppData\Local\Arduino15\packages\CH55xDuino\hardware\mcs51\0.0.23\cores\ch55xduino\USBhandler.c:137: case USB_GET_CONFIGURATION:
      0001A3                        973 00131$:
                                    974 ;	C:\Users\tonyp\AppData\Local\Arduino15\packages\CH55xDuino\hardware\mcs51\0.0.23\cores\ch55xduino\USBhandler.c:138: Ep0Buffer[0] = UsbConfig;
      0001A3 90r00r00         [24]  975 	mov	dptr,#_UsbConfig
      0001A6 E0               [24]  976 	movx	a,@dptr
      0001A7 90 00 00         [24]  977 	mov	dptr,#_Ep0Buffer
      0001AA F0               [24]  978 	movx	@dptr,a
                                    979 ;	C:\Users\tonyp\AppData\Local\Arduino15\packages\CH55xDuino\hardware\mcs51\0.0.23\cores\ch55xduino\USBhandler.c:139: if (SetupLen >= 1) {
      0001AB AD*00            [24]  980 	mov	r5,_SetupLen
      0001AD AE*01            [24]  981 	mov	r6,(_SetupLen + 1)
      0001AF C3               [12]  982 	clr	c
      0001B0 ED               [12]  983 	mov	a,r5
      0001B1 94 01            [12]  984 	subb	a,#0x01
      0001B3 EE               [12]  985 	mov	a,r6
      0001B4 94 00            [12]  986 	subb	a,#0x00
      0001B6 50 03            [24]  987 	jnc	00463$
      0001B8 02r03rC2         [24]  988 	ljmp	00197$
      0001BB                        989 00463$:
                                    990 ;	C:\Users\tonyp\AppData\Local\Arduino15\packages\CH55xDuino\hardware\mcs51\0.0.23\cores\ch55xduino\USBhandler.c:140: len = 1;
      0001BB 7F 01            [12]  991 	mov	r7,#0x01
                                    992 ;	C:\Users\tonyp\AppData\Local\Arduino15\packages\CH55xDuino\hardware\mcs51\0.0.23\cores\ch55xduino\USBhandler.c:142: break;
      0001BD 02r03rC2         [24]  993 	ljmp	00197$
                                    994 ;	C:\Users\tonyp\AppData\Local\Arduino15\packages\CH55xDuino\hardware\mcs51\0.0.23\cores\ch55xduino\USBhandler.c:143: case USB_SET_CONFIGURATION:
      0001C0                        995 00134$:
                                    996 ;	C:\Users\tonyp\AppData\Local\Arduino15\packages\CH55xDuino\hardware\mcs51\0.0.23\cores\ch55xduino\USBhandler.c:144: UsbConfig = UsbSetupBuf->wValueL;
      0001C0 90 00 02         [24]  997 	mov	dptr,#(_Ep0Buffer + 0x0002)
      0001C3 E0               [24]  998 	movx	a,@dptr
      0001C4 FE               [12]  999 	mov	r6,a
      0001C5 90r00r00         [24] 1000 	mov	dptr,#_UsbConfig
      0001C8 F0               [24] 1001 	movx	@dptr,a
                                   1002 ;	C:\Users\tonyp\AppData\Local\Arduino15\packages\CH55xDuino\hardware\mcs51\0.0.23\cores\ch55xduino\USBhandler.c:145: break;
      0001C9 02r03rC2         [24] 1003 	ljmp	00197$
                                   1004 ;	C:\Users\tonyp\AppData\Local\Arduino15\packages\CH55xDuino\hardware\mcs51\0.0.23\cores\ch55xduino\USBhandler.c:150: case USB_CLEAR_FEATURE: // Clear Feature
      0001CC                       1005 00137$:
                                   1006 ;	C:\Users\tonyp\AppData\Local\Arduino15\packages\CH55xDuino\hardware\mcs51\0.0.23\cores\ch55xduino\USBhandler.c:151: if ((UsbSetupBuf->bRequestType & 0x1F) ==
      0001CC 90 00 00         [24] 1007 	mov	dptr,#_Ep0Buffer
      0001CF E0               [24] 1008 	movx	a,@dptr
      0001D0 54 1F            [12] 1009 	anl	a,#0x1f
      0001D2 70 2F            [24] 1010 	jnz	00158$
                                   1011 ;	C:\Users\tonyp\AppData\Local\Arduino15\packages\CH55xDuino\hardware\mcs51\0.0.23\cores\ch55xduino\USBhandler.c:154: if ((((uint16_t)UsbSetupBuf->wValueH << 8) | UsbSetupBuf->wValueL) ==
      0001D4 90 00 03         [24] 1012 	mov	dptr,#(_Ep0Buffer + 0x0003)
      0001D7 E0               [24] 1013 	movx	a,@dptr
      0001D8 FD               [12] 1014 	mov	r5,a
      0001D9 7E 00            [12] 1015 	mov	r6,#0x00
      0001DB 90 00 02         [24] 1016 	mov	dptr,#(_Ep0Buffer + 0x0002)
      0001DE E0               [24] 1017 	movx	a,@dptr
      0001DF FC               [12] 1018 	mov	r4,a
      0001E0 7B 00            [12] 1019 	mov	r3,#0x00
      0001E2 42 06            [12] 1020 	orl	ar6,a
      0001E4 EB               [12] 1021 	mov	a,r3
      0001E5 42 05            [12] 1022 	orl	ar5,a
      0001E7 BE 01 14         [24] 1023 	cjne	r6,#0x01,00142$
      0001EA BD 00 11         [24] 1024 	cjne	r5,#0x00,00142$
                                   1025 ;	C:\Users\tonyp\AppData\Local\Arduino15\packages\CH55xDuino\hardware\mcs51\0.0.23\cores\ch55xduino\USBhandler.c:156: if (ConfigurationDescriptor.Config.ConfigAttributes & 0x20) {
      0001ED 90r00r07         [24] 1026 	mov	dptr,#(_ConfigurationDescriptor + 0x0007)
      0001F0 E4               [12] 1027 	clr	a
      0001F1 93               [24] 1028 	movc	a,@a+dptr
      0001F2 FE               [12] 1029 	mov	r6,a
      0001F3 30 E5 03         [24] 1030 	jnb	acc.5,00468$
      0001F6 02r03rC2         [24] 1031 	ljmp	00197$
      0001F9                       1032 00468$:
                                   1033 ;	C:\Users\tonyp\AppData\Local\Arduino15\packages\CH55xDuino\hardware\mcs51\0.0.23\cores\ch55xduino\USBhandler.c:159: len = 0xFF; // Failed
      0001F9 7F FF            [12] 1034 	mov	r7,#0xff
      0001FB 02r03rC2         [24] 1035 	ljmp	00197$
      0001FE                       1036 00142$:
                                   1037 ;	C:\Users\tonyp\AppData\Local\Arduino15\packages\CH55xDuino\hardware\mcs51\0.0.23\cores\ch55xduino\USBhandler.c:162: len = 0xFF; // Failed
      0001FE 7F FF            [12] 1038 	mov	r7,#0xff
      000200 02r03rC2         [24] 1039 	ljmp	00197$
      000203                       1040 00158$:
                                   1041 ;	C:\Users\tonyp\AppData\Local\Arduino15\packages\CH55xDuino\hardware\mcs51\0.0.23\cores\ch55xduino\USBhandler.c:164: } else if ((UsbSetupBuf->bRequestType & USB_REQ_RECIP_MASK) ==
      000203 90 00 00         [24] 1042 	mov	dptr,#_Ep0Buffer
      000206 E0               [24] 1043 	movx	a,@dptr
      000207 FE               [12] 1044 	mov	r6,a
      000208 53 06 1F         [24] 1045 	anl	ar6,#0x1f
      00020B 7D 00            [12] 1046 	mov	r5,#0x00
      00020D BE 02 77         [24] 1047 	cjne	r6,#0x02,00155$
      000210 BD 00 74         [24] 1048 	cjne	r5,#0x00,00155$
                                   1049 ;	C:\Users\tonyp\AppData\Local\Arduino15\packages\CH55xDuino\hardware\mcs51\0.0.23\cores\ch55xduino\USBhandler.c:167: switch (UsbSetupBuf->wIndexL) {
      000213 90 00 04         [24] 1050 	mov	dptr,#(_Ep0Buffer + 0x0004)
      000216 E0               [24] 1051 	movx	a,@dptr
      000217 FE               [12] 1052 	mov	r6,a
      000218 BE 01 02         [24] 1053 	cjne	r6,#0x01,00471$
      00021B 80 5F            [24] 1054 	sjmp	00151$
      00021D                       1055 00471$:
      00021D BE 02 02         [24] 1056 	cjne	r6,#0x02,00472$
      000220 80 49            [24] 1057 	sjmp	00149$
      000222                       1058 00472$:
      000222 BE 03 02         [24] 1059 	cjne	r6,#0x03,00473$
      000225 80 33            [24] 1060 	sjmp	00147$
      000227                       1061 00473$:
      000227 BE 04 02         [24] 1062 	cjne	r6,#0x04,00474$
      00022A 80 1D            [24] 1063 	sjmp	00145$
      00022C                       1064 00474$:
      00022C BE 81 02         [24] 1065 	cjne	r6,#0x81,00475$
      00022F 80 40            [24] 1066 	sjmp	00150$
      000231                       1067 00475$:
      000231 BE 82 02         [24] 1068 	cjne	r6,#0x82,00476$
      000234 80 2A            [24] 1069 	sjmp	00148$
      000236                       1070 00476$:
      000236 BE 83 02         [24] 1071 	cjne	r6,#0x83,00477$
      000239 80 14            [24] 1072 	sjmp	00146$
      00023B                       1073 00477$:
      00023B BE 84 44         [24] 1074 	cjne	r6,#0x84,00152$
                                   1075 ;	C:\Users\tonyp\AppData\Local\Arduino15\packages\CH55xDuino\hardware\mcs51\0.0.23\cores\ch55xduino\USBhandler.c:170: UEP4_CTRL & ~(bUEP_T_TOG | MASK_UEP_T_RES) | UEP_T_RES_NAK;
      00023E 74 BC            [12] 1076 	mov	a,#0xbc
      000240 55 DE            [12] 1077 	anl	a,_UEP4_CTRL
      000242 44 02            [12] 1078 	orl	a,#0x02
      000244 F5 DE            [12] 1079 	mov	_UEP4_CTRL,a
                                   1080 ;	C:\Users\tonyp\AppData\Local\Arduino15\packages\CH55xDuino\hardware\mcs51\0.0.23\cores\ch55xduino\USBhandler.c:171: break;
      000246 02r03rC2         [24] 1081 	ljmp	00197$
                                   1082 ;	C:\Users\tonyp\AppData\Local\Arduino15\packages\CH55xDuino\hardware\mcs51\0.0.23\cores\ch55xduino\USBhandler.c:172: case 0x04:
      000249                       1083 00145$:
                                   1084 ;	C:\Users\tonyp\AppData\Local\Arduino15\packages\CH55xDuino\hardware\mcs51\0.0.23\cores\ch55xduino\USBhandler.c:174: UEP4_CTRL & ~(bUEP_R_TOG | MASK_UEP_R_RES) | UEP_R_RES_ACK;
      000249 53 DE 73         [24] 1085 	anl	_UEP4_CTRL,#0x73
                                   1086 ;	C:\Users\tonyp\AppData\Local\Arduino15\packages\CH55xDuino\hardware\mcs51\0.0.23\cores\ch55xduino\USBhandler.c:175: break;
      00024C 02r03rC2         [24] 1087 	ljmp	00197$
                                   1088 ;	C:\Users\tonyp\AppData\Local\Arduino15\packages\CH55xDuino\hardware\mcs51\0.0.23\cores\ch55xduino\USBhandler.c:176: case 0x83:
      00024F                       1089 00146$:
                                   1090 ;	C:\Users\tonyp\AppData\Local\Arduino15\packages\CH55xDuino\hardware\mcs51\0.0.23\cores\ch55xduino\USBhandler.c:178: UEP3_CTRL & ~(bUEP_T_TOG | MASK_UEP_T_RES) | UEP_T_RES_NAK;
      00024F 74 BC            [12] 1091 	mov	a,#0xbc
      000251 55 D6            [12] 1092 	anl	a,_UEP3_CTRL
      000253 44 02            [12] 1093 	orl	a,#0x02
      000255 F5 D6            [12] 1094 	mov	_UEP3_CTRL,a
                                   1095 ;	C:\Users\tonyp\AppData\Local\Arduino15\packages\CH55xDuino\hardware\mcs51\0.0.23\cores\ch55xduino\USBhandler.c:179: break;
      000257 02r03rC2         [24] 1096 	ljmp	00197$
                                   1097 ;	C:\Users\tonyp\AppData\Local\Arduino15\packages\CH55xDuino\hardware\mcs51\0.0.23\cores\ch55xduino\USBhandler.c:180: case 0x03:
      00025A                       1098 00147$:
                                   1099 ;	C:\Users\tonyp\AppData\Local\Arduino15\packages\CH55xDuino\hardware\mcs51\0.0.23\cores\ch55xduino\USBhandler.c:182: UEP3_CTRL & ~(bUEP_R_TOG | MASK_UEP_R_RES) | UEP_R_RES_ACK;
      00025A 53 D6 73         [24] 1100 	anl	_UEP3_CTRL,#0x73
                                   1101 ;	C:\Users\tonyp\AppData\Local\Arduino15\packages\CH55xDuino\hardware\mcs51\0.0.23\cores\ch55xduino\USBhandler.c:183: break;
      00025D 02r03rC2         [24] 1102 	ljmp	00197$
                                   1103 ;	C:\Users\tonyp\AppData\Local\Arduino15\packages\CH55xDuino\hardware\mcs51\0.0.23\cores\ch55xduino\USBhandler.c:184: case 0x82:
      000260                       1104 00148$:
                                   1105 ;	C:\Users\tonyp\AppData\Local\Arduino15\packages\CH55xDuino\hardware\mcs51\0.0.23\cores\ch55xduino\USBhandler.c:186: UEP2_CTRL & ~(bUEP_T_TOG | MASK_UEP_T_RES) | UEP_T_RES_NAK;
      000260 74 BC            [12] 1106 	mov	a,#0xbc
      000262 55 D4            [12] 1107 	anl	a,_UEP2_CTRL
      000264 44 02            [12] 1108 	orl	a,#0x02
      000266 F5 D4            [12] 1109 	mov	_UEP2_CTRL,a
                                   1110 ;	C:\Users\tonyp\AppData\Local\Arduino15\packages\CH55xDuino\hardware\mcs51\0.0.23\cores\ch55xduino\USBhandler.c:187: break;
      000268 02r03rC2         [24] 1111 	ljmp	00197$
                                   1112 ;	C:\Users\tonyp\AppData\Local\Arduino15\packages\CH55xDuino\hardware\mcs51\0.0.23\cores\ch55xduino\USBhandler.c:188: case 0x02:
      00026B                       1113 00149$:
                                   1114 ;	C:\Users\tonyp\AppData\Local\Arduino15\packages\CH55xDuino\hardware\mcs51\0.0.23\cores\ch55xduino\USBhandler.c:190: UEP2_CTRL & ~(bUEP_R_TOG | MASK_UEP_R_RES) | UEP_R_RES_ACK;
      00026B 53 D4 73         [24] 1115 	anl	_UEP2_CTRL,#0x73
                                   1116 ;	C:\Users\tonyp\AppData\Local\Arduino15\packages\CH55xDuino\hardware\mcs51\0.0.23\cores\ch55xduino\USBhandler.c:191: break;
      00026E 02r03rC2         [24] 1117 	ljmp	00197$
                                   1118 ;	C:\Users\tonyp\AppData\Local\Arduino15\packages\CH55xDuino\hardware\mcs51\0.0.23\cores\ch55xduino\USBhandler.c:192: case 0x81:
      000271                       1119 00150$:
                                   1120 ;	C:\Users\tonyp\AppData\Local\Arduino15\packages\CH55xDuino\hardware\mcs51\0.0.23\cores\ch55xduino\USBhandler.c:194: UEP1_CTRL & ~(bUEP_T_TOG | MASK_UEP_T_RES) | UEP_T_RES_NAK;
      000271 74 BC            [12] 1121 	mov	a,#0xbc
      000273 55 D2            [12] 1122 	anl	a,_UEP1_CTRL
      000275 44 02            [12] 1123 	orl	a,#0x02
      000277 F5 D2            [12] 1124 	mov	_UEP1_CTRL,a
                                   1125 ;	C:\Users\tonyp\AppData\Local\Arduino15\packages\CH55xDuino\hardware\mcs51\0.0.23\cores\ch55xduino\USBhandler.c:195: break;
      000279 02r03rC2         [24] 1126 	ljmp	00197$
                                   1127 ;	C:\Users\tonyp\AppData\Local\Arduino15\packages\CH55xDuino\hardware\mcs51\0.0.23\cores\ch55xduino\USBhandler.c:196: case 0x01:
      00027C                       1128 00151$:
                                   1129 ;	C:\Users\tonyp\AppData\Local\Arduino15\packages\CH55xDuino\hardware\mcs51\0.0.23\cores\ch55xduino\USBhandler.c:198: UEP1_CTRL & ~(bUEP_R_TOG | MASK_UEP_R_RES) | UEP_R_RES_ACK;
      00027C 53 D2 73         [24] 1130 	anl	_UEP1_CTRL,#0x73
                                   1131 ;	C:\Users\tonyp\AppData\Local\Arduino15\packages\CH55xDuino\hardware\mcs51\0.0.23\cores\ch55xduino\USBhandler.c:199: break;
      00027F 02r03rC2         [24] 1132 	ljmp	00197$
                                   1133 ;	C:\Users\tonyp\AppData\Local\Arduino15\packages\CH55xDuino\hardware\mcs51\0.0.23\cores\ch55xduino\USBhandler.c:200: default:
      000282                       1134 00152$:
                                   1135 ;	C:\Users\tonyp\AppData\Local\Arduino15\packages\CH55xDuino\hardware\mcs51\0.0.23\cores\ch55xduino\USBhandler.c:201: len = 0xFF; // Unsupported endpoint
      000282 7F FF            [12] 1136 	mov	r7,#0xff
                                   1137 ;	C:\Users\tonyp\AppData\Local\Arduino15\packages\CH55xDuino\hardware\mcs51\0.0.23\cores\ch55xduino\USBhandler.c:203: }
      000284 02r03rC2         [24] 1138 	ljmp	00197$
      000287                       1139 00155$:
                                   1140 ;	C:\Users\tonyp\AppData\Local\Arduino15\packages\CH55xDuino\hardware\mcs51\0.0.23\cores\ch55xduino\USBhandler.c:205: len = 0xFF; // Unsupported for non-endpoint
      000287 7F FF            [12] 1141 	mov	r7,#0xff
                                   1142 ;	C:\Users\tonyp\AppData\Local\Arduino15\packages\CH55xDuino\hardware\mcs51\0.0.23\cores\ch55xduino\USBhandler.c:207: break;
      000289 02r03rC2         [24] 1143 	ljmp	00197$
                                   1144 ;	C:\Users\tonyp\AppData\Local\Arduino15\packages\CH55xDuino\hardware\mcs51\0.0.23\cores\ch55xduino\USBhandler.c:208: case USB_SET_FEATURE: // Set Feature
      00028C                       1145 00160$:
                                   1146 ;	C:\Users\tonyp\AppData\Local\Arduino15\packages\CH55xDuino\hardware\mcs51\0.0.23\cores\ch55xduino\USBhandler.c:209: if ((UsbSetupBuf->bRequestType & 0x1F) ==
      00028C 90 00 00         [24] 1147 	mov	dptr,#_Ep0Buffer
      00028F E0               [24] 1148 	movx	a,@dptr
      000290 54 1F            [12] 1149 	anl	a,#0x1f
      000292 70 2F            [24] 1150 	jnz	00184$
                                   1151 ;	C:\Users\tonyp\AppData\Local\Arduino15\packages\CH55xDuino\hardware\mcs51\0.0.23\cores\ch55xduino\USBhandler.c:212: if ((((uint16_t)UsbSetupBuf->wValueH << 8) | UsbSetupBuf->wValueL) ==
      000294 90 00 03         [24] 1152 	mov	dptr,#(_Ep0Buffer + 0x0003)
      000297 E0               [24] 1153 	movx	a,@dptr
      000298 FD               [12] 1154 	mov	r5,a
      000299 7E 00            [12] 1155 	mov	r6,#0x00
      00029B 90 00 02         [24] 1156 	mov	dptr,#(_Ep0Buffer + 0x0002)
      00029E E0               [24] 1157 	movx	a,@dptr
      00029F FC               [12] 1158 	mov	r4,a
      0002A0 7B 00            [12] 1159 	mov	r3,#0x00
      0002A2 42 06            [12] 1160 	orl	ar6,a
      0002A4 EB               [12] 1161 	mov	a,r3
      0002A5 42 05            [12] 1162 	orl	ar5,a
      0002A7 BE 01 14         [24] 1163 	cjne	r6,#0x01,00165$
      0002AA BD 00 11         [24] 1164 	cjne	r5,#0x00,00165$
                                   1165 ;	C:\Users\tonyp\AppData\Local\Arduino15\packages\CH55xDuino\hardware\mcs51\0.0.23\cores\ch55xduino\USBhandler.c:214: if (ConfigurationDescriptor.Config.ConfigAttributes & 0x20) {
      0002AD 90r00r07         [24] 1166 	mov	dptr,#(_ConfigurationDescriptor + 0x0007)
      0002B0 E4               [12] 1167 	clr	a
      0002B1 93               [24] 1168 	movc	a,@a+dptr
      0002B2 FE               [12] 1169 	mov	r6,a
      0002B3 30 E5 03         [24] 1170 	jnb	acc.5,00484$
      0002B6 02r03rC2         [24] 1171 	ljmp	00197$
      0002B9                       1172 00484$:
                                   1173 ;	C:\Users\tonyp\AppData\Local\Arduino15\packages\CH55xDuino\hardware\mcs51\0.0.23\cores\ch55xduino\USBhandler.c:223: len = 0xFF; // Failed
      0002B9 7F FF            [12] 1174 	mov	r7,#0xff
      0002BB 02r03rC2         [24] 1175 	ljmp	00197$
      0002BE                       1176 00165$:
                                   1177 ;	C:\Users\tonyp\AppData\Local\Arduino15\packages\CH55xDuino\hardware\mcs51\0.0.23\cores\ch55xduino\USBhandler.c:226: len = 0xFF; // Failed
      0002BE 7F FF            [12] 1178 	mov	r7,#0xff
      0002C0 02r03rC2         [24] 1179 	ljmp	00197$
      0002C3                       1180 00184$:
                                   1181 ;	C:\Users\tonyp\AppData\Local\Arduino15\packages\CH55xDuino\hardware\mcs51\0.0.23\cores\ch55xduino\USBhandler.c:228: } else if ((UsbSetupBuf->bRequestType & 0x1F) ==
      0002C3 90 00 00         [24] 1182 	mov	dptr,#_Ep0Buffer
      0002C6 E0               [24] 1183 	movx	a,@dptr
      0002C7 FE               [12] 1184 	mov	r6,a
      0002C8 53 06 1F         [24] 1185 	anl	ar6,#0x1f
      0002CB 7D 00            [12] 1186 	mov	r5,#0x00
      0002CD BE 02 05         [24] 1187 	cjne	r6,#0x02,00485$
      0002D0 BD 00 02         [24] 1188 	cjne	r5,#0x00,00485$
      0002D3 80 03            [24] 1189 	sjmp	00486$
      0002D5                       1190 00485$:
      0002D5 02r03r9A         [24] 1191 	ljmp	00181$
      0002D8                       1192 00486$:
                                   1193 ;	C:\Users\tonyp\AppData\Local\Arduino15\packages\CH55xDuino\hardware\mcs51\0.0.23\cores\ch55xduino\USBhandler.c:231: if ((((uint16_t)UsbSetupBuf->wValueH << 8) | UsbSetupBuf->wValueL) ==
      0002D8 90 00 03         [24] 1194 	mov	dptr,#(_Ep0Buffer + 0x0003)
      0002DB E0               [24] 1195 	movx	a,@dptr
      0002DC FD               [12] 1196 	mov	r5,a
      0002DD 7E 00            [12] 1197 	mov	r6,#0x00
      0002DF 90 00 02         [24] 1198 	mov	dptr,#(_Ep0Buffer + 0x0002)
      0002E2 E0               [24] 1199 	movx	a,@dptr
      0002E3 FC               [12] 1200 	mov	r4,a
      0002E4 7B 00            [12] 1201 	mov	r3,#0x00
      0002E6 42 06            [12] 1202 	orl	ar6,a
      0002E8 EB               [12] 1203 	mov	a,r3
      0002E9 42 05            [12] 1204 	orl	ar5,a
      0002EB EE               [12] 1205 	mov	a,r6
      0002EC 4D               [12] 1206 	orl	a,r5
      0002ED 60 03            [24] 1207 	jz	00487$
      0002EF 02r03r96         [24] 1208 	ljmp	00178$
      0002F2                       1209 00487$:
                                   1210 ;	C:\Users\tonyp\AppData\Local\Arduino15\packages\CH55xDuino\hardware\mcs51\0.0.23\cores\ch55xduino\USBhandler.c:233: switch (((uint16_t)UsbSetupBuf->wIndexH << 8) |
      0002F2 90 00 05         [24] 1211 	mov	dptr,#(_Ep0Buffer + 0x0005)
      0002F5 E0               [24] 1212 	movx	a,@dptr
      0002F6 FD               [12] 1213 	mov	r5,a
      0002F7 7E 00            [12] 1214 	mov	r6,#0x00
                                   1215 ;	C:\Users\tonyp\AppData\Local\Arduino15\packages\CH55xDuino\hardware\mcs51\0.0.23\cores\ch55xduino\USBhandler.c:234: UsbSetupBuf->wIndexL) {
      0002F9 90 00 04         [24] 1216 	mov	dptr,#(_Ep0Buffer + 0x0004)
      0002FC E0               [24] 1217 	movx	a,@dptr
      0002FD FC               [12] 1218 	mov	r4,a
      0002FE 7B 00            [12] 1219 	mov	r3,#0x00
      000300 42 06            [12] 1220 	orl	ar6,a
      000302 EB               [12] 1221 	mov	a,r3
      000303 42 05            [12] 1222 	orl	ar5,a
      000305 BE 01 06         [24] 1223 	cjne	r6,#0x01,00488$
      000308 BD 00 03         [24] 1224 	cjne	r5,#0x00,00488$
      00030B 02r03r8A         [24] 1225 	ljmp	00174$
      00030E                       1226 00488$:
      00030E BE 02 05         [24] 1227 	cjne	r6,#0x02,00489$
      000311 BD 00 02         [24] 1228 	cjne	r5,#0x00,00489$
      000314 80 60            [24] 1229 	sjmp	00172$
      000316                       1230 00489$:
      000316 BE 03 05         [24] 1231 	cjne	r6,#0x03,00490$
      000319 BD 00 02         [24] 1232 	cjne	r5,#0x00,00490$
      00031C 80 44            [24] 1233 	sjmp	00170$
      00031E                       1234 00490$:
      00031E BE 04 05         [24] 1235 	cjne	r6,#0x04,00491$
      000321 BD 00 02         [24] 1236 	cjne	r5,#0x00,00491$
      000324 80 28            [24] 1237 	sjmp	00168$
      000326                       1238 00491$:
      000326 BE 81 05         [24] 1239 	cjne	r6,#0x81,00492$
      000329 BD 00 02         [24] 1240 	cjne	r5,#0x00,00492$
      00032C 80 52            [24] 1241 	sjmp	00173$
      00032E                       1242 00492$:
      00032E BE 82 05         [24] 1243 	cjne	r6,#0x82,00493$
      000331 BD 00 02         [24] 1244 	cjne	r5,#0x00,00493$
      000334 80 36            [24] 1245 	sjmp	00171$
      000336                       1246 00493$:
      000336 BE 83 05         [24] 1247 	cjne	r6,#0x83,00494$
      000339 BD 00 02         [24] 1248 	cjne	r5,#0x00,00494$
      00033C 80 1A            [24] 1249 	sjmp	00169$
      00033E                       1250 00494$:
      00033E BE 84 51         [24] 1251 	cjne	r6,#0x84,00175$
      000341 BD 00 4E         [24] 1252 	cjne	r5,#0x00,00175$
                                   1253 ;	C:\Users\tonyp\AppData\Local\Arduino15\packages\CH55xDuino\hardware\mcs51\0.0.23\cores\ch55xduino\USBhandler.c:236: UEP4_CTRL = UEP4_CTRL & (~bUEP_T_TOG) |
      000344 74 BF            [12] 1254 	mov	a,#0xbf
      000346 55 DE            [12] 1255 	anl	a,_UEP4_CTRL
      000348 44 03            [12] 1256 	orl	a,#0x03
      00034A F5 DE            [12] 1257 	mov	_UEP4_CTRL,a
                                   1258 ;	C:\Users\tonyp\AppData\Local\Arduino15\packages\CH55xDuino\hardware\mcs51\0.0.23\cores\ch55xduino\USBhandler.c:238: break;
                                   1259 ;	C:\Users\tonyp\AppData\Local\Arduino15\packages\CH55xDuino\hardware\mcs51\0.0.23\cores\ch55xduino\USBhandler.c:239: case 0x04:
      00034C 80 74            [24] 1260 	sjmp	00197$
      00034E                       1261 00168$:
                                   1262 ;	C:\Users\tonyp\AppData\Local\Arduino15\packages\CH55xDuino\hardware\mcs51\0.0.23\cores\ch55xduino\USBhandler.c:240: UEP4_CTRL = UEP4_CTRL & (~bUEP_R_TOG) |
      00034E 74 7F            [12] 1263 	mov	a,#0x7f
      000350 55 DE            [12] 1264 	anl	a,_UEP4_CTRL
      000352 44 0C            [12] 1265 	orl	a,#0x0c
      000354 F5 DE            [12] 1266 	mov	_UEP4_CTRL,a
                                   1267 ;	C:\Users\tonyp\AppData\Local\Arduino15\packages\CH55xDuino\hardware\mcs51\0.0.23\cores\ch55xduino\USBhandler.c:242: break;
                                   1268 ;	C:\Users\tonyp\AppData\Local\Arduino15\packages\CH55xDuino\hardware\mcs51\0.0.23\cores\ch55xduino\USBhandler.c:243: case 0x83:
      000356 80 6A            [24] 1269 	sjmp	00197$
      000358                       1270 00169$:
                                   1271 ;	C:\Users\tonyp\AppData\Local\Arduino15\packages\CH55xDuino\hardware\mcs51\0.0.23\cores\ch55xduino\USBhandler.c:244: UEP3_CTRL = UEP3_CTRL & (~bUEP_T_TOG) |
      000358 74 BF            [12] 1272 	mov	a,#0xbf
      00035A 55 D6            [12] 1273 	anl	a,_UEP3_CTRL
      00035C 44 03            [12] 1274 	orl	a,#0x03
      00035E F5 D6            [12] 1275 	mov	_UEP3_CTRL,a
                                   1276 ;	C:\Users\tonyp\AppData\Local\Arduino15\packages\CH55xDuino\hardware\mcs51\0.0.23\cores\ch55xduino\USBhandler.c:246: break;
                                   1277 ;	C:\Users\tonyp\AppData\Local\Arduino15\packages\CH55xDuino\hardware\mcs51\0.0.23\cores\ch55xduino\USBhandler.c:247: case 0x03:
      000360 80 60            [24] 1278 	sjmp	00197$
      000362                       1279 00170$:
                                   1280 ;	C:\Users\tonyp\AppData\Local\Arduino15\packages\CH55xDuino\hardware\mcs51\0.0.23\cores\ch55xduino\USBhandler.c:248: UEP3_CTRL = UEP3_CTRL & (~bUEP_R_TOG) |
      000362 74 7F            [12] 1281 	mov	a,#0x7f
      000364 55 D6            [12] 1282 	anl	a,_UEP3_CTRL
      000366 44 0C            [12] 1283 	orl	a,#0x0c
      000368 F5 D6            [12] 1284 	mov	_UEP3_CTRL,a
                                   1285 ;	C:\Users\tonyp\AppData\Local\Arduino15\packages\CH55xDuino\hardware\mcs51\0.0.23\cores\ch55xduino\USBhandler.c:250: break;
                                   1286 ;	C:\Users\tonyp\AppData\Local\Arduino15\packages\CH55xDuino\hardware\mcs51\0.0.23\cores\ch55xduino\USBhandler.c:251: case 0x82:
      00036A 80 56            [24] 1287 	sjmp	00197$
      00036C                       1288 00171$:
                                   1289 ;	C:\Users\tonyp\AppData\Local\Arduino15\packages\CH55xDuino\hardware\mcs51\0.0.23\cores\ch55xduino\USBhandler.c:252: UEP2_CTRL = UEP2_CTRL & (~bUEP_T_TOG) |
      00036C 74 BF            [12] 1290 	mov	a,#0xbf
      00036E 55 D4            [12] 1291 	anl	a,_UEP2_CTRL
      000370 44 03            [12] 1292 	orl	a,#0x03
      000372 F5 D4            [12] 1293 	mov	_UEP2_CTRL,a
                                   1294 ;	C:\Users\tonyp\AppData\Local\Arduino15\packages\CH55xDuino\hardware\mcs51\0.0.23\cores\ch55xduino\USBhandler.c:254: break;
                                   1295 ;	C:\Users\tonyp\AppData\Local\Arduino15\packages\CH55xDuino\hardware\mcs51\0.0.23\cores\ch55xduino\USBhandler.c:255: case 0x02:
      000374 80 4C            [24] 1296 	sjmp	00197$
      000376                       1297 00172$:
                                   1298 ;	C:\Users\tonyp\AppData\Local\Arduino15\packages\CH55xDuino\hardware\mcs51\0.0.23\cores\ch55xduino\USBhandler.c:256: UEP2_CTRL = UEP2_CTRL & (~bUEP_R_TOG) |
      000376 74 7F            [12] 1299 	mov	a,#0x7f
      000378 55 D4            [12] 1300 	anl	a,_UEP2_CTRL
      00037A 44 0C            [12] 1301 	orl	a,#0x0c
      00037C F5 D4            [12] 1302 	mov	_UEP2_CTRL,a
                                   1303 ;	C:\Users\tonyp\AppData\Local\Arduino15\packages\CH55xDuino\hardware\mcs51\0.0.23\cores\ch55xduino\USBhandler.c:258: break;
                                   1304 ;	C:\Users\tonyp\AppData\Local\Arduino15\packages\CH55xDuino\hardware\mcs51\0.0.23\cores\ch55xduino\USBhandler.c:259: case 0x81:
      00037E 80 42            [24] 1305 	sjmp	00197$
      000380                       1306 00173$:
                                   1307 ;	C:\Users\tonyp\AppData\Local\Arduino15\packages\CH55xDuino\hardware\mcs51\0.0.23\cores\ch55xduino\USBhandler.c:260: UEP1_CTRL = UEP1_CTRL & (~bUEP_T_TOG) |
      000380 74 BF            [12] 1308 	mov	a,#0xbf
      000382 55 D2            [12] 1309 	anl	a,_UEP1_CTRL
      000384 44 03            [12] 1310 	orl	a,#0x03
      000386 F5 D2            [12] 1311 	mov	_UEP1_CTRL,a
                                   1312 ;	C:\Users\tonyp\AppData\Local\Arduino15\packages\CH55xDuino\hardware\mcs51\0.0.23\cores\ch55xduino\USBhandler.c:262: break;
                                   1313 ;	C:\Users\tonyp\AppData\Local\Arduino15\packages\CH55xDuino\hardware\mcs51\0.0.23\cores\ch55xduino\USBhandler.c:263: case 0x01:
      000388 80 38            [24] 1314 	sjmp	00197$
      00038A                       1315 00174$:
                                   1316 ;	C:\Users\tonyp\AppData\Local\Arduino15\packages\CH55xDuino\hardware\mcs51\0.0.23\cores\ch55xduino\USBhandler.c:264: UEP1_CTRL = UEP1_CTRL & (~bUEP_R_TOG) |
      00038A 74 7F            [12] 1317 	mov	a,#0x7f
      00038C 55 D2            [12] 1318 	anl	a,_UEP1_CTRL
      00038E 44 0C            [12] 1319 	orl	a,#0x0c
      000390 F5 D2            [12] 1320 	mov	_UEP1_CTRL,a
                                   1321 ;	C:\Users\tonyp\AppData\Local\Arduino15\packages\CH55xDuino\hardware\mcs51\0.0.23\cores\ch55xduino\USBhandler.c:266: default:
      000392                       1322 00175$:
                                   1323 ;	C:\Users\tonyp\AppData\Local\Arduino15\packages\CH55xDuino\hardware\mcs51\0.0.23\cores\ch55xduino\USBhandler.c:267: len = 0xFF; // Failed
      000392 7F FF            [12] 1324 	mov	r7,#0xff
                                   1325 ;	C:\Users\tonyp\AppData\Local\Arduino15\packages\CH55xDuino\hardware\mcs51\0.0.23\cores\ch55xduino\USBhandler.c:269: }
      000394 80 2C            [24] 1326 	sjmp	00197$
      000396                       1327 00178$:
                                   1328 ;	C:\Users\tonyp\AppData\Local\Arduino15\packages\CH55xDuino\hardware\mcs51\0.0.23\cores\ch55xduino\USBhandler.c:271: len = 0xFF; // Failed
      000396 7F FF            [12] 1329 	mov	r7,#0xff
      000398 80 28            [24] 1330 	sjmp	00197$
      00039A                       1331 00181$:
                                   1332 ;	C:\Users\tonyp\AppData\Local\Arduino15\packages\CH55xDuino\hardware\mcs51\0.0.23\cores\ch55xduino\USBhandler.c:274: len = 0xFF; // Failed
      00039A 7F FF            [12] 1333 	mov	r7,#0xff
                                   1334 ;	C:\Users\tonyp\AppData\Local\Arduino15\packages\CH55xDuino\hardware\mcs51\0.0.23\cores\ch55xduino\USBhandler.c:276: break;
                                   1335 ;	C:\Users\tonyp\AppData\Local\Arduino15\packages\CH55xDuino\hardware\mcs51\0.0.23\cores\ch55xduino\USBhandler.c:277: case USB_GET_STATUS:
      00039C 80 24            [24] 1336 	sjmp	00197$
      00039E                       1337 00186$:
                                   1338 ;	C:\Users\tonyp\AppData\Local\Arduino15\packages\CH55xDuino\hardware\mcs51\0.0.23\cores\ch55xduino\USBhandler.c:278: Ep0Buffer[0] = 0x00;
      00039E 90 00 00         [24] 1339 	mov	dptr,#_Ep0Buffer
      0003A1 E4               [12] 1340 	clr	a
      0003A2 F0               [24] 1341 	movx	@dptr,a
                                   1342 ;	C:\Users\tonyp\AppData\Local\Arduino15\packages\CH55xDuino\hardware\mcs51\0.0.23\cores\ch55xduino\USBhandler.c:279: Ep0Buffer[1] = 0x00;
      0003A3 90 00 01         [24] 1343 	mov	dptr,#(_Ep0Buffer + 0x0001)
      0003A6 F0               [24] 1344 	movx	@dptr,a
                                   1345 ;	C:\Users\tonyp\AppData\Local\Arduino15\packages\CH55xDuino\hardware\mcs51\0.0.23\cores\ch55xduino\USBhandler.c:280: if (SetupLen >= 2) {
      0003A7 AD*00            [24] 1346 	mov	r5,_SetupLen
      0003A9 AE*01            [24] 1347 	mov	r6,(_SetupLen + 1)
      0003AB C3               [12] 1348 	clr	c
      0003AC ED               [12] 1349 	mov	a,r5
      0003AD 94 02            [12] 1350 	subb	a,#0x02
      0003AF EE               [12] 1351 	mov	a,r6
      0003B0 94 00            [12] 1352 	subb	a,#0x00
      0003B2 40 04            [24] 1353 	jc	00188$
                                   1354 ;	C:\Users\tonyp\AppData\Local\Arduino15\packages\CH55xDuino\hardware\mcs51\0.0.23\cores\ch55xduino\USBhandler.c:281: len = 2;
      0003B4 7F 02            [12] 1355 	mov	r7,#0x02
      0003B6 80 0A            [24] 1356 	sjmp	00197$
      0003B8                       1357 00188$:
                                   1358 ;	C:\Users\tonyp\AppData\Local\Arduino15\packages\CH55xDuino\hardware\mcs51\0.0.23\cores\ch55xduino\USBhandler.c:283: len = SetupLen;
      0003B8 AF*00            [24] 1359 	mov	r7,_SetupLen
                                   1360 ;	C:\Users\tonyp\AppData\Local\Arduino15\packages\CH55xDuino\hardware\mcs51\0.0.23\cores\ch55xduino\USBhandler.c:285: break;
                                   1361 ;	C:\Users\tonyp\AppData\Local\Arduino15\packages\CH55xDuino\hardware\mcs51\0.0.23\cores\ch55xduino\USBhandler.c:286: default:
      0003BA 80 06            [24] 1362 	sjmp	00197$
      0003BC                       1363 00190$:
                                   1364 ;	C:\Users\tonyp\AppData\Local\Arduino15\packages\CH55xDuino\hardware\mcs51\0.0.23\cores\ch55xduino\USBhandler.c:287: len = 0xff; // Failed
      0003BC 7F FF            [12] 1365 	mov	r7,#0xff
                                   1366 ;	C:\Users\tonyp\AppData\Local\Arduino15\packages\CH55xDuino\hardware\mcs51\0.0.23\cores\ch55xduino\USBhandler.c:289: }
      0003BE 80 02            [24] 1367 	sjmp	00197$
      0003C0                       1368 00196$:
                                   1369 ;	C:\Users\tonyp\AppData\Local\Arduino15\packages\CH55xDuino\hardware\mcs51\0.0.23\cores\ch55xduino\USBhandler.c:292: len = 0xff; // Wrong packet length
      0003C0 7F FF            [12] 1370 	mov	r7,#0xff
      0003C2                       1371 00197$:
                                   1372 ;	C:\Users\tonyp\AppData\Local\Arduino15\packages\CH55xDuino\hardware\mcs51\0.0.23\cores\ch55xduino\USBhandler.c:294: if (len == 0xff) {
      0003C2 BF FF 07         [24] 1373 	cjne	r7,#0xff,00202$
                                   1374 ;	C:\Users\tonyp\AppData\Local\Arduino15\packages\CH55xDuino\hardware\mcs51\0.0.23\cores\ch55xduino\USBhandler.c:295: SetupReq = 0xFF;
      0003C5 75*02 FF         [24] 1375 	mov	_SetupReq,#0xff
                                   1376 ;	C:\Users\tonyp\AppData\Local\Arduino15\packages\CH55xDuino\hardware\mcs51\0.0.23\cores\ch55xduino\USBhandler.c:297: bUEP_R_TOG | bUEP_T_TOG | UEP_R_RES_STALL | UEP_T_RES_STALL; // STALL
      0003C8 75 DC CF         [24] 1377 	mov	_UEP0_CTRL,#0xcf
      0003CB 22               [24] 1378 	ret
      0003CC                       1379 00202$:
                                   1380 ;	C:\Users\tonyp\AppData\Local\Arduino15\packages\CH55xDuino\hardware\mcs51\0.0.23\cores\ch55xduino\USBhandler.c:299: DEFAULT_ENDP0_SIZE) // Tx data to host or send 0-length packet
      0003CC EF               [12] 1381 	mov	a,r7
      0003CD 24 F7            [12] 1382 	add	a,#0xff - 0x08
      0003CF 40 06            [24] 1383 	jc	00199$
                                   1384 ;	C:\Users\tonyp\AppData\Local\Arduino15\packages\CH55xDuino\hardware\mcs51\0.0.23\cores\ch55xduino\USBhandler.c:301: UEP0_T_LEN = len;
      0003D1 8F DD            [24] 1385 	mov	_UEP0_T_LEN,r7
                                   1386 ;	C:\Users\tonyp\AppData\Local\Arduino15\packages\CH55xDuino\hardware\mcs51\0.0.23\cores\ch55xduino\USBhandler.c:303: UEP_T_RES_ACK; // Expect DATA1, Answer ACK
      0003D3 75 DC C0         [24] 1387 	mov	_UEP0_CTRL,#0xc0
      0003D6 22               [24] 1388 	ret
      0003D7                       1389 00199$:
                                   1390 ;	C:\Users\tonyp\AppData\Local\Arduino15\packages\CH55xDuino\hardware\mcs51\0.0.23\cores\ch55xduino\USBhandler.c:305: UEP0_T_LEN = 0; // Tx data to host or send 0-length packet
      0003D7 75 DD 00         [24] 1391 	mov	_UEP0_T_LEN,#0x00
                                   1392 ;	C:\Users\tonyp\AppData\Local\Arduino15\packages\CH55xDuino\hardware\mcs51\0.0.23\cores\ch55xduino\USBhandler.c:307: UEP_T_RES_ACK; // Expect DATA1, Answer ACK
      0003DA 75 DC C0         [24] 1393 	mov	_UEP0_CTRL,#0xc0
                                   1394 ;	C:\Users\tonyp\AppData\Local\Arduino15\packages\CH55xDuino\hardware\mcs51\0.0.23\cores\ch55xduino\USBhandler.c:309: }
      0003DD 22               [24] 1395 	ret
                                   1396 ;------------------------------------------------------------
                                   1397 ;Allocation info for local variables in function 'USB_EP0_IN'
                                   1398 ;------------------------------------------------------------
                                   1399 ;len                       Allocated to registers r4 
                                   1400 ;i                         Allocated to registers r5 
                                   1401 ;------------------------------------------------------------
                                   1402 ;	C:\Users\tonyp\AppData\Local\Arduino15\packages\CH55xDuino\hardware\mcs51\0.0.23\cores\ch55xduino\USBhandler.c:311: void USB_EP0_IN() {
                                   1403 ;	-----------------------------------------
                                   1404 ;	 function USB_EP0_IN
                                   1405 ;	-----------------------------------------
      0003DE                       1406 _USB_EP0_IN:
                                   1407 ;	C:\Users\tonyp\AppData\Local\Arduino15\packages\CH55xDuino\hardware\mcs51\0.0.23\cores\ch55xduino\USBhandler.c:312: switch (SetupReq) {
      0003DE 74 05            [12] 1408 	mov	a,#0x05
      0003E0 B5*02 02         [24] 1409 	cjne	a,_SetupReq,00134$
      0003E3 80 5D            [24] 1410 	sjmp	00103$
      0003E5                       1411 00134$:
      0003E5 74 06            [12] 1412 	mov	a,#0x06
      0003E7 B5*02 66         [24] 1413 	cjne	a,_SetupReq,00104$
                                   1414 ;	C:\Users\tonyp\AppData\Local\Arduino15\packages\CH55xDuino\hardware\mcs51\0.0.23\cores\ch55xduino\USBhandler.c:314: __data uint8_t len = SetupLen >= DEFAULT_ENDP0_SIZE
      0003EA AE*00            [24] 1415 	mov	r6,_SetupLen
      0003EC AF*01            [24] 1416 	mov	r7,(_SetupLen + 1)
      0003EE C3               [12] 1417 	clr	c
      0003EF EE               [12] 1418 	mov	a,r6
      0003F0 94 08            [12] 1419 	subb	a,#0x08
      0003F2 EF               [12] 1420 	mov	a,r7
      0003F3 94 00            [12] 1421 	subb	a,#0x00
      0003F5 92*01            [24] 1422 	mov	_USB_EP0_IN_sloc0_1_0,c
      0003F7 40 06            [24] 1423 	jc	00111$
      0003F9 7C 08            [12] 1424 	mov	r4,#0x08
      0003FB 7D 00            [12] 1425 	mov	r5,#0x00
      0003FD 80 04            [24] 1426 	sjmp	00112$
      0003FF                       1427 00111$:
      0003FF AC*00            [24] 1428 	mov	r4,_SetupLen
      000401 AD*01            [24] 1429 	mov	r5,(_SetupLen + 1)
      000403                       1430 00112$:
                                   1431 ;	C:\Users\tonyp\AppData\Local\Arduino15\packages\CH55xDuino\hardware\mcs51\0.0.23\cores\ch55xduino\USBhandler.c:317: for (__data uint8_t i = 0; i < len; i++) {
      000403 7D 00            [12] 1432 	mov	r5,#0x00
      000405                       1433 00107$:
      000405 C3               [12] 1434 	clr	c
      000406 ED               [12] 1435 	mov	a,r5
      000407 9C               [12] 1436 	subb	a,r4
      000408 50 19            [24] 1437 	jnc	00102$
                                   1438 ;	C:\Users\tonyp\AppData\Local\Arduino15\packages\CH55xDuino\hardware\mcs51\0.0.23\cores\ch55xduino\USBhandler.c:318: Ep0Buffer[i] = pDescr[i];
      00040A 8D 02            [24] 1439 	mov	ar2,r5
      00040C 7B 00            [12] 1440 	mov	r3,#(_Ep0Buffer >> 8)
      00040E ED               [12] 1441 	mov	a,r5
      00040F 25*03            [12] 1442 	add	a,_pDescr
      000411 F5 82            [12] 1443 	mov	dpl,a
      000413 E4               [12] 1444 	clr	a
      000414 35*04            [12] 1445 	addc	a,(_pDescr + 1)
      000416 F5 83            [12] 1446 	mov	dph,a
      000418 E4               [12] 1447 	clr	a
      000419 93               [24] 1448 	movc	a,@a+dptr
      00041A F9               [12] 1449 	mov	r1,a
      00041B 8A 82            [24] 1450 	mov	dpl,r2
      00041D 8B 83            [24] 1451 	mov	dph,r3
      00041F F0               [24] 1452 	movx	@dptr,a
                                   1453 ;	C:\Users\tonyp\AppData\Local\Arduino15\packages\CH55xDuino\hardware\mcs51\0.0.23\cores\ch55xduino\USBhandler.c:317: for (__data uint8_t i = 0; i < len; i++) {
      000420 0D               [12] 1454 	inc	r5
      000421 80 E2            [24] 1455 	sjmp	00107$
      000423                       1456 00102$:
                                   1457 ;	C:\Users\tonyp\AppData\Local\Arduino15\packages\CH55xDuino\hardware\mcs51\0.0.23\cores\ch55xduino\USBhandler.c:321: SetupLen -= len;
      000423 8C 03            [24] 1458 	mov	ar3,r4
      000425 7D 00            [12] 1459 	mov	r5,#0x00
      000427 EE               [12] 1460 	mov	a,r6
      000428 C3               [12] 1461 	clr	c
      000429 9B               [12] 1462 	subb	a,r3
      00042A FE               [12] 1463 	mov	r6,a
      00042B EF               [12] 1464 	mov	a,r7
      00042C 9D               [12] 1465 	subb	a,r5
      00042D FF               [12] 1466 	mov	r7,a
      00042E 8E*00            [24] 1467 	mov	_SetupLen,r6
      000430 8F*01            [24] 1468 	mov	(_SetupLen + 1),r7
                                   1469 ;	C:\Users\tonyp\AppData\Local\Arduino15\packages\CH55xDuino\hardware\mcs51\0.0.23\cores\ch55xduino\USBhandler.c:322: pDescr += len;
      000432 EC               [12] 1470 	mov	a,r4
      000433 25*03            [12] 1471 	add	a,_pDescr
      000435 F5*03            [12] 1472 	mov	_pDescr,a
      000437 E4               [12] 1473 	clr	a
      000438 35*04            [12] 1474 	addc	a,(_pDescr + 1)
      00043A F5*04            [12] 1475 	mov	(_pDescr + 1),a
                                   1476 ;	C:\Users\tonyp\AppData\Local\Arduino15\packages\CH55xDuino\hardware\mcs51\0.0.23\cores\ch55xduino\USBhandler.c:323: UEP0_T_LEN = len;
      00043C 8C DD            [24] 1477 	mov	_UEP0_T_LEN,r4
                                   1478 ;	C:\Users\tonyp\AppData\Local\Arduino15\packages\CH55xDuino\hardware\mcs51\0.0.23\cores\ch55xduino\USBhandler.c:324: UEP0_CTRL ^= bUEP_T_TOG; // Switch between DATA0 and DATA1
      00043E 63 DC 40         [24] 1479 	xrl	_UEP0_CTRL,#0x40
                                   1480 ;	C:\Users\tonyp\AppData\Local\Arduino15\packages\CH55xDuino\hardware\mcs51\0.0.23\cores\ch55xduino\USBhandler.c:325: } break;
                                   1481 ;	C:\Users\tonyp\AppData\Local\Arduino15\packages\CH55xDuino\hardware\mcs51\0.0.23\cores\ch55xduino\USBhandler.c:326: case USB_SET_ADDRESS:
      000441 22               [24] 1482 	ret
      000442                       1483 00103$:
                                   1484 ;	C:\Users\tonyp\AppData\Local\Arduino15\packages\CH55xDuino\hardware\mcs51\0.0.23\cores\ch55xduino\USBhandler.c:327: USB_DEV_AD = USB_DEV_AD & bUDA_GP_BIT | SetupLen;
      000442 E5 E3            [12] 1485 	mov	a,_USB_DEV_AD
      000444 54 80            [12] 1486 	anl	a,#0x80
      000446 FF               [12] 1487 	mov	r7,a
      000447 E5*00            [12] 1488 	mov	a,_SetupLen
      000449 4F               [12] 1489 	orl	a,r7
      00044A F5 E3            [12] 1490 	mov	_USB_DEV_AD,a
                                   1491 ;	C:\Users\tonyp\AppData\Local\Arduino15\packages\CH55xDuino\hardware\mcs51\0.0.23\cores\ch55xduino\USBhandler.c:328: UEP0_CTRL = UEP_R_RES_ACK | UEP_T_RES_NAK;
      00044C 75 DC 02         [24] 1492 	mov	_UEP0_CTRL,#0x02
                                   1493 ;	C:\Users\tonyp\AppData\Local\Arduino15\packages\CH55xDuino\hardware\mcs51\0.0.23\cores\ch55xduino\USBhandler.c:329: break;
                                   1494 ;	C:\Users\tonyp\AppData\Local\Arduino15\packages\CH55xDuino\hardware\mcs51\0.0.23\cores\ch55xduino\USBhandler.c:330: default:
      00044F 22               [24] 1495 	ret
      000450                       1496 00104$:
                                   1497 ;	C:\Users\tonyp\AppData\Local\Arduino15\packages\CH55xDuino\hardware\mcs51\0.0.23\cores\ch55xduino\USBhandler.c:331: UEP0_T_LEN = 0; // End of transaction
      000450 75 DD 00         [24] 1498 	mov	_UEP0_T_LEN,#0x00
                                   1499 ;	C:\Users\tonyp\AppData\Local\Arduino15\packages\CH55xDuino\hardware\mcs51\0.0.23\cores\ch55xduino\USBhandler.c:332: UEP0_CTRL = UEP_R_RES_ACK | UEP_T_RES_NAK;
      000453 75 DC 02         [24] 1500 	mov	_UEP0_CTRL,#0x02
                                   1501 ;	C:\Users\tonyp\AppData\Local\Arduino15\packages\CH55xDuino\hardware\mcs51\0.0.23\cores\ch55xduino\USBhandler.c:334: }
                                   1502 ;	C:\Users\tonyp\AppData\Local\Arduino15\packages\CH55xDuino\hardware\mcs51\0.0.23\cores\ch55xduino\USBhandler.c:335: }
      000456 22               [24] 1503 	ret
                                   1504 ;------------------------------------------------------------
                                   1505 ;Allocation info for local variables in function 'USB_EP0_OUT'
                                   1506 ;------------------------------------------------------------
                                   1507 ;	C:\Users\tonyp\AppData\Local\Arduino15\packages\CH55xDuino\hardware\mcs51\0.0.23\cores\ch55xduino\USBhandler.c:337: void USB_EP0_OUT() {
                                   1508 ;	-----------------------------------------
                                   1509 ;	 function USB_EP0_OUT
                                   1510 ;	-----------------------------------------
      000457                       1511 _USB_EP0_OUT:
                                   1512 ;	C:\Users\tonyp\AppData\Local\Arduino15\packages\CH55xDuino\hardware\mcs51\0.0.23\cores\ch55xduino\USBhandler.c:338: if (SetupReq == SET_LINE_CODING) // Set line coding
      000457 74 20            [12] 1513 	mov	a,#0x20
      000459 B5*02 0D         [24] 1514 	cjne	a,_SetupReq,00104$
                                   1515 ;	C:\Users\tonyp\AppData\Local\Arduino15\packages\CH55xDuino\hardware\mcs51\0.0.23\cores\ch55xduino\USBhandler.c:340: if (U_TOG_OK) {
      00045C 30 DE 10         [24] 1516 	jnb	_U_TOG_OK,00106$
                                   1517 ;	C:\Users\tonyp\AppData\Local\Arduino15\packages\CH55xDuino\hardware\mcs51\0.0.23\cores\ch55xduino\USBhandler.c:341: setLineCodingHandler();
      00045F 12r00r00         [24] 1518 	lcall	_setLineCodingHandler
                                   1519 ;	C:\Users\tonyp\AppData\Local\Arduino15\packages\CH55xDuino\hardware\mcs51\0.0.23\cores\ch55xduino\USBhandler.c:342: UEP0_T_LEN = 0;
      000462 75 DD 00         [24] 1520 	mov	_UEP0_T_LEN,#0x00
                                   1521 ;	C:\Users\tonyp\AppData\Local\Arduino15\packages\CH55xDuino\hardware\mcs51\0.0.23\cores\ch55xduino\USBhandler.c:343: UEP0_CTRL |= UEP_R_RES_ACK | UEP_T_RES_ACK; // send 0-length packet
      000465 85 DC DC         [24] 1522 	mov	_UEP0_CTRL,_UEP0_CTRL
      000468 22               [24] 1523 	ret
      000469                       1524 00104$:
                                   1525 ;	C:\Users\tonyp\AppData\Local\Arduino15\packages\CH55xDuino\hardware\mcs51\0.0.23\cores\ch55xduino\USBhandler.c:346: UEP0_T_LEN = 0;
      000469 75 DD 00         [24] 1526 	mov	_UEP0_T_LEN,#0x00
                                   1527 ;	C:\Users\tonyp\AppData\Local\Arduino15\packages\CH55xDuino\hardware\mcs51\0.0.23\cores\ch55xduino\USBhandler.c:347: UEP0_CTRL |= UEP_R_RES_ACK | UEP_T_RES_NAK; // Respond Nak
      00046C 43 DC 02         [24] 1528 	orl	_UEP0_CTRL,#0x02
      00046F                       1529 00106$:
                                   1530 ;	C:\Users\tonyp\AppData\Local\Arduino15\packages\CH55xDuino\hardware\mcs51\0.0.23\cores\ch55xduino\USBhandler.c:349: }
      00046F 22               [24] 1531 	ret
                                   1532 ;------------------------------------------------------------
                                   1533 ;Allocation info for local variables in function 'USB_EP1_IN'
                                   1534 ;------------------------------------------------------------
                                   1535 ;	C:\Users\tonyp\AppData\Local\Arduino15\packages\CH55xDuino\hardware\mcs51\0.0.23\cores\ch55xduino\USBhandler.c:351: void USB_EP1_IN() {
                                   1536 ;	-----------------------------------------
                                   1537 ;	 function USB_EP1_IN
                                   1538 ;	-----------------------------------------
      000470                       1539 _USB_EP1_IN:
                                   1540 ;	C:\Users\tonyp\AppData\Local\Arduino15\packages\CH55xDuino\hardware\mcs51\0.0.23\cores\ch55xduino\USBhandler.c:352: UEP1_T_LEN = 0;
      000470 75 D3 00         [24] 1541 	mov	_UEP1_T_LEN,#0x00
                                   1542 ;	C:\Users\tonyp\AppData\Local\Arduino15\packages\CH55xDuino\hardware\mcs51\0.0.23\cores\ch55xduino\USBhandler.c:353: UEP1_CTRL = UEP1_CTRL & ~MASK_UEP_T_RES | UEP_T_RES_NAK; // Default NAK
      000473 74 FC            [12] 1543 	mov	a,#0xfc
      000475 55 D2            [12] 1544 	anl	a,_UEP1_CTRL
      000477 44 02            [12] 1545 	orl	a,#0x02
      000479 F5 D2            [12] 1546 	mov	_UEP1_CTRL,a
                                   1547 ;	C:\Users\tonyp\AppData\Local\Arduino15\packages\CH55xDuino\hardware\mcs51\0.0.23\cores\ch55xduino\USBhandler.c:354: }
      00047B 22               [24] 1548 	ret
                                   1549 ;------------------------------------------------------------
                                   1550 ;Allocation info for local variables in function 'USBInterrupt'
                                   1551 ;------------------------------------------------------------
                                   1552 ;callIndex                 Allocated to registers r7 
                                   1553 ;------------------------------------------------------------
                                   1554 ;	C:\Users\tonyp\AppData\Local\Arduino15\packages\CH55xDuino\hardware\mcs51\0.0.23\cores\ch55xduino\USBhandler.c:358: void USBInterrupt(void) { // inline not really working in multiple files in SDCC
                                   1555 ;	-----------------------------------------
                                   1556 ;	 function USBInterrupt
                                   1557 ;	-----------------------------------------
      00047C                       1558 _USBInterrupt:
                                   1559 ;	C:\Users\tonyp\AppData\Local\Arduino15\packages\CH55xDuino\hardware\mcs51\0.0.23\cores\ch55xduino\USBhandler.c:359: if (UIF_TRANSFER) {
      00047C 20 D9 03         [24] 1560 	jb	_UIF_TRANSFER,00208$
      00047F 02r05r27         [24] 1561 	ljmp	00135$
      000482                       1562 00208$:
                                   1563 ;	C:\Users\tonyp\AppData\Local\Arduino15\packages\CH55xDuino\hardware\mcs51\0.0.23\cores\ch55xduino\USBhandler.c:361: __data uint8_t callIndex = USB_INT_ST & MASK_UIS_ENDP;
      000482 E5 D9            [12] 1564 	mov	a,_USB_INT_ST
      000484 54 0F            [12] 1565 	anl	a,#0x0f
      000486 FF               [12] 1566 	mov	r7,a
                                   1567 ;	C:\Users\tonyp\AppData\Local\Arduino15\packages\CH55xDuino\hardware\mcs51\0.0.23\cores\ch55xduino\USBhandler.c:362: switch (USB_INT_ST & MASK_UIS_TOKEN) {
      000487 AD D9            [24] 1568 	mov	r5,_USB_INT_ST
      000489 53 05 30         [24] 1569 	anl	ar5,#0x30
      00048C 7E 00            [12] 1570 	mov	r6,#0x00
      00048E BD 00 05         [24] 1571 	cjne	r5,#0x00,00209$
      000491 BE 00 02         [24] 1572 	cjne	r6,#0x00,00209$
      000494 80 1C            [24] 1573 	sjmp	00101$
      000496                       1574 00209$:
      000496 BD 10 05         [24] 1575 	cjne	r5,#0x10,00210$
      000499 BE 00 02         [24] 1576 	cjne	r6,#0x00,00210$
      00049C 80 36            [24] 1577 	sjmp	00109$
      00049E                       1578 00210$:
      00049E BD 20 05         [24] 1579 	cjne	r5,#0x20,00211$
      0004A1 BE 00 02         [24] 1580 	cjne	r6,#0x00,00211$
      0004A4 80 43            [24] 1581 	sjmp	00117$
      0004A6                       1582 00211$:
      0004A6 BD 30 06         [24] 1583 	cjne	r5,#0x30,00212$
      0004A9 BE 00 03         [24] 1584 	cjne	r6,#0x00,00212$
      0004AC 02r05r0D         [24] 1585 	ljmp	00125$
      0004AF                       1586 00212$:
      0004AF 02r05r25         [24] 1587 	ljmp	00133$
                                   1588 ;	C:\Users\tonyp\AppData\Local\Arduino15\packages\CH55xDuino\hardware\mcs51\0.0.23\cores\ch55xduino\USBhandler.c:363: case UIS_TOKEN_OUT: { // SDCC will take IRAM if array of function pointer is
      0004B2                       1589 00101$:
                                   1590 ;	C:\Users\tonyp\AppData\Local\Arduino15\packages\CH55xDuino\hardware\mcs51\0.0.23\cores\ch55xduino\USBhandler.c:365: switch (callIndex) {
      0004B2 EF               [12] 1591 	mov	a,r7
      0004B3 24 FB            [12] 1592 	add	a,#0xff - 0x04
      0004B5 50 03            [24] 1593 	jnc	00213$
      0004B7 02r05r25         [24] 1594 	ljmp	00133$
      0004BA                       1595 00213$:
      0004BA EF               [12] 1596 	mov	a,r7
      0004BB 2F               [12] 1597 	add	a,r7
                                   1598 ;	C:\Users\tonyp\AppData\Local\Arduino15\packages\CH55xDuino\hardware\mcs51\0.0.23\cores\ch55xduino\USBhandler.c:366: case 0:
      0004BC 90r04rC0         [24] 1599 	mov	dptr,#00214$
      0004BF 73               [24] 1600 	jmp	@a+dptr
      0004C0                       1601 00214$:
      0004C0 80 08            [24] 1602 	sjmp	00102$
      0004C2 80 61            [24] 1603 	sjmp	00133$
      0004C4 80 09            [24] 1604 	sjmp	00104$
      0004C6 80 5D            [24] 1605 	sjmp	00133$
      0004C8 80 5B            [24] 1606 	sjmp	00133$
      0004CA                       1607 00102$:
                                   1608 ;	C:\Users\tonyp\AppData\Local\Arduino15\packages\CH55xDuino\hardware\mcs51\0.0.23\cores\ch55xduino\USBhandler.c:367: EP0_OUT_Callback();
      0004CA 12r04r57         [24] 1609 	lcall	_USB_EP0_OUT
                                   1610 ;	C:\Users\tonyp\AppData\Local\Arduino15\packages\CH55xDuino\hardware\mcs51\0.0.23\cores\ch55xduino\USBhandler.c:368: break;
                                   1611 ;	C:\Users\tonyp\AppData\Local\Arduino15\packages\CH55xDuino\hardware\mcs51\0.0.23\cores\ch55xduino\USBhandler.c:372: case 2:
      0004CD 80 56            [24] 1612 	sjmp	00133$
      0004CF                       1613 00104$:
                                   1614 ;	C:\Users\tonyp\AppData\Local\Arduino15\packages\CH55xDuino\hardware\mcs51\0.0.23\cores\ch55xduino\USBhandler.c:373: EP2_OUT_Callback();
      0004CF 12r00r00         [24] 1615 	lcall	_USB_EP2_OUT
                                   1616 ;	C:\Users\tonyp\AppData\Local\Arduino15\packages\CH55xDuino\hardware\mcs51\0.0.23\cores\ch55xduino\USBhandler.c:374: break;
                                   1617 ;	C:\Users\tonyp\AppData\Local\Arduino15\packages\CH55xDuino\hardware\mcs51\0.0.23\cores\ch55xduino\USBhandler.c:385: case UIS_TOKEN_SOF: { // SDCC will take IRAM if array of function pointer is
      0004D2 80 51            [24] 1618 	sjmp	00133$
      0004D4                       1619 00109$:
                                   1620 ;	C:\Users\tonyp\AppData\Local\Arduino15\packages\CH55xDuino\hardware\mcs51\0.0.23\cores\ch55xduino\USBhandler.c:387: switch (callIndex) {
      0004D4 EF               [12] 1621 	mov	a,r7
      0004D5 24 FB            [12] 1622 	add	a,#0xff - 0x04
      0004D7 40 4C            [24] 1623 	jc	00133$
      0004D9 EF               [12] 1624 	mov	a,r7
      0004DA 2F               [12] 1625 	add	a,r7
                                   1626 ;	C:\Users\tonyp\AppData\Local\Arduino15\packages\CH55xDuino\hardware\mcs51\0.0.23\cores\ch55xduino\USBhandler.c:407: case UIS_TOKEN_IN: { // SDCC will take IRAM if array of function pointer is
      0004DB 90r04rDF         [24] 1627 	mov	dptr,#00216$
      0004DE 73               [24] 1628 	jmp	@a+dptr
      0004DF                       1629 00216$:
      0004DF 80 44            [24] 1630 	sjmp	00133$
      0004E1 80 42            [24] 1631 	sjmp	00133$
      0004E3 80 40            [24] 1632 	sjmp	00133$
      0004E5 80 3E            [24] 1633 	sjmp	00133$
      0004E7 80 3C            [24] 1634 	sjmp	00133$
      0004E9                       1635 00117$:
                                   1636 ;	C:\Users\tonyp\AppData\Local\Arduino15\packages\CH55xDuino\hardware\mcs51\0.0.23\cores\ch55xduino\USBhandler.c:409: switch (callIndex) {
      0004E9 EF               [12] 1637 	mov	a,r7
      0004EA 24 FB            [12] 1638 	add	a,#0xff - 0x04
      0004EC 40 37            [24] 1639 	jc	00133$
      0004EE EF               [12] 1640 	mov	a,r7
      0004EF 2F               [12] 1641 	add	a,r7
                                   1642 ;	C:\Users\tonyp\AppData\Local\Arduino15\packages\CH55xDuino\hardware\mcs51\0.0.23\cores\ch55xduino\USBhandler.c:410: case 0:
      0004F0 90r04rF4         [24] 1643 	mov	dptr,#00218$
      0004F3 73               [24] 1644 	jmp	@a+dptr
      0004F4                       1645 00218$:
      0004F4 80 08            [24] 1646 	sjmp	00118$
      0004F6 80 0B            [24] 1647 	sjmp	00119$
      0004F8 80 0E            [24] 1648 	sjmp	00120$
      0004FA 80 29            [24] 1649 	sjmp	00133$
      0004FC 80 27            [24] 1650 	sjmp	00133$
      0004FE                       1651 00118$:
                                   1652 ;	C:\Users\tonyp\AppData\Local\Arduino15\packages\CH55xDuino\hardware\mcs51\0.0.23\cores\ch55xduino\USBhandler.c:411: EP0_IN_Callback();
      0004FE 12r03rDE         [24] 1653 	lcall	_USB_EP0_IN
                                   1654 ;	C:\Users\tonyp\AppData\Local\Arduino15\packages\CH55xDuino\hardware\mcs51\0.0.23\cores\ch55xduino\USBhandler.c:412: break;
                                   1655 ;	C:\Users\tonyp\AppData\Local\Arduino15\packages\CH55xDuino\hardware\mcs51\0.0.23\cores\ch55xduino\USBhandler.c:413: case 1:
      000501 80 22            [24] 1656 	sjmp	00133$
      000503                       1657 00119$:
                                   1658 ;	C:\Users\tonyp\AppData\Local\Arduino15\packages\CH55xDuino\hardware\mcs51\0.0.23\cores\ch55xduino\USBhandler.c:414: EP1_IN_Callback();
      000503 12r04r70         [24] 1659 	lcall	_USB_EP1_IN
                                   1660 ;	C:\Users\tonyp\AppData\Local\Arduino15\packages\CH55xDuino\hardware\mcs51\0.0.23\cores\ch55xduino\USBhandler.c:415: break;
                                   1661 ;	C:\Users\tonyp\AppData\Local\Arduino15\packages\CH55xDuino\hardware\mcs51\0.0.23\cores\ch55xduino\USBhandler.c:416: case 2:
      000506 80 1D            [24] 1662 	sjmp	00133$
      000508                       1663 00120$:
                                   1664 ;	C:\Users\tonyp\AppData\Local\Arduino15\packages\CH55xDuino\hardware\mcs51\0.0.23\cores\ch55xduino\USBhandler.c:417: EP2_IN_Callback();
      000508 12r00r00         [24] 1665 	lcall	_USB_EP2_IN
                                   1666 ;	C:\Users\tonyp\AppData\Local\Arduino15\packages\CH55xDuino\hardware\mcs51\0.0.23\cores\ch55xduino\USBhandler.c:418: break;
                                   1667 ;	C:\Users\tonyp\AppData\Local\Arduino15\packages\CH55xDuino\hardware\mcs51\0.0.23\cores\ch55xduino\USBhandler.c:429: case UIS_TOKEN_SETUP: { // SDCC will take IRAM if array of function pointer
      00050B 80 18            [24] 1668 	sjmp	00133$
      00050D                       1669 00125$:
                                   1670 ;	C:\Users\tonyp\AppData\Local\Arduino15\packages\CH55xDuino\hardware\mcs51\0.0.23\cores\ch55xduino\USBhandler.c:431: switch (callIndex) {
      00050D EF               [12] 1671 	mov	a,r7
      00050E 24 FB            [12] 1672 	add	a,#0xff - 0x04
      000510 40 13            [24] 1673 	jc	00133$
      000512 EF               [12] 1674 	mov	a,r7
      000513 2F               [12] 1675 	add	a,r7
                                   1676 ;	C:\Users\tonyp\AppData\Local\Arduino15\packages\CH55xDuino\hardware\mcs51\0.0.23\cores\ch55xduino\USBhandler.c:432: case 0:
      000514 90r05r18         [24] 1677 	mov	dptr,#00220$
      000517 73               [24] 1678 	jmp	@a+dptr
      000518                       1679 00220$:
      000518 80 08            [24] 1680 	sjmp	00126$
      00051A 80 09            [24] 1681 	sjmp	00133$
      00051C 80 07            [24] 1682 	sjmp	00133$
      00051E 80 05            [24] 1683 	sjmp	00133$
      000520 80 03            [24] 1684 	sjmp	00133$
      000522                       1685 00126$:
                                   1686 ;	C:\Users\tonyp\AppData\Local\Arduino15\packages\CH55xDuino\hardware\mcs51\0.0.23\cores\ch55xduino\USBhandler.c:433: EP0_SETUP_Callback();
      000522 12r00r00         [24] 1687 	lcall	_USB_EP0_SETUP
                                   1688 ;	C:\Users\tonyp\AppData\Local\Arduino15\packages\CH55xDuino\hardware\mcs51\0.0.23\cores\ch55xduino\USBhandler.c:451: }
      000525                       1689 00133$:
                                   1690 ;	C:\Users\tonyp\AppData\Local\Arduino15\packages\CH55xDuino\hardware\mcs51\0.0.23\cores\ch55xduino\USBhandler.c:453: UIF_TRANSFER = 0; // Clear interrupt flag
                                   1691 ;	assignBit
      000525 C2 D9            [12] 1692 	clr	_UIF_TRANSFER
      000527                       1693 00135$:
                                   1694 ;	C:\Users\tonyp\AppData\Local\Arduino15\packages\CH55xDuino\hardware\mcs51\0.0.23\cores\ch55xduino\USBhandler.c:457: if (UIF_BUS_RST) {
      000527 30 D8 1A         [24] 1695 	jnb	_UIF_BUS_RST,00137$
                                   1696 ;	C:\Users\tonyp\AppData\Local\Arduino15\packages\CH55xDuino\hardware\mcs51\0.0.23\cores\ch55xduino\USBhandler.c:458: UEP0_CTRL = UEP_R_RES_ACK | UEP_T_RES_NAK;
      00052A 75 DC 02         [24] 1697 	mov	_UEP0_CTRL,#0x02
                                   1698 ;	C:\Users\tonyp\AppData\Local\Arduino15\packages\CH55xDuino\hardware\mcs51\0.0.23\cores\ch55xduino\USBhandler.c:460: UEP_T_RES_NAK; // Endpoint 1 automatically flips the sync flag,
      00052D 75 D2 12         [24] 1699 	mov	_UEP1_CTRL,#0x12
                                   1700 ;	C:\Users\tonyp\AppData\Local\Arduino15\packages\CH55xDuino\hardware\mcs51\0.0.23\cores\ch55xduino\USBhandler.c:463: UEP_R_RES_ACK; // Endpoint 2 automatically flips the sync flag,
      000530 75 D4 12         [24] 1701 	mov	_UEP2_CTRL,#0x12
                                   1702 ;	C:\Users\tonyp\AppData\Local\Arduino15\packages\CH55xDuino\hardware\mcs51\0.0.23\cores\ch55xduino\USBhandler.c:468: USB_DEV_AD = 0x00;
      000533 75 E3 00         [24] 1703 	mov	_USB_DEV_AD,#0x00
                                   1704 ;	C:\Users\tonyp\AppData\Local\Arduino15\packages\CH55xDuino\hardware\mcs51\0.0.23\cores\ch55xduino\USBhandler.c:469: UIF_SUSPEND = 0;
                                   1705 ;	assignBit
      000536 C2 DA            [12] 1706 	clr	_UIF_SUSPEND
                                   1707 ;	C:\Users\tonyp\AppData\Local\Arduino15\packages\CH55xDuino\hardware\mcs51\0.0.23\cores\ch55xduino\USBhandler.c:470: UIF_TRANSFER = 0;
                                   1708 ;	assignBit
      000538 C2 D9            [12] 1709 	clr	_UIF_TRANSFER
                                   1710 ;	C:\Users\tonyp\AppData\Local\Arduino15\packages\CH55xDuino\hardware\mcs51\0.0.23\cores\ch55xduino\USBhandler.c:471: UIF_BUS_RST = 0; // Clear interrupt flag
                                   1711 ;	assignBit
      00053A C2 D8            [12] 1712 	clr	_UIF_BUS_RST
                                   1713 ;	C:\Users\tonyp\AppData\Local\Arduino15\packages\CH55xDuino\hardware\mcs51\0.0.23\cores\ch55xduino\USBhandler.c:473: UsbConfig = 0;
      00053C 90r00r00         [24] 1714 	mov	dptr,#_UsbConfig
      00053F E4               [12] 1715 	clr	a
      000540 F0               [24] 1716 	movx	@dptr,a
                                   1717 ;	C:\Users\tonyp\AppData\Local\Arduino15\packages\CH55xDuino\hardware\mcs51\0.0.23\cores\ch55xduino\USBhandler.c:475: resetCDCParameters();
      000541 12r00r00         [24] 1718 	lcall	_resetCDCParameters
      000544                       1719 00137$:
                                   1720 ;	C:\Users\tonyp\AppData\Local\Arduino15\packages\CH55xDuino\hardware\mcs51\0.0.23\cores\ch55xduino\USBhandler.c:479: if (UIF_SUSPEND) {
                                   1721 ;	C:\Users\tonyp\AppData\Local\Arduino15\packages\CH55xDuino\hardware\mcs51\0.0.23\cores\ch55xduino\USBhandler.c:480: UIF_SUSPEND = 0;
                                   1722 ;	assignBit
      000544 10 DA 01         [24] 1723 	jbc	_UIF_SUSPEND,00222$
      000547 22               [24] 1724 	ret
      000548                       1725 00222$:
                                   1726 ;	C:\Users\tonyp\AppData\Local\Arduino15\packages\CH55xDuino\hardware\mcs51\0.0.23\cores\ch55xduino\USBhandler.c:481: if (USB_MIS_ST & bUMS_SUSPEND) { // Suspend
      000548 E5 DA            [12] 1727 	mov	a,_USB_MIS_ST
      00054A 20 E2 03         [24] 1728 	jb	acc.2,00157$
                                   1729 ;	C:\Users\tonyp\AppData\Local\Arduino15\packages\CH55xDuino\hardware\mcs51\0.0.23\cores\ch55xduino\USBhandler.c:491: USB_INT_FG = 0xFF; // Clear interrupt flag
      00054D 75 D8 FF         [24] 1730 	mov	_USB_INT_FG,#0xff
      000550                       1731 00157$:
                                   1732 ;	C:\Users\tonyp\AppData\Local\Arduino15\packages\CH55xDuino\hardware\mcs51\0.0.23\cores\ch55xduino\USBhandler.c:494: }
      000550 22               [24] 1733 	ret
                                   1734 ;------------------------------------------------------------
                                   1735 ;Allocation info for local variables in function 'USBDeviceCfg'
                                   1736 ;------------------------------------------------------------
                                   1737 ;	C:\Users\tonyp\AppData\Local\Arduino15\packages\CH55xDuino\hardware\mcs51\0.0.23\cores\ch55xduino\USBhandler.c:497: void USBDeviceCfg() {
                                   1738 ;	-----------------------------------------
                                   1739 ;	 function USBDeviceCfg
                                   1740 ;	-----------------------------------------
      000551                       1741 _USBDeviceCfg:
                                   1742 ;	C:\Users\tonyp\AppData\Local\Arduino15\packages\CH55xDuino\hardware\mcs51\0.0.23\cores\ch55xduino\USBhandler.c:498: USB_CTRL = 0x00;            // Clear USB control register
      000551 75 E2 00         [24] 1743 	mov	_USB_CTRL,#0x00
                                   1744 ;	C:\Users\tonyp\AppData\Local\Arduino15\packages\CH55xDuino\hardware\mcs51\0.0.23\cores\ch55xduino\USBhandler.c:499: USB_CTRL &= ~bUC_HOST_MODE; // This bit is the device selection mode
      000554 53 E2 7F         [24] 1745 	anl	_USB_CTRL,#0x7f
                                   1746 ;	C:\Users\tonyp\AppData\Local\Arduino15\packages\CH55xDuino\hardware\mcs51\0.0.23\cores\ch55xduino\USBhandler.c:501: bUC_DMA_EN; // USB device and internal pull-up enable,
      000557 43 E2 29         [24] 1747 	orl	_USB_CTRL,#0x29
                                   1748 ;	C:\Users\tonyp\AppData\Local\Arduino15\packages\CH55xDuino\hardware\mcs51\0.0.23\cores\ch55xduino\USBhandler.c:504: USB_DEV_AD = 0x00;      // Device address initialization
      00055A 75 E3 00         [24] 1749 	mov	_USB_DEV_AD,#0x00
                                   1750 ;	C:\Users\tonyp\AppData\Local\Arduino15\packages\CH55xDuino\hardware\mcs51\0.0.23\cores\ch55xduino\USBhandler.c:507: USB_CTRL &= ~bUC_LOW_SPEED;
      00055D 53 E2 BF         [24] 1751 	anl	_USB_CTRL,#0xbf
                                   1752 ;	C:\Users\tonyp\AppData\Local\Arduino15\packages\CH55xDuino\hardware\mcs51\0.0.23\cores\ch55xduino\USBhandler.c:508: UDEV_CTRL &= ~bUD_LOW_SPEED; // Select full speed 12M mode, default mode
      000560 53 D1 FB         [24] 1753 	anl	_UDEV_CTRL,#0xfb
                                   1754 ;	C:\Users\tonyp\AppData\Local\Arduino15\packages\CH55xDuino\hardware\mcs51\0.0.23\cores\ch55xduino\USBhandler.c:511: UDEV_CTRL = bUD_PD_DIS; // Disable DP/DM pull-down resistor
      000563 75 D1 80         [24] 1755 	mov	_UDEV_CTRL,#0x80
                                   1756 ;	C:\Users\tonyp\AppData\Local\Arduino15\packages\CH55xDuino\hardware\mcs51\0.0.23\cores\ch55xduino\USBhandler.c:516: UDEV_CTRL |= bUD_PORT_EN; // Enable physical port
      000566 43 D1 01         [24] 1757 	orl	_UDEV_CTRL,#0x01
                                   1758 ;	C:\Users\tonyp\AppData\Local\Arduino15\packages\CH55xDuino\hardware\mcs51\0.0.23\cores\ch55xduino\USBhandler.c:517: }
      000569 22               [24] 1759 	ret
                                   1760 ;------------------------------------------------------------
                                   1761 ;Allocation info for local variables in function 'USBDeviceIntCfg'
                                   1762 ;------------------------------------------------------------
                                   1763 ;	C:\Users\tonyp\AppData\Local\Arduino15\packages\CH55xDuino\hardware\mcs51\0.0.23\cores\ch55xduino\USBhandler.c:519: void USBDeviceIntCfg() {
                                   1764 ;	-----------------------------------------
                                   1765 ;	 function USBDeviceIntCfg
                                   1766 ;	-----------------------------------------
      00056A                       1767 _USBDeviceIntCfg:
                                   1768 ;	C:\Users\tonyp\AppData\Local\Arduino15\packages\CH55xDuino\hardware\mcs51\0.0.23\cores\ch55xduino\USBhandler.c:520: USB_INT_EN |= bUIE_SUSPEND;  // Enable device hang interrupt
      00056A 43 E1 04         [24] 1769 	orl	_USB_INT_EN,#0x04
                                   1770 ;	C:\Users\tonyp\AppData\Local\Arduino15\packages\CH55xDuino\hardware\mcs51\0.0.23\cores\ch55xduino\USBhandler.c:521: USB_INT_EN |= bUIE_TRANSFER; // Enable USB transfer completion interrupt
      00056D 43 E1 02         [24] 1771 	orl	_USB_INT_EN,#0x02
                                   1772 ;	C:\Users\tonyp\AppData\Local\Arduino15\packages\CH55xDuino\hardware\mcs51\0.0.23\cores\ch55xduino\USBhandler.c:522: USB_INT_EN |= bUIE_BUS_RST;  // Enable device mode USB bus reset interrupt
      000570 43 E1 01         [24] 1773 	orl	_USB_INT_EN,#0x01
                                   1774 ;	C:\Users\tonyp\AppData\Local\Arduino15\packages\CH55xDuino\hardware\mcs51\0.0.23\cores\ch55xduino\USBhandler.c:523: USB_INT_FG |= 0x1F;          // Clear interrupt flag
      000573 43 D8 1F         [24] 1775 	orl	_USB_INT_FG,#0x1f
                                   1776 ;	C:\Users\tonyp\AppData\Local\Arduino15\packages\CH55xDuino\hardware\mcs51\0.0.23\cores\ch55xduino\USBhandler.c:524: IE_USB = 1;                  // Enable USB interrupt
                                   1777 ;	assignBit
      000576 D2 EA            [12] 1778 	setb	_IE_USB
                                   1779 ;	C:\Users\tonyp\AppData\Local\Arduino15\packages\CH55xDuino\hardware\mcs51\0.0.23\cores\ch55xduino\USBhandler.c:525: EA = 1;                      // Enable global interrupts
                                   1780 ;	assignBit
      000578 D2 AF            [12] 1781 	setb	_EA
                                   1782 ;	C:\Users\tonyp\AppData\Local\Arduino15\packages\CH55xDuino\hardware\mcs51\0.0.23\cores\ch55xduino\USBhandler.c:526: }
      00057A 22               [24] 1783 	ret
                                   1784 ;------------------------------------------------------------
                                   1785 ;Allocation info for local variables in function 'USBDeviceEndPointCfg'
                                   1786 ;------------------------------------------------------------
                                   1787 ;	C:\Users\tonyp\AppData\Local\Arduino15\packages\CH55xDuino\hardware\mcs51\0.0.23\cores\ch55xduino\USBhandler.c:528: void USBDeviceEndPointCfg() {
                                   1788 ;	-----------------------------------------
                                   1789 ;	 function USBDeviceEndPointCfg
                                   1790 ;	-----------------------------------------
      00057B                       1791 _USBDeviceEndPointCfg:
                                   1792 ;	C:\Users\tonyp\AppData\Local\Arduino15\packages\CH55xDuino\hardware\mcs51\0.0.23\cores\ch55xduino\USBhandler.c:538: UEP0_DMA = (uint16_t)Ep0Buffer; // Endpoint 0 data transfer address
      00057B 7E 00            [12] 1793 	mov	r6,#_Ep0Buffer
      00057D 7F 00            [12] 1794 	mov	r7,#(_Ep0Buffer >> 8)
      00057F 8E EC            [24] 1795 	mov	((_UEP0_DMA >> 0) & 0xFF),r6
      000581 8F ED            [24] 1796 	mov	((_UEP0_DMA >> 8) & 0xFF),r7
                                   1797 ;	C:\Users\tonyp\AppData\Local\Arduino15\packages\CH55xDuino\hardware\mcs51\0.0.23\cores\ch55xduino\USBhandler.c:539: UEP1_DMA = (uint16_t)Ep1Buffer; // Endpoint 1 data transfer address
      000583 7E 0A            [12] 1798 	mov	r6,#_Ep1Buffer
      000585 7F 00            [12] 1799 	mov	r7,#(_Ep1Buffer >> 8)
      000587 8E EE            [24] 1800 	mov	((_UEP1_DMA >> 0) & 0xFF),r6
      000589 8F EF            [24] 1801 	mov	((_UEP1_DMA >> 8) & 0xFF),r7
                                   1802 ;	C:\Users\tonyp\AppData\Local\Arduino15\packages\CH55xDuino\hardware\mcs51\0.0.23\cores\ch55xduino\USBhandler.c:540: UEP2_DMA = (uint16_t)Ep2Buffer; // Endpoint 2 data transfer address
      00058B 7E 14            [12] 1803 	mov	r6,#_Ep2Buffer
      00058D 7F 00            [12] 1804 	mov	r7,#(_Ep2Buffer >> 8)
      00058F 8E E4            [24] 1805 	mov	((_UEP2_DMA >> 0) & 0xFF),r6
      000591 8F E5            [24] 1806 	mov	((_UEP2_DMA >> 8) & 0xFF),r7
                                   1807 ;	C:\Users\tonyp\AppData\Local\Arduino15\packages\CH55xDuino\hardware\mcs51\0.0.23\cores\ch55xduino\USBhandler.c:543: UEP2_3_MOD = 0x0C; // Endpoint2 double buffer
      000593 75 EB 0C         [24] 1808 	mov	_UEP2_3_MOD,#0x0c
                                   1809 ;	C:\Users\tonyp\AppData\Local\Arduino15\packages\CH55xDuino\hardware\mcs51\0.0.23\cores\ch55xduino\USBhandler.c:545: bUEP_AUTO_TOG | UEP_T_RES_NAK; // Endpoint 1 automatically flips the sync
      000596 75 D2 12         [24] 1810 	mov	_UEP1_CTRL,#0x12
                                   1811 ;	C:\Users\tonyp\AppData\Local\Arduino15\packages\CH55xDuino\hardware\mcs51\0.0.23\cores\ch55xduino\USBhandler.c:548: UEP_R_RES_ACK; // Endpoint 2 automatically flips the sync flag, IN
      000599 75 D4 12         [24] 1812 	mov	_UEP2_CTRL,#0x12
                                   1813 ;	C:\Users\tonyp\AppData\Local\Arduino15\packages\CH55xDuino\hardware\mcs51\0.0.23\cores\ch55xduino\USBhandler.c:551: UEP4_1_MOD = 0X40; // endpoint1 TX enable
      00059C 75 EA 40         [24] 1814 	mov	_UEP4_1_MOD,#0x40
                                   1815 ;	C:\Users\tonyp\AppData\Local\Arduino15\packages\CH55xDuino\hardware\mcs51\0.0.23\cores\ch55xduino\USBhandler.c:553: UEP_R_RES_ACK | UEP_T_RES_NAK; // Manual flip, OUT transaction returns
      00059F 75 DC 02         [24] 1816 	mov	_UEP0_CTRL,#0x02
                                   1817 ;	C:\Users\tonyp\AppData\Local\Arduino15\packages\CH55xDuino\hardware\mcs51\0.0.23\cores\ch55xduino\USBhandler.c:555: }
      0005A2 22               [24] 1818 	ret
                                   1819 	.area CSEG    (CODE)
                                   1820 	.area CONST   (CODE)
                                   1821 	.area XINIT   (CODE)
                                   1822 	.area CABS    (ABS,CODE)
