                                      1 ;--------------------------------------------------------
                                      2 ; File Created by SDCC : free open source ISO C Compiler 
                                      3 ; Version 4.2.2 #13407 (MINGW32)
                                      4 ;--------------------------------------------------------
                                      5 	.module temp_sensor
                                      6 	.optsdcc -mmcs51 --model-large
                                      7 	
                                      8 ;--------------------------------------------------------
                                      9 ; Public variables in this module
                                     10 ;--------------------------------------------------------
                                     11 	.globl _DS18B20_readTemperatureFast
                                     12 	.globl _DS18B20_begin
                                     13 	.globl _VoltageController_setVoltage
                                     14 	.globl _delay
                                     15 	.globl _UIF_BUS_RST
                                     16 	.globl _UIF_DETECT
                                     17 	.globl _UIF_TRANSFER
                                     18 	.globl _UIF_SUSPEND
                                     19 	.globl _UIF_HST_SOF
                                     20 	.globl _UIF_FIFO_OV
                                     21 	.globl _U_SIE_FREE
                                     22 	.globl _U_TOG_OK
                                     23 	.globl _U_IS_NAK
                                     24 	.globl _ADC_CHAN0
                                     25 	.globl _ADC_CHAN1
                                     26 	.globl _CMP_CHAN
                                     27 	.globl _ADC_START
                                     28 	.globl _ADC_IF
                                     29 	.globl _CMP_IF
                                     30 	.globl _CMPO
                                     31 	.globl _U1RI
                                     32 	.globl _U1TI
                                     33 	.globl _U1RB8
                                     34 	.globl _U1TB8
                                     35 	.globl _U1REN
                                     36 	.globl _U1SMOD
                                     37 	.globl _U1SM0
                                     38 	.globl _S0_R_FIFO
                                     39 	.globl _S0_T_FIFO
                                     40 	.globl _S0_FREE
                                     41 	.globl _S0_IF_BYTE
                                     42 	.globl _S0_IF_FIRST
                                     43 	.globl _S0_IF_OV
                                     44 	.globl _S0_FST_ACT
                                     45 	.globl _CP_RL2
                                     46 	.globl _C_T2
                                     47 	.globl _TR2
                                     48 	.globl _EXEN2
                                     49 	.globl _TCLK
                                     50 	.globl _RCLK
                                     51 	.globl _EXF2
                                     52 	.globl _CAP1F
                                     53 	.globl _TF2
                                     54 	.globl _RI
                                     55 	.globl _TI
                                     56 	.globl _RB8
                                     57 	.globl _TB8
                                     58 	.globl _REN
                                     59 	.globl _SM2
                                     60 	.globl _SM1
                                     61 	.globl _SM0
                                     62 	.globl _IT0
                                     63 	.globl _IE0
                                     64 	.globl _IT1
                                     65 	.globl _IE1
                                     66 	.globl _TR0
                                     67 	.globl _TF0
                                     68 	.globl _TR1
                                     69 	.globl _TF1
                                     70 	.globl _P3_0
                                     71 	.globl _P3_1
                                     72 	.globl _P3_2
                                     73 	.globl _P3_3
                                     74 	.globl _P3_4
                                     75 	.globl _P3_5
                                     76 	.globl _P3_6
                                     77 	.globl _P3_7
                                     78 	.globl _RXD
                                     79 	.globl _PWM1_
                                     80 	.globl _TXD
                                     81 	.globl _PWM2_
                                     82 	.globl _AIN3
                                     83 	.globl _VBUS1
                                     84 	.globl _INT0
                                     85 	.globl _TXD1_
                                     86 	.globl _INT1
                                     87 	.globl _T0
                                     88 	.globl _RXD1_
                                     89 	.globl _PWM2
                                     90 	.globl _T1
                                     91 	.globl _UDP
                                     92 	.globl _UDM
                                     93 	.globl _P1_0
                                     94 	.globl _P1_1
                                     95 	.globl _P1_2
                                     96 	.globl _P1_3
                                     97 	.globl _P1_4
                                     98 	.globl _P1_5
                                     99 	.globl _P1_6
                                    100 	.globl _P1_7
                                    101 	.globl _TIN0
                                    102 	.globl _CAP1
                                    103 	.globl _T2
                                    104 	.globl _AIN0
                                    105 	.globl _VBUS2
                                    106 	.globl _TIN1
                                    107 	.globl _CAP2
                                    108 	.globl _T2EX
                                    109 	.globl _RXD_
                                    110 	.globl _TXD_
                                    111 	.globl _AIN1
                                    112 	.globl _UCC1
                                    113 	.globl _TIN2
                                    114 	.globl _SCS
                                    115 	.globl _CAP1_
                                    116 	.globl _T2_
                                    117 	.globl _AIN2
                                    118 	.globl _UCC2
                                    119 	.globl _TIN3
                                    120 	.globl _PWM1
                                    121 	.globl _MOSI
                                    122 	.globl _TIN4
                                    123 	.globl _RXD1
                                    124 	.globl _MISO
                                    125 	.globl _TIN5
                                    126 	.globl _TXD1
                                    127 	.globl _SCK
                                    128 	.globl _IE_SPI0
                                    129 	.globl _IE_TKEY
                                    130 	.globl _IE_USB
                                    131 	.globl _IE_ADC
                                    132 	.globl _IE_UART1
                                    133 	.globl _IE_PWMX
                                    134 	.globl _IE_GPIO
                                    135 	.globl _IE_WDOG
                                    136 	.globl _PX0
                                    137 	.globl _PT0
                                    138 	.globl _PX1
                                    139 	.globl _PT1
                                    140 	.globl _PS
                                    141 	.globl _PT2
                                    142 	.globl _PL_FLAG
                                    143 	.globl _PH_FLAG
                                    144 	.globl _EX0
                                    145 	.globl _ET0
                                    146 	.globl _EX1
                                    147 	.globl _ET1
                                    148 	.globl _ES
                                    149 	.globl _ET2
                                    150 	.globl _E_DIS
                                    151 	.globl _EA
                                    152 	.globl _P
                                    153 	.globl _F1
                                    154 	.globl _OV
                                    155 	.globl _RS0
                                    156 	.globl _RS1
                                    157 	.globl _F0
                                    158 	.globl _AC
                                    159 	.globl _CY
                                    160 	.globl _UEP1_DMA_H
                                    161 	.globl _UEP1_DMA_L
                                    162 	.globl _UEP1_DMA
                                    163 	.globl _UEP0_DMA_H
                                    164 	.globl _UEP0_DMA_L
                                    165 	.globl _UEP0_DMA
                                    166 	.globl _UEP2_3_MOD
                                    167 	.globl _UEP4_1_MOD
                                    168 	.globl _UEP3_DMA_H
                                    169 	.globl _UEP3_DMA_L
                                    170 	.globl _UEP3_DMA
                                    171 	.globl _UEP2_DMA_H
                                    172 	.globl _UEP2_DMA_L
                                    173 	.globl _UEP2_DMA
                                    174 	.globl _USB_DEV_AD
                                    175 	.globl _USB_CTRL
                                    176 	.globl _USB_INT_EN
                                    177 	.globl _UEP4_T_LEN
                                    178 	.globl _UEP4_CTRL
                                    179 	.globl _UEP0_T_LEN
                                    180 	.globl _UEP0_CTRL
                                    181 	.globl _USB_RX_LEN
                                    182 	.globl _USB_MIS_ST
                                    183 	.globl _USB_INT_ST
                                    184 	.globl _USB_INT_FG
                                    185 	.globl _UEP3_T_LEN
                                    186 	.globl _UEP3_CTRL
                                    187 	.globl _UEP2_T_LEN
                                    188 	.globl _UEP2_CTRL
                                    189 	.globl _UEP1_T_LEN
                                    190 	.globl _UEP1_CTRL
                                    191 	.globl _UDEV_CTRL
                                    192 	.globl _USB_C_CTRL
                                    193 	.globl _TKEY_DATH
                                    194 	.globl _TKEY_DATL
                                    195 	.globl _TKEY_DAT
                                    196 	.globl _TKEY_CTRL
                                    197 	.globl _ADC_DATA
                                    198 	.globl _ADC_CFG
                                    199 	.globl _ADC_CTRL
                                    200 	.globl _SBAUD1
                                    201 	.globl _SBUF1
                                    202 	.globl _SCON1
                                    203 	.globl _SPI0_SETUP
                                    204 	.globl _SPI0_CK_SE
                                    205 	.globl _SPI0_CTRL
                                    206 	.globl _SPI0_DATA
                                    207 	.globl _SPI0_STAT
                                    208 	.globl _PWM_CK_SE
                                    209 	.globl _PWM_CTRL
                                    210 	.globl _PWM_DATA1
                                    211 	.globl _PWM_DATA2
                                    212 	.globl _T2CAP1H
                                    213 	.globl _T2CAP1L
                                    214 	.globl _T2CAP1
                                    215 	.globl _TH2
                                    216 	.globl _TL2
                                    217 	.globl _T2COUNT
                                    218 	.globl _RCAP2H
                                    219 	.globl _RCAP2L
                                    220 	.globl _RCAP2
                                    221 	.globl _T2MOD
                                    222 	.globl _T2CON
                                    223 	.globl _SBUF
                                    224 	.globl _SCON
                                    225 	.globl _TH1
                                    226 	.globl _TH0
                                    227 	.globl _TL1
                                    228 	.globl _TL0
                                    229 	.globl _TMOD
                                    230 	.globl _TCON
                                    231 	.globl _XBUS_AUX
                                    232 	.globl _PIN_FUNC
                                    233 	.globl _P3_DIR_PU
                                    234 	.globl _P3_MOD_OC
                                    235 	.globl _P3
                                    236 	.globl _P2
                                    237 	.globl _P1_DIR_PU
                                    238 	.globl _P1_MOD_OC
                                    239 	.globl _P1
                                    240 	.globl _ROM_CTRL
                                    241 	.globl _ROM_DATA_H
                                    242 	.globl _ROM_DATA_L
                                    243 	.globl _ROM_DATA
                                    244 	.globl _ROM_ADDR_H
                                    245 	.globl _ROM_ADDR_L
                                    246 	.globl _ROM_ADDR
                                    247 	.globl _GPIO_IE
                                    248 	.globl _IP_EX
                                    249 	.globl _IE_EX
                                    250 	.globl _IP
                                    251 	.globl _IE
                                    252 	.globl _WDOG_COUNT
                                    253 	.globl _RESET_KEEP
                                    254 	.globl _WAKE_CTRL
                                    255 	.globl _CLOCK_CFG
                                    256 	.globl _PCON
                                    257 	.globl _GLOBAL_CFG
                                    258 	.globl _SAFE_MOD
                                    259 	.globl _DPH
                                    260 	.globl _DPL
                                    261 	.globl _SP
                                    262 	.globl _B
                                    263 	.globl _ACC
                                    264 	.globl _PSW
                                    265 	.globl _TempController_begin_PARM_3
                                    266 	.globl _TempController_begin_PARM_2
                                    267 	.globl _TempController_begin
                                    268 	.globl _TempController_update
                                    269 	.globl _TempController_isOverheat
                                    270 	.globl _TempController_getTemperature
                                    271 	.globl _TempController_getTargetRPM
                                    272 	.globl _TempController_isReady
                                    273 ;--------------------------------------------------------
                                    274 ; special function registers
                                    275 ;--------------------------------------------------------
                                    276 	.area RSEG    (ABS,DATA)
      000000                        277 	.org 0x0000
                           0000D0   278 _PSW	=	0x00d0
                           0000E0   279 _ACC	=	0x00e0
                           0000F0   280 _B	=	0x00f0
                           000081   281 _SP	=	0x0081
                           000082   282 _DPL	=	0x0082
                           000083   283 _DPH	=	0x0083
                           0000A1   284 _SAFE_MOD	=	0x00a1
                           0000B1   285 _GLOBAL_CFG	=	0x00b1
                           000087   286 _PCON	=	0x0087
                           0000B9   287 _CLOCK_CFG	=	0x00b9
                           0000A9   288 _WAKE_CTRL	=	0x00a9
                           0000FE   289 _RESET_KEEP	=	0x00fe
                           0000FF   290 _WDOG_COUNT	=	0x00ff
                           0000A8   291 _IE	=	0x00a8
                           0000B8   292 _IP	=	0x00b8
                           0000E8   293 _IE_EX	=	0x00e8
                           0000E9   294 _IP_EX	=	0x00e9
                           0000C7   295 _GPIO_IE	=	0x00c7
                           008584   296 _ROM_ADDR	=	0x8584
                           000084   297 _ROM_ADDR_L	=	0x0084
                           000085   298 _ROM_ADDR_H	=	0x0085
                           008F8E   299 _ROM_DATA	=	0x8f8e
                           00008E   300 _ROM_DATA_L	=	0x008e
                           00008F   301 _ROM_DATA_H	=	0x008f
                           000086   302 _ROM_CTRL	=	0x0086
                           000090   303 _P1	=	0x0090
                           000092   304 _P1_MOD_OC	=	0x0092
                           000093   305 _P1_DIR_PU	=	0x0093
                           0000A0   306 _P2	=	0x00a0
                           0000B0   307 _P3	=	0x00b0
                           000096   308 _P3_MOD_OC	=	0x0096
                           000097   309 _P3_DIR_PU	=	0x0097
                           0000C6   310 _PIN_FUNC	=	0x00c6
                           0000A2   311 _XBUS_AUX	=	0x00a2
                           000088   312 _TCON	=	0x0088
                           000089   313 _TMOD	=	0x0089
                           00008A   314 _TL0	=	0x008a
                           00008B   315 _TL1	=	0x008b
                           00008C   316 _TH0	=	0x008c
                           00008D   317 _TH1	=	0x008d
                           000098   318 _SCON	=	0x0098
                           000099   319 _SBUF	=	0x0099
                           0000C8   320 _T2CON	=	0x00c8
                           0000C9   321 _T2MOD	=	0x00c9
                           00CBCA   322 _RCAP2	=	0xcbca
                           0000CA   323 _RCAP2L	=	0x00ca
                           0000CB   324 _RCAP2H	=	0x00cb
                           00CDCC   325 _T2COUNT	=	0xcdcc
                           0000CC   326 _TL2	=	0x00cc
                           0000CD   327 _TH2	=	0x00cd
                           00CFCE   328 _T2CAP1	=	0xcfce
                           0000CE   329 _T2CAP1L	=	0x00ce
                           0000CF   330 _T2CAP1H	=	0x00cf
                           00009B   331 _PWM_DATA2	=	0x009b
                           00009C   332 _PWM_DATA1	=	0x009c
                           00009D   333 _PWM_CTRL	=	0x009d
                           00009E   334 _PWM_CK_SE	=	0x009e
                           0000F8   335 _SPI0_STAT	=	0x00f8
                           0000F9   336 _SPI0_DATA	=	0x00f9
                           0000FA   337 _SPI0_CTRL	=	0x00fa
                           0000FB   338 _SPI0_CK_SE	=	0x00fb
                           0000FC   339 _SPI0_SETUP	=	0x00fc
                           0000C0   340 _SCON1	=	0x00c0
                           0000C1   341 _SBUF1	=	0x00c1
                           0000C2   342 _SBAUD1	=	0x00c2
                           000080   343 _ADC_CTRL	=	0x0080
                           00009A   344 _ADC_CFG	=	0x009a
                           00009F   345 _ADC_DATA	=	0x009f
                           0000C3   346 _TKEY_CTRL	=	0x00c3
                           00C5C4   347 _TKEY_DAT	=	0xc5c4
                           0000C4   348 _TKEY_DATL	=	0x00c4
                           0000C5   349 _TKEY_DATH	=	0x00c5
                           000091   350 _USB_C_CTRL	=	0x0091
                           0000D1   351 _UDEV_CTRL	=	0x00d1
                           0000D2   352 _UEP1_CTRL	=	0x00d2
                           0000D3   353 _UEP1_T_LEN	=	0x00d3
                           0000D4   354 _UEP2_CTRL	=	0x00d4
                           0000D5   355 _UEP2_T_LEN	=	0x00d5
                           0000D6   356 _UEP3_CTRL	=	0x00d6
                           0000D7   357 _UEP3_T_LEN	=	0x00d7
                           0000D8   358 _USB_INT_FG	=	0x00d8
                           0000D9   359 _USB_INT_ST	=	0x00d9
                           0000DA   360 _USB_MIS_ST	=	0x00da
                           0000DB   361 _USB_RX_LEN	=	0x00db
                           0000DC   362 _UEP0_CTRL	=	0x00dc
                           0000DD   363 _UEP0_T_LEN	=	0x00dd
                           0000DE   364 _UEP4_CTRL	=	0x00de
                           0000DF   365 _UEP4_T_LEN	=	0x00df
                           0000E1   366 _USB_INT_EN	=	0x00e1
                           0000E2   367 _USB_CTRL	=	0x00e2
                           0000E3   368 _USB_DEV_AD	=	0x00e3
                           00E5E4   369 _UEP2_DMA	=	0xe5e4
                           0000E4   370 _UEP2_DMA_L	=	0x00e4
                           0000E5   371 _UEP2_DMA_H	=	0x00e5
                           00E7E6   372 _UEP3_DMA	=	0xe7e6
                           0000E6   373 _UEP3_DMA_L	=	0x00e6
                           0000E7   374 _UEP3_DMA_H	=	0x00e7
                           0000EA   375 _UEP4_1_MOD	=	0x00ea
                           0000EB   376 _UEP2_3_MOD	=	0x00eb
                           00EDEC   377 _UEP0_DMA	=	0xedec
                           0000EC   378 _UEP0_DMA_L	=	0x00ec
                           0000ED   379 _UEP0_DMA_H	=	0x00ed
                           00EFEE   380 _UEP1_DMA	=	0xefee
                           0000EE   381 _UEP1_DMA_L	=	0x00ee
                           0000EF   382 _UEP1_DMA_H	=	0x00ef
                                    383 ;--------------------------------------------------------
                                    384 ; special function bits
                                    385 ;--------------------------------------------------------
                                    386 	.area RSEG    (ABS,DATA)
      000000                        387 	.org 0x0000
                           0000D7   388 _CY	=	0x00d7
                           0000D6   389 _AC	=	0x00d6
                           0000D5   390 _F0	=	0x00d5
                           0000D4   391 _RS1	=	0x00d4
                           0000D3   392 _RS0	=	0x00d3
                           0000D2   393 _OV	=	0x00d2
                           0000D1   394 _F1	=	0x00d1
                           0000D0   395 _P	=	0x00d0
                           0000AF   396 _EA	=	0x00af
                           0000AE   397 _E_DIS	=	0x00ae
                           0000AD   398 _ET2	=	0x00ad
                           0000AC   399 _ES	=	0x00ac
                           0000AB   400 _ET1	=	0x00ab
                           0000AA   401 _EX1	=	0x00aa
                           0000A9   402 _ET0	=	0x00a9
                           0000A8   403 _EX0	=	0x00a8
                           0000BF   404 _PH_FLAG	=	0x00bf
                           0000BE   405 _PL_FLAG	=	0x00be
                           0000BD   406 _PT2	=	0x00bd
                           0000BC   407 _PS	=	0x00bc
                           0000BB   408 _PT1	=	0x00bb
                           0000BA   409 _PX1	=	0x00ba
                           0000B9   410 _PT0	=	0x00b9
                           0000B8   411 _PX0	=	0x00b8
                           0000EF   412 _IE_WDOG	=	0x00ef
                           0000EE   413 _IE_GPIO	=	0x00ee
                           0000ED   414 _IE_PWMX	=	0x00ed
                           0000EC   415 _IE_UART1	=	0x00ec
                           0000EB   416 _IE_ADC	=	0x00eb
                           0000EA   417 _IE_USB	=	0x00ea
                           0000E9   418 _IE_TKEY	=	0x00e9
                           0000E8   419 _IE_SPI0	=	0x00e8
                           000097   420 _SCK	=	0x0097
                           000097   421 _TXD1	=	0x0097
                           000097   422 _TIN5	=	0x0097
                           000096   423 _MISO	=	0x0096
                           000096   424 _RXD1	=	0x0096
                           000096   425 _TIN4	=	0x0096
                           000095   426 _MOSI	=	0x0095
                           000095   427 _PWM1	=	0x0095
                           000095   428 _TIN3	=	0x0095
                           000095   429 _UCC2	=	0x0095
                           000095   430 _AIN2	=	0x0095
                           000094   431 _T2_	=	0x0094
                           000094   432 _CAP1_	=	0x0094
                           000094   433 _SCS	=	0x0094
                           000094   434 _TIN2	=	0x0094
                           000094   435 _UCC1	=	0x0094
                           000094   436 _AIN1	=	0x0094
                           000093   437 _TXD_	=	0x0093
                           000092   438 _RXD_	=	0x0092
                           000091   439 _T2EX	=	0x0091
                           000091   440 _CAP2	=	0x0091
                           000091   441 _TIN1	=	0x0091
                           000091   442 _VBUS2	=	0x0091
                           000091   443 _AIN0	=	0x0091
                           000090   444 _T2	=	0x0090
                           000090   445 _CAP1	=	0x0090
                           000090   446 _TIN0	=	0x0090
                           000097   447 _P1_7	=	0x0097
                           000096   448 _P1_6	=	0x0096
                           000095   449 _P1_5	=	0x0095
                           000094   450 _P1_4	=	0x0094
                           000093   451 _P1_3	=	0x0093
                           000092   452 _P1_2	=	0x0092
                           000091   453 _P1_1	=	0x0091
                           000090   454 _P1_0	=	0x0090
                           0000B7   455 _UDM	=	0x00b7
                           0000B6   456 _UDP	=	0x00b6
                           0000B5   457 _T1	=	0x00b5
                           0000B4   458 _PWM2	=	0x00b4
                           0000B4   459 _RXD1_	=	0x00b4
                           0000B4   460 _T0	=	0x00b4
                           0000B3   461 _INT1	=	0x00b3
                           0000B2   462 _TXD1_	=	0x00b2
                           0000B2   463 _INT0	=	0x00b2
                           0000B2   464 _VBUS1	=	0x00b2
                           0000B2   465 _AIN3	=	0x00b2
                           0000B1   466 _PWM2_	=	0x00b1
                           0000B1   467 _TXD	=	0x00b1
                           0000B0   468 _PWM1_	=	0x00b0
                           0000B0   469 _RXD	=	0x00b0
                           0000B7   470 _P3_7	=	0x00b7
                           0000B6   471 _P3_6	=	0x00b6
                           0000B5   472 _P3_5	=	0x00b5
                           0000B4   473 _P3_4	=	0x00b4
                           0000B3   474 _P3_3	=	0x00b3
                           0000B2   475 _P3_2	=	0x00b2
                           0000B1   476 _P3_1	=	0x00b1
                           0000B0   477 _P3_0	=	0x00b0
                           00008F   478 _TF1	=	0x008f
                           00008E   479 _TR1	=	0x008e
                           00008D   480 _TF0	=	0x008d
                           00008C   481 _TR0	=	0x008c
                           00008B   482 _IE1	=	0x008b
                           00008A   483 _IT1	=	0x008a
                           000089   484 _IE0	=	0x0089
                           000088   485 _IT0	=	0x0088
                           00009F   486 _SM0	=	0x009f
                           00009E   487 _SM1	=	0x009e
                           00009D   488 _SM2	=	0x009d
                           00009C   489 _REN	=	0x009c
                           00009B   490 _TB8	=	0x009b
                           00009A   491 _RB8	=	0x009a
                           000099   492 _TI	=	0x0099
                           000098   493 _RI	=	0x0098
                           0000CF   494 _TF2	=	0x00cf
                           0000CF   495 _CAP1F	=	0x00cf
                           0000CE   496 _EXF2	=	0x00ce
                           0000CD   497 _RCLK	=	0x00cd
                           0000CC   498 _TCLK	=	0x00cc
                           0000CB   499 _EXEN2	=	0x00cb
                           0000CA   500 _TR2	=	0x00ca
                           0000C9   501 _C_T2	=	0x00c9
                           0000C8   502 _CP_RL2	=	0x00c8
                           0000FF   503 _S0_FST_ACT	=	0x00ff
                           0000FE   504 _S0_IF_OV	=	0x00fe
                           0000FD   505 _S0_IF_FIRST	=	0x00fd
                           0000FC   506 _S0_IF_BYTE	=	0x00fc
                           0000FB   507 _S0_FREE	=	0x00fb
                           0000FA   508 _S0_T_FIFO	=	0x00fa
                           0000F8   509 _S0_R_FIFO	=	0x00f8
                           0000C7   510 _U1SM0	=	0x00c7
                           0000C5   511 _U1SMOD	=	0x00c5
                           0000C4   512 _U1REN	=	0x00c4
                           0000C3   513 _U1TB8	=	0x00c3
                           0000C2   514 _U1RB8	=	0x00c2
                           0000C1   515 _U1TI	=	0x00c1
                           0000C0   516 _U1RI	=	0x00c0
                           000087   517 _CMPO	=	0x0087
                           000086   518 _CMP_IF	=	0x0086
                           000085   519 _ADC_IF	=	0x0085
                           000084   520 _ADC_START	=	0x0084
                           000083   521 _CMP_CHAN	=	0x0083
                           000081   522 _ADC_CHAN1	=	0x0081
                           000080   523 _ADC_CHAN0	=	0x0080
                           0000DF   524 _U_IS_NAK	=	0x00df
                           0000DE   525 _U_TOG_OK	=	0x00de
                           0000DD   526 _U_SIE_FREE	=	0x00dd
                           0000DC   527 _UIF_FIFO_OV	=	0x00dc
                           0000DB   528 _UIF_HST_SOF	=	0x00db
                           0000DA   529 _UIF_SUSPEND	=	0x00da
                           0000D9   530 _UIF_TRANSFER	=	0x00d9
                           0000D8   531 _UIF_DETECT	=	0x00d8
                           0000D8   532 _UIF_BUS_RST	=	0x00d8
                                    533 ;--------------------------------------------------------
                                    534 ; overlayable register banks
                                    535 ;--------------------------------------------------------
                                    536 	.area REG_BANK_0	(REL,OVR,DATA)
      000000                        537 	.ds 8
                                    538 ;--------------------------------------------------------
                                    539 ; internal ram data
                                    540 ;--------------------------------------------------------
                                    541 	.area DSEG    (DATA)
      000000                        542 _TempController_mapTempToRPM_sloc0_1_0:
      000000                        543 	.ds 4
      000004                        544 _TempController_begin_sloc0_1_0:
      000004                        545 	.ds 3
      000007                        546 _TempController_begin_sloc1_1_0:
      000007                        547 	.ds 3
      00000A                        548 _TempController_update_sloc0_1_0:
      00000A                        549 	.ds 4
      00000E                        550 _TempController_update_sloc1_1_0:
      00000E                        551 	.ds 3
                                    552 ;--------------------------------------------------------
                                    553 ; overlayable items in internal ram
                                    554 ;--------------------------------------------------------
                                    555 ;--------------------------------------------------------
                                    556 ; indirectly addressable internal ram data
                                    557 ;--------------------------------------------------------
                                    558 	.area ISEG    (DATA)
                                    559 ;--------------------------------------------------------
                                    560 ; absolute internal ram data
                                    561 ;--------------------------------------------------------
                                    562 	.area IABS    (ABS,DATA)
                                    563 	.area IABS    (ABS,DATA)
                                    564 ;--------------------------------------------------------
                                    565 ; bit data
                                    566 ;--------------------------------------------------------
                                    567 	.area BSEG    (BIT)
      000000                        568 _TempController_begin_sloc2_1_0:
      000000                        569 	.ds 1
      000001                        570 _TempController_isOverheat_sloc0_1_0:
      000001                        571 	.ds 1
                                    572 ;--------------------------------------------------------
                                    573 ; paged external ram data
                                    574 ;--------------------------------------------------------
                                    575 	.area PSEG    (PAG,XDATA)
                                    576 ;--------------------------------------------------------
                                    577 ; uninitialized external ram data
                                    578 ;--------------------------------------------------------
                                    579 	.area XSEG    (XDATA)
      000000                        580 _TempController_mapTempToVoltageLinear_temp_65536_192:
      000000                        581 	.ds 4
      000004                        582 _TempController_mapTempToVoltageLinear_voltage_65536_193:
      000004                        583 	.ds 4
      000008                        584 _TempController_mapTempToVoltageQuadratic_temp_65536_194:
      000008                        585 	.ds 4
      00000C                        586 _TempController_mapTempToVoltageQuadratic_norm_temp_65536_195:
      00000C                        587 	.ds 4
      000010                        588 _TempController_mapTempToVoltageQuadratic_voltage_65536_195:
      000010                        589 	.ds 4
      000014                        590 _TempController_mapTempToRPM_temp_65536_196:
      000014                        591 	.ds 4
      000018                        592 _TempController_begin_PARM_2:
      000018                        593 	.ds 3
      00001B                        594 _TempController_begin_PARM_3:
      00001B                        595 	.ds 3
      00001E                        596 _TempController_begin_tc_65536_198:
      00001E                        597 	.ds 3
      000021                        598 _TempController_update_tc_65536_202:
      000021                        599 	.ds 3
      000024                        600 _TempController_isOverheat_tc_65536_208:
      000024                        601 	.ds 3
      000027                        602 _TempController_getTemperature_tc_65536_210:
      000027                        603 	.ds 3
      00002A                        604 _TempController_getTargetRPM_tc_65536_212:
      00002A                        605 	.ds 3
      00002D                        606 _TempController_isReady_tc_65536_214:
      00002D                        607 	.ds 3
                                    608 ;--------------------------------------------------------
                                    609 ; absolute external ram data
                                    610 ;--------------------------------------------------------
                                    611 	.area XABS    (ABS,XDATA)
                                    612 ;--------------------------------------------------------
                                    613 ; initialized external ram data
                                    614 ;--------------------------------------------------------
                                    615 	.area XISEG   (XDATA)
                                    616 	.area HOME    (CODE)
                                    617 	.area GSINIT0 (CODE)
                                    618 	.area GSINIT1 (CODE)
                                    619 	.area GSINIT2 (CODE)
                                    620 	.area GSINIT3 (CODE)
                                    621 	.area GSINIT4 (CODE)
                                    622 	.area GSINIT5 (CODE)
                                    623 	.area GSINIT  (CODE)
                                    624 	.area GSFINAL (CODE)
                                    625 	.area CSEG    (CODE)
                                    626 ;--------------------------------------------------------
                                    627 ; global & static initialisations
                                    628 ;--------------------------------------------------------
                                    629 	.area HOME    (CODE)
                                    630 	.area GSINIT  (CODE)
                                    631 	.area GSFINAL (CODE)
                                    632 	.area GSINIT  (CODE)
                                    633 ;--------------------------------------------------------
                                    634 ; Home
                                    635 ;--------------------------------------------------------
                                    636 	.area HOME    (CODE)
                                    637 	.area HOME    (CODE)
                                    638 ;--------------------------------------------------------
                                    639 ; code
                                    640 ;--------------------------------------------------------
                                    641 	.area CSEG    (CODE)
                                    642 ;------------------------------------------------------------
                                    643 ;Allocation info for local variables in function 'TempController_mapTempToVoltageLinear'
                                    644 ;------------------------------------------------------------
                                    645 ;temp                      Allocated with name '_TempController_mapTempToVoltageLinear_temp_65536_192'
                                    646 ;voltage                   Allocated with name '_TempController_mapTempToVoltageLinear_voltage_65536_193'
                                    647 ;------------------------------------------------------------
                                    648 ;	C:\Users\tonyp\Downloads\ch552-turbo-fan-ctrl\src\temp_sensor.c:10: static float TempController_mapTempToVoltageLinear(float temp) {
                                    649 ;	-----------------------------------------
                                    650 ;	 function TempController_mapTempToVoltageLinear
                                    651 ;	-----------------------------------------
      000000                        652 _TempController_mapTempToVoltageLinear:
                           000007   653 	ar7 = 0x07
                           000006   654 	ar6 = 0x06
                           000005   655 	ar5 = 0x05
                           000004   656 	ar4 = 0x04
                           000003   657 	ar3 = 0x03
                           000002   658 	ar2 = 0x02
                           000001   659 	ar1 = 0x01
                           000000   660 	ar0 = 0x00
      000000 AF 82            [24]  661 	mov	r7,dpl
      000002 AE 83            [24]  662 	mov	r6,dph
      000004 AD F0            [24]  663 	mov	r5,b
      000006 FC               [12]  664 	mov	r4,a
      000007 90r00r00         [24]  665 	mov	dptr,#_TempController_mapTempToVoltageLinear_temp_65536_192
      00000A EF               [12]  666 	mov	a,r7
      00000B F0               [24]  667 	movx	@dptr,a
      00000C EE               [12]  668 	mov	a,r6
      00000D A3               [24]  669 	inc	dptr
      00000E F0               [24]  670 	movx	@dptr,a
      00000F ED               [12]  671 	mov	a,r5
      000010 A3               [24]  672 	inc	dptr
      000011 F0               [24]  673 	movx	@dptr,a
      000012 EC               [12]  674 	mov	a,r4
      000013 A3               [24]  675 	inc	dptr
      000014 F0               [24]  676 	movx	@dptr,a
                                    677 ;	C:\Users\tonyp\Downloads\ch552-turbo-fan-ctrl\src\temp_sensor.c:11: float voltage = TEMP_VOLTAGE_K * temp + TEMP_VOLTAGE_B;
      000015 90r00r00         [24]  678 	mov	dptr,#_TempController_mapTempToVoltageLinear_temp_65536_192
      000018 E0               [24]  679 	movx	a,@dptr
      000019 C0 E0            [24]  680 	push	acc
      00001B A3               [24]  681 	inc	dptr
      00001C E0               [24]  682 	movx	a,@dptr
      00001D C0 E0            [24]  683 	push	acc
      00001F A3               [24]  684 	inc	dptr
      000020 E0               [24]  685 	movx	a,@dptr
      000021 C0 E0            [24]  686 	push	acc
      000023 A3               [24]  687 	inc	dptr
      000024 E0               [24]  688 	movx	a,@dptr
      000025 C0 E0            [24]  689 	push	acc
      000027 90 EE F0         [24]  690 	mov	dptr,#0xeef0
      00002A 75 F0 EE         [24]  691 	mov	b,#0xee
      00002D 74 3E            [12]  692 	mov	a,#0x3e
      00002F 12r00r00         [24]  693 	lcall	___fsmul
      000032 AC 82            [24]  694 	mov	r4,dpl
      000034 AD 83            [24]  695 	mov	r5,dph
      000036 AE F0            [24]  696 	mov	r6,b
      000038 FF               [12]  697 	mov	r7,a
      000039 E5 81            [12]  698 	mov	a,sp
      00003B 24 FC            [12]  699 	add	a,#0xfc
      00003D F5 81            [12]  700 	mov	sp,a
      00003F E4               [12]  701 	clr	a
      000040 C0 E0            [24]  702 	push	acc
      000042 C0 E0            [24]  703 	push	acc
      000044 74 10            [12]  704 	mov	a,#0x10
      000046 C0 E0            [24]  705 	push	acc
      000048 74 C1            [12]  706 	mov	a,#0xc1
      00004A C0 E0            [24]  707 	push	acc
      00004C 8C 82            [24]  708 	mov	dpl,r4
      00004E 8D 83            [24]  709 	mov	dph,r5
      000050 8E F0            [24]  710 	mov	b,r6
      000052 EF               [12]  711 	mov	a,r7
      000053 12r00r00         [24]  712 	lcall	___fsadd
      000056 AC 82            [24]  713 	mov	r4,dpl
      000058 AD 83            [24]  714 	mov	r5,dph
      00005A AE F0            [24]  715 	mov	r6,b
      00005C FF               [12]  716 	mov	r7,a
      00005D E5 81            [12]  717 	mov	a,sp
      00005F 24 FC            [12]  718 	add	a,#0xfc
      000061 F5 81            [12]  719 	mov	sp,a
      000063 90r00r04         [24]  720 	mov	dptr,#_TempController_mapTempToVoltageLinear_voltage_65536_193
      000066 EC               [12]  721 	mov	a,r4
      000067 F0               [24]  722 	movx	@dptr,a
      000068 ED               [12]  723 	mov	a,r5
      000069 A3               [24]  724 	inc	dptr
      00006A F0               [24]  725 	movx	@dptr,a
      00006B EE               [12]  726 	mov	a,r6
      00006C A3               [24]  727 	inc	dptr
      00006D F0               [24]  728 	movx	@dptr,a
      00006E EF               [12]  729 	mov	a,r7
      00006F A3               [24]  730 	inc	dptr
      000070 F0               [24]  731 	movx	@dptr,a
                                    732 ;	C:\Users\tonyp\Downloads\ch552-turbo-fan-ctrl\src\temp_sensor.c:12: if (voltage < VOUT_MIN) voltage = VOUT_MIN;
      000071 74 66            [12]  733 	mov	a,#0x66
      000073 C0 E0            [24]  734 	push	acc
      000075 C0 E0            [24]  735 	push	acc
      000077 74 A6            [12]  736 	mov	a,#0xa6
      000079 C0 E0            [24]  737 	push	acc
      00007B 74 40            [12]  738 	mov	a,#0x40
      00007D C0 E0            [24]  739 	push	acc
      00007F 8C 82            [24]  740 	mov	dpl,r4
      000081 8D 83            [24]  741 	mov	dph,r5
      000083 8E F0            [24]  742 	mov	b,r6
      000085 EF               [12]  743 	mov	a,r7
      000086 12r00r00         [24]  744 	lcall	___fslt
      000089 AF 82            [24]  745 	mov	r7,dpl
      00008B E5 81            [12]  746 	mov	a,sp
      00008D 24 FC            [12]  747 	add	a,#0xfc
      00008F F5 81            [12]  748 	mov	sp,a
      000091 EF               [12]  749 	mov	a,r7
      000092 60 10            [24]  750 	jz	00102$
      000094 90r00r04         [24]  751 	mov	dptr,#_TempController_mapTempToVoltageLinear_voltage_65536_193
      000097 74 66            [12]  752 	mov	a,#0x66
      000099 F0               [24]  753 	movx	@dptr,a
      00009A A3               [24]  754 	inc	dptr
      00009B F0               [24]  755 	movx	@dptr,a
      00009C 74 A6            [12]  756 	mov	a,#0xa6
      00009E A3               [24]  757 	inc	dptr
      00009F F0               [24]  758 	movx	@dptr,a
      0000A0 74 40            [12]  759 	mov	a,#0x40
      0000A2 A3               [24]  760 	inc	dptr
      0000A3 F0               [24]  761 	movx	@dptr,a
      0000A4                        762 00102$:
                                    763 ;	C:\Users\tonyp\Downloads\ch552-turbo-fan-ctrl\src\temp_sensor.c:13: if (voltage > VOUT_MAX) voltage = VOUT_MAX;
      0000A4 90r00r04         [24]  764 	mov	dptr,#_TempController_mapTempToVoltageLinear_voltage_65536_193
      0000A7 E0               [24]  765 	movx	a,@dptr
      0000A8 C0 E0            [24]  766 	push	acc
      0000AA A3               [24]  767 	inc	dptr
      0000AB E0               [24]  768 	movx	a,@dptr
      0000AC C0 E0            [24]  769 	push	acc
      0000AE A3               [24]  770 	inc	dptr
      0000AF E0               [24]  771 	movx	a,@dptr
      0000B0 C0 E0            [24]  772 	push	acc
      0000B2 A3               [24]  773 	inc	dptr
      0000B3 E0               [24]  774 	movx	a,@dptr
      0000B4 C0 E0            [24]  775 	push	acc
      0000B6 90 00 00         [24]  776 	mov	dptr,#0x0000
      0000B9 75 F0 40         [24]  777 	mov	b,#0x40
      0000BC 74 41            [12]  778 	mov	a,#0x41
      0000BE 12r00r00         [24]  779 	lcall	___fslt
      0000C1 AF 82            [24]  780 	mov	r7,dpl
      0000C3 E5 81            [12]  781 	mov	a,sp
      0000C5 24 FC            [12]  782 	add	a,#0xfc
      0000C7 F5 81            [12]  783 	mov	sp,a
      0000C9 EF               [12]  784 	mov	a,r7
      0000CA 60 0E            [24]  785 	jz	00104$
      0000CC 90r00r04         [24]  786 	mov	dptr,#_TempController_mapTempToVoltageLinear_voltage_65536_193
      0000CF E4               [12]  787 	clr	a
      0000D0 F0               [24]  788 	movx	@dptr,a
      0000D1 A3               [24]  789 	inc	dptr
      0000D2 F0               [24]  790 	movx	@dptr,a
      0000D3 74 40            [12]  791 	mov	a,#0x40
      0000D5 A3               [24]  792 	inc	dptr
      0000D6 F0               [24]  793 	movx	@dptr,a
      0000D7 04               [12]  794 	inc	a
      0000D8 A3               [24]  795 	inc	dptr
      0000D9 F0               [24]  796 	movx	@dptr,a
      0000DA                        797 00104$:
                                    798 ;	C:\Users\tonyp\Downloads\ch552-turbo-fan-ctrl\src\temp_sensor.c:14: return voltage;
      0000DA 90r00r04         [24]  799 	mov	dptr,#_TempController_mapTempToVoltageLinear_voltage_65536_193
      0000DD E0               [24]  800 	movx	a,@dptr
      0000DE FC               [12]  801 	mov	r4,a
      0000DF A3               [24]  802 	inc	dptr
      0000E0 E0               [24]  803 	movx	a,@dptr
      0000E1 FD               [12]  804 	mov	r5,a
      0000E2 A3               [24]  805 	inc	dptr
      0000E3 E0               [24]  806 	movx	a,@dptr
      0000E4 FE               [12]  807 	mov	r6,a
      0000E5 A3               [24]  808 	inc	dptr
      0000E6 E0               [24]  809 	movx	a,@dptr
      0000E7 8C 82            [24]  810 	mov	dpl,r4
      0000E9 8D 83            [24]  811 	mov	dph,r5
      0000EB 8E F0            [24]  812 	mov	b,r6
                                    813 ;	C:\Users\tonyp\Downloads\ch552-turbo-fan-ctrl\src\temp_sensor.c:15: }
      0000ED 22               [24]  814 	ret
                                    815 ;------------------------------------------------------------
                                    816 ;Allocation info for local variables in function 'TempController_mapTempToVoltageQuadratic'
                                    817 ;------------------------------------------------------------
                                    818 ;temp                      Allocated with name '_TempController_mapTempToVoltageQuadratic_temp_65536_194'
                                    819 ;norm_temp                 Allocated with name '_TempController_mapTempToVoltageQuadratic_norm_temp_65536_195'
                                    820 ;voltage                   Allocated with name '_TempController_mapTempToVoltageQuadratic_voltage_65536_195'
                                    821 ;------------------------------------------------------------
                                    822 ;	C:\Users\tonyp\Downloads\ch552-turbo-fan-ctrl\src\temp_sensor.c:17: static float TempController_mapTempToVoltageQuadratic(float temp) {
                                    823 ;	-----------------------------------------
                                    824 ;	 function TempController_mapTempToVoltageQuadratic
                                    825 ;	-----------------------------------------
      0000EE                        826 _TempController_mapTempToVoltageQuadratic:
      0000EE AF 82            [24]  827 	mov	r7,dpl
      0000F0 AE 83            [24]  828 	mov	r6,dph
      0000F2 AD F0            [24]  829 	mov	r5,b
      0000F4 FC               [12]  830 	mov	r4,a
      0000F5 90r00r08         [24]  831 	mov	dptr,#_TempController_mapTempToVoltageQuadratic_temp_65536_194
      0000F8 EF               [12]  832 	mov	a,r7
      0000F9 F0               [24]  833 	movx	@dptr,a
      0000FA EE               [12]  834 	mov	a,r6
      0000FB A3               [24]  835 	inc	dptr
      0000FC F0               [24]  836 	movx	@dptr,a
      0000FD ED               [12]  837 	mov	a,r5
      0000FE A3               [24]  838 	inc	dptr
      0000FF F0               [24]  839 	movx	@dptr,a
      000100 EC               [12]  840 	mov	a,r4
      000101 A3               [24]  841 	inc	dptr
      000102 F0               [24]  842 	movx	@dptr,a
                                    843 ;	C:\Users\tonyp\Downloads\ch552-turbo-fan-ctrl\src\temp_sensor.c:18: float norm_temp = (temp - TEMP_MIN) / (TEMP_MAX - TEMP_MIN);
      000103 90r00r08         [24]  844 	mov	dptr,#_TempController_mapTempToVoltageQuadratic_temp_65536_194
      000106 E0               [24]  845 	movx	a,@dptr
      000107 FC               [12]  846 	mov	r4,a
      000108 A3               [24]  847 	inc	dptr
      000109 E0               [24]  848 	movx	a,@dptr
      00010A FD               [12]  849 	mov	r5,a
      00010B A3               [24]  850 	inc	dptr
      00010C E0               [24]  851 	movx	a,@dptr
      00010D FE               [12]  852 	mov	r6,a
      00010E A3               [24]  853 	inc	dptr
      00010F E0               [24]  854 	movx	a,@dptr
      000110 FF               [12]  855 	mov	r7,a
      000111 E4               [12]  856 	clr	a
      000112 C0 E0            [24]  857 	push	acc
      000114 C0 E0            [24]  858 	push	acc
      000116 74 F0            [12]  859 	mov	a,#0xf0
      000118 C0 E0            [24]  860 	push	acc
      00011A 74 41            [12]  861 	mov	a,#0x41
      00011C C0 E0            [24]  862 	push	acc
      00011E 8C 82            [24]  863 	mov	dpl,r4
      000120 8D 83            [24]  864 	mov	dph,r5
      000122 8E F0            [24]  865 	mov	b,r6
      000124 EF               [12]  866 	mov	a,r7
      000125 12r00r00         [24]  867 	lcall	___fssub
      000128 AC 82            [24]  868 	mov	r4,dpl
      00012A AD 83            [24]  869 	mov	r5,dph
      00012C AE F0            [24]  870 	mov	r6,b
      00012E FF               [12]  871 	mov	r7,a
      00012F E5 81            [12]  872 	mov	a,sp
      000131 24 FC            [12]  873 	add	a,#0xfc
      000133 F5 81            [12]  874 	mov	sp,a
      000135 E4               [12]  875 	clr	a
      000136 C0 E0            [24]  876 	push	acc
      000138 C0 E0            [24]  877 	push	acc
      00013A 74 70            [12]  878 	mov	a,#0x70
      00013C C0 E0            [24]  879 	push	acc
      00013E 74 41            [12]  880 	mov	a,#0x41
      000140 C0 E0            [24]  881 	push	acc
      000142 8C 82            [24]  882 	mov	dpl,r4
      000144 8D 83            [24]  883 	mov	dph,r5
      000146 8E F0            [24]  884 	mov	b,r6
      000148 EF               [12]  885 	mov	a,r7
      000149 12r00r00         [24]  886 	lcall	___fsdiv
      00014C AC 82            [24]  887 	mov	r4,dpl
      00014E AD 83            [24]  888 	mov	r5,dph
      000150 AE F0            [24]  889 	mov	r6,b
      000152 FF               [12]  890 	mov	r7,a
      000153 E5 81            [12]  891 	mov	a,sp
      000155 24 FC            [12]  892 	add	a,#0xfc
      000157 F5 81            [12]  893 	mov	sp,a
      000159 90r00r0C         [24]  894 	mov	dptr,#_TempController_mapTempToVoltageQuadratic_norm_temp_65536_195
      00015C EC               [12]  895 	mov	a,r4
      00015D F0               [24]  896 	movx	@dptr,a
      00015E ED               [12]  897 	mov	a,r5
      00015F A3               [24]  898 	inc	dptr
      000160 F0               [24]  899 	movx	@dptr,a
      000161 EE               [12]  900 	mov	a,r6
      000162 A3               [24]  901 	inc	dptr
      000163 F0               [24]  902 	movx	@dptr,a
      000164 EF               [12]  903 	mov	a,r7
      000165 A3               [24]  904 	inc	dptr
      000166 F0               [24]  905 	movx	@dptr,a
                                    906 ;	C:\Users\tonyp\Downloads\ch552-turbo-fan-ctrl\src\temp_sensor.c:21: if (norm_temp < 0.0f) norm_temp = 0.0f;
      000167 E4               [12]  907 	clr	a
      000168 C0 E0            [24]  908 	push	acc
      00016A C0 E0            [24]  909 	push	acc
      00016C C0 E0            [24]  910 	push	acc
      00016E C0 E0            [24]  911 	push	acc
      000170 8C 82            [24]  912 	mov	dpl,r4
      000172 8D 83            [24]  913 	mov	dph,r5
      000174 8E F0            [24]  914 	mov	b,r6
      000176 EF               [12]  915 	mov	a,r7
      000177 12r00r00         [24]  916 	lcall	___fslt
      00017A AF 82            [24]  917 	mov	r7,dpl
      00017C E5 81            [12]  918 	mov	a,sp
      00017E 24 FC            [12]  919 	add	a,#0xfc
      000180 F5 81            [12]  920 	mov	sp,a
      000182 EF               [12]  921 	mov	a,r7
      000183 60 0B            [24]  922 	jz	00102$
      000185 90r00r0C         [24]  923 	mov	dptr,#_TempController_mapTempToVoltageQuadratic_norm_temp_65536_195
      000188 E4               [12]  924 	clr	a
      000189 F0               [24]  925 	movx	@dptr,a
      00018A A3               [24]  926 	inc	dptr
      00018B F0               [24]  927 	movx	@dptr,a
      00018C A3               [24]  928 	inc	dptr
      00018D F0               [24]  929 	movx	@dptr,a
      00018E A3               [24]  930 	inc	dptr
      00018F F0               [24]  931 	movx	@dptr,a
      000190                        932 00102$:
                                    933 ;	C:\Users\tonyp\Downloads\ch552-turbo-fan-ctrl\src\temp_sensor.c:22: if (norm_temp > 1.0f) norm_temp = 1.0f;
      000190 90r00r0C         [24]  934 	mov	dptr,#_TempController_mapTempToVoltageQuadratic_norm_temp_65536_195
      000193 E0               [24]  935 	movx	a,@dptr
      000194 C0 E0            [24]  936 	push	acc
      000196 A3               [24]  937 	inc	dptr
      000197 E0               [24]  938 	movx	a,@dptr
      000198 C0 E0            [24]  939 	push	acc
      00019A A3               [24]  940 	inc	dptr
      00019B E0               [24]  941 	movx	a,@dptr
      00019C C0 E0            [24]  942 	push	acc
      00019E A3               [24]  943 	inc	dptr
      00019F E0               [24]  944 	movx	a,@dptr
      0001A0 C0 E0            [24]  945 	push	acc
      0001A2 90 00 00         [24]  946 	mov	dptr,#0x0000
      0001A5 75 F0 80         [24]  947 	mov	b,#0x80
      0001A8 74 3F            [12]  948 	mov	a,#0x3f
      0001AA 12r00r00         [24]  949 	lcall	___fslt
      0001AD AF 82            [24]  950 	mov	r7,dpl
      0001AF E5 81            [12]  951 	mov	a,sp
      0001B1 24 FC            [12]  952 	add	a,#0xfc
      0001B3 F5 81            [12]  953 	mov	sp,a
      0001B5 EF               [12]  954 	mov	a,r7
      0001B6 60 0F            [24]  955 	jz	00104$
      0001B8 90r00r0C         [24]  956 	mov	dptr,#_TempController_mapTempToVoltageQuadratic_norm_temp_65536_195
      0001BB E4               [12]  957 	clr	a
      0001BC F0               [24]  958 	movx	@dptr,a
      0001BD A3               [24]  959 	inc	dptr
      0001BE F0               [24]  960 	movx	@dptr,a
      0001BF 74 80            [12]  961 	mov	a,#0x80
      0001C1 A3               [24]  962 	inc	dptr
      0001C2 F0               [24]  963 	movx	@dptr,a
      0001C3 74 3F            [12]  964 	mov	a,#0x3f
      0001C5 A3               [24]  965 	inc	dptr
      0001C6 F0               [24]  966 	movx	@dptr,a
      0001C7                        967 00104$:
                                    968 ;	C:\Users\tonyp\Downloads\ch552-turbo-fan-ctrl\src\temp_sensor.c:24: voltage = VOUT_MIN + (VOUT_MAX - VOUT_MIN) * norm_temp * norm_temp;
      0001C7 90r00r0C         [24]  969 	mov	dptr,#_TempController_mapTempToVoltageQuadratic_norm_temp_65536_195
      0001CA E0               [24]  970 	movx	a,@dptr
      0001CB FC               [12]  971 	mov	r4,a
      0001CC A3               [24]  972 	inc	dptr
      0001CD E0               [24]  973 	movx	a,@dptr
      0001CE FD               [12]  974 	mov	r5,a
      0001CF A3               [24]  975 	inc	dptr
      0001D0 E0               [24]  976 	movx	a,@dptr
      0001D1 FE               [12]  977 	mov	r6,a
      0001D2 A3               [24]  978 	inc	dptr
      0001D3 E0               [24]  979 	movx	a,@dptr
      0001D4 FF               [12]  980 	mov	r7,a
      0001D5 C0 07            [24]  981 	push	ar7
      0001D7 C0 06            [24]  982 	push	ar6
      0001D9 C0 05            [24]  983 	push	ar5
      0001DB C0 04            [24]  984 	push	ar4
      0001DD C0 04            [24]  985 	push	ar4
      0001DF C0 05            [24]  986 	push	ar5
      0001E1 C0 06            [24]  987 	push	ar6
      0001E3 C0 07            [24]  988 	push	ar7
      0001E5 90 99 9A         [24]  989 	mov	dptr,#0x999a
      0001E8 75 F0 D9         [24]  990 	mov	b,#0xd9
      0001EB 74 40            [12]  991 	mov	a,#0x40
      0001ED 12r00r00         [24]  992 	lcall	___fsmul
      0001F0 A8 82            [24]  993 	mov	r0,dpl
      0001F2 A9 83            [24]  994 	mov	r1,dph
      0001F4 AA F0            [24]  995 	mov	r2,b
      0001F6 FB               [12]  996 	mov	r3,a
      0001F7 E5 81            [12]  997 	mov	a,sp
      0001F9 24 FC            [12]  998 	add	a,#0xfc
      0001FB F5 81            [12]  999 	mov	sp,a
      0001FD D0 04            [24] 1000 	pop	ar4
      0001FF D0 05            [24] 1001 	pop	ar5
      000201 D0 06            [24] 1002 	pop	ar6
      000203 D0 07            [24] 1003 	pop	ar7
      000205 C0 04            [24] 1004 	push	ar4
      000207 C0 05            [24] 1005 	push	ar5
      000209 C0 06            [24] 1006 	push	ar6
      00020B C0 07            [24] 1007 	push	ar7
      00020D 88 82            [24] 1008 	mov	dpl,r0
      00020F 89 83            [24] 1009 	mov	dph,r1
      000211 8A F0            [24] 1010 	mov	b,r2
      000213 EB               [12] 1011 	mov	a,r3
      000214 12r00r00         [24] 1012 	lcall	___fsmul
      000217 AC 82            [24] 1013 	mov	r4,dpl
      000219 AD 83            [24] 1014 	mov	r5,dph
      00021B AE F0            [24] 1015 	mov	r6,b
      00021D FF               [12] 1016 	mov	r7,a
      00021E E5 81            [12] 1017 	mov	a,sp
      000220 24 FC            [12] 1018 	add	a,#0xfc
      000222 F5 81            [12] 1019 	mov	sp,a
      000224 74 66            [12] 1020 	mov	a,#0x66
      000226 C0 E0            [24] 1021 	push	acc
      000228 C0 E0            [24] 1022 	push	acc
      00022A 74 A6            [12] 1023 	mov	a,#0xa6
      00022C C0 E0            [24] 1024 	push	acc
      00022E 74 40            [12] 1025 	mov	a,#0x40
      000230 C0 E0            [24] 1026 	push	acc
      000232 8C 82            [24] 1027 	mov	dpl,r4
      000234 8D 83            [24] 1028 	mov	dph,r5
      000236 8E F0            [24] 1029 	mov	b,r6
      000238 EF               [12] 1030 	mov	a,r7
      000239 12r00r00         [24] 1031 	lcall	___fsadd
      00023C AC 82            [24] 1032 	mov	r4,dpl
      00023E AD 83            [24] 1033 	mov	r5,dph
      000240 AE F0            [24] 1034 	mov	r6,b
      000242 FF               [12] 1035 	mov	r7,a
      000243 E5 81            [12] 1036 	mov	a,sp
      000245 24 FC            [12] 1037 	add	a,#0xfc
      000247 F5 81            [12] 1038 	mov	sp,a
      000249 90r00r10         [24] 1039 	mov	dptr,#_TempController_mapTempToVoltageQuadratic_voltage_65536_195
      00024C EC               [12] 1040 	mov	a,r4
      00024D F0               [24] 1041 	movx	@dptr,a
      00024E ED               [12] 1042 	mov	a,r5
      00024F A3               [24] 1043 	inc	dptr
      000250 F0               [24] 1044 	movx	@dptr,a
      000251 EE               [12] 1045 	mov	a,r6
      000252 A3               [24] 1046 	inc	dptr
      000253 F0               [24] 1047 	movx	@dptr,a
      000254 EF               [12] 1048 	mov	a,r7
      000255 A3               [24] 1049 	inc	dptr
      000256 F0               [24] 1050 	movx	@dptr,a
                                   1051 ;	C:\Users\tonyp\Downloads\ch552-turbo-fan-ctrl\src\temp_sensor.c:25: if (voltage < VOUT_MIN) voltage = VOUT_MIN;
      000257 74 66            [12] 1052 	mov	a,#0x66
      000259 C0 E0            [24] 1053 	push	acc
      00025B C0 E0            [24] 1054 	push	acc
      00025D 74 A6            [12] 1055 	mov	a,#0xa6
      00025F C0 E0            [24] 1056 	push	acc
      000261 74 40            [12] 1057 	mov	a,#0x40
      000263 C0 E0            [24] 1058 	push	acc
      000265 8C 82            [24] 1059 	mov	dpl,r4
      000267 8D 83            [24] 1060 	mov	dph,r5
      000269 8E F0            [24] 1061 	mov	b,r6
      00026B EF               [12] 1062 	mov	a,r7
      00026C 12r00r00         [24] 1063 	lcall	___fslt
      00026F AF 82            [24] 1064 	mov	r7,dpl
      000271 E5 81            [12] 1065 	mov	a,sp
      000273 24 FC            [12] 1066 	add	a,#0xfc
      000275 F5 81            [12] 1067 	mov	sp,a
      000277 EF               [12] 1068 	mov	a,r7
      000278 60 10            [24] 1069 	jz	00106$
      00027A 90r00r10         [24] 1070 	mov	dptr,#_TempController_mapTempToVoltageQuadratic_voltage_65536_195
      00027D 74 66            [12] 1071 	mov	a,#0x66
      00027F F0               [24] 1072 	movx	@dptr,a
      000280 A3               [24] 1073 	inc	dptr
      000281 F0               [24] 1074 	movx	@dptr,a
      000282 74 A6            [12] 1075 	mov	a,#0xa6
      000284 A3               [24] 1076 	inc	dptr
      000285 F0               [24] 1077 	movx	@dptr,a
      000286 74 40            [12] 1078 	mov	a,#0x40
      000288 A3               [24] 1079 	inc	dptr
      000289 F0               [24] 1080 	movx	@dptr,a
      00028A                       1081 00106$:
                                   1082 ;	C:\Users\tonyp\Downloads\ch552-turbo-fan-ctrl\src\temp_sensor.c:26: if (voltage > VOUT_MAX) voltage = VOUT_MAX;
      00028A 90r00r10         [24] 1083 	mov	dptr,#_TempController_mapTempToVoltageQuadratic_voltage_65536_195
      00028D E0               [24] 1084 	movx	a,@dptr
      00028E C0 E0            [24] 1085 	push	acc
      000290 A3               [24] 1086 	inc	dptr
      000291 E0               [24] 1087 	movx	a,@dptr
      000292 C0 E0            [24] 1088 	push	acc
      000294 A3               [24] 1089 	inc	dptr
      000295 E0               [24] 1090 	movx	a,@dptr
      000296 C0 E0            [24] 1091 	push	acc
      000298 A3               [24] 1092 	inc	dptr
      000299 E0               [24] 1093 	movx	a,@dptr
      00029A C0 E0            [24] 1094 	push	acc
      00029C 90 00 00         [24] 1095 	mov	dptr,#0x0000
      00029F 75 F0 40         [24] 1096 	mov	b,#0x40
      0002A2 74 41            [12] 1097 	mov	a,#0x41
      0002A4 12r00r00         [24] 1098 	lcall	___fslt
      0002A7 AF 82            [24] 1099 	mov	r7,dpl
      0002A9 E5 81            [12] 1100 	mov	a,sp
      0002AB 24 FC            [12] 1101 	add	a,#0xfc
      0002AD F5 81            [12] 1102 	mov	sp,a
      0002AF EF               [12] 1103 	mov	a,r7
      0002B0 60 0E            [24] 1104 	jz	00108$
      0002B2 90r00r10         [24] 1105 	mov	dptr,#_TempController_mapTempToVoltageQuadratic_voltage_65536_195
      0002B5 E4               [12] 1106 	clr	a
      0002B6 F0               [24] 1107 	movx	@dptr,a
      0002B7 A3               [24] 1108 	inc	dptr
      0002B8 F0               [24] 1109 	movx	@dptr,a
      0002B9 74 40            [12] 1110 	mov	a,#0x40
      0002BB A3               [24] 1111 	inc	dptr
      0002BC F0               [24] 1112 	movx	@dptr,a
      0002BD 04               [12] 1113 	inc	a
      0002BE A3               [24] 1114 	inc	dptr
      0002BF F0               [24] 1115 	movx	@dptr,a
      0002C0                       1116 00108$:
                                   1117 ;	C:\Users\tonyp\Downloads\ch552-turbo-fan-ctrl\src\temp_sensor.c:27: return voltage;
      0002C0 90r00r10         [24] 1118 	mov	dptr,#_TempController_mapTempToVoltageQuadratic_voltage_65536_195
      0002C3 E0               [24] 1119 	movx	a,@dptr
      0002C4 FC               [12] 1120 	mov	r4,a
      0002C5 A3               [24] 1121 	inc	dptr
      0002C6 E0               [24] 1122 	movx	a,@dptr
      0002C7 FD               [12] 1123 	mov	r5,a
      0002C8 A3               [24] 1124 	inc	dptr
      0002C9 E0               [24] 1125 	movx	a,@dptr
      0002CA FE               [12] 1126 	mov	r6,a
      0002CB A3               [24] 1127 	inc	dptr
      0002CC E0               [24] 1128 	movx	a,@dptr
      0002CD 8C 82            [24] 1129 	mov	dpl,r4
      0002CF 8D 83            [24] 1130 	mov	dph,r5
      0002D1 8E F0            [24] 1131 	mov	b,r6
                                   1132 ;	C:\Users\tonyp\Downloads\ch552-turbo-fan-ctrl\src\temp_sensor.c:28: }
      0002D3 22               [24] 1133 	ret
                                   1134 ;------------------------------------------------------------
                                   1135 ;Allocation info for local variables in function 'TempController_mapTempToRPM'
                                   1136 ;------------------------------------------------------------
                                   1137 ;sloc0                     Allocated with name '_TempController_mapTempToRPM_sloc0_1_0'
                                   1138 ;temp                      Allocated with name '_TempController_mapTempToRPM_temp_65536_196'
                                   1139 ;norm                      Allocated with name '_TempController_mapTempToRPM_norm_65536_197'
                                   1140 ;------------------------------------------------------------
                                   1141 ;	C:\Users\tonyp\Downloads\ch552-turbo-fan-ctrl\src\temp_sensor.c:30: static uint32_t TempController_mapTempToRPM(float temp) {
                                   1142 ;	-----------------------------------------
                                   1143 ;	 function TempController_mapTempToRPM
                                   1144 ;	-----------------------------------------
      0002D4                       1145 _TempController_mapTempToRPM:
      0002D4 AF 82            [24] 1146 	mov	r7,dpl
      0002D6 AE 83            [24] 1147 	mov	r6,dph
      0002D8 AD F0            [24] 1148 	mov	r5,b
      0002DA FC               [12] 1149 	mov	r4,a
      0002DB 90r00r14         [24] 1150 	mov	dptr,#_TempController_mapTempToRPM_temp_65536_196
      0002DE EF               [12] 1151 	mov	a,r7
      0002DF F0               [24] 1152 	movx	@dptr,a
      0002E0 EE               [12] 1153 	mov	a,r6
      0002E1 A3               [24] 1154 	inc	dptr
      0002E2 F0               [24] 1155 	movx	@dptr,a
      0002E3 ED               [12] 1156 	mov	a,r5
      0002E4 A3               [24] 1157 	inc	dptr
      0002E5 F0               [24] 1158 	movx	@dptr,a
      0002E6 EC               [12] 1159 	mov	a,r4
      0002E7 A3               [24] 1160 	inc	dptr
      0002E8 F0               [24] 1161 	movx	@dptr,a
                                   1162 ;	C:\Users\tonyp\Downloads\ch552-turbo-fan-ctrl\src\temp_sensor.c:31: float norm = (temp - TEMP_MIN) / (TEMP_MAX - TEMP_MIN);
      0002E9 90r00r14         [24] 1163 	mov	dptr,#_TempController_mapTempToRPM_temp_65536_196
      0002EC E0               [24] 1164 	movx	a,@dptr
      0002ED FC               [12] 1165 	mov	r4,a
      0002EE A3               [24] 1166 	inc	dptr
      0002EF E0               [24] 1167 	movx	a,@dptr
      0002F0 FD               [12] 1168 	mov	r5,a
      0002F1 A3               [24] 1169 	inc	dptr
      0002F2 E0               [24] 1170 	movx	a,@dptr
      0002F3 FE               [12] 1171 	mov	r6,a
      0002F4 A3               [24] 1172 	inc	dptr
      0002F5 E0               [24] 1173 	movx	a,@dptr
      0002F6 FF               [12] 1174 	mov	r7,a
      0002F7 E4               [12] 1175 	clr	a
      0002F8 C0 E0            [24] 1176 	push	acc
      0002FA C0 E0            [24] 1177 	push	acc
      0002FC 74 F0            [12] 1178 	mov	a,#0xf0
      0002FE C0 E0            [24] 1179 	push	acc
      000300 74 41            [12] 1180 	mov	a,#0x41
      000302 C0 E0            [24] 1181 	push	acc
      000304 8C 82            [24] 1182 	mov	dpl,r4
      000306 8D 83            [24] 1183 	mov	dph,r5
      000308 8E F0            [24] 1184 	mov	b,r6
      00030A EF               [12] 1185 	mov	a,r7
      00030B 12r00r00         [24] 1186 	lcall	___fssub
      00030E AC 82            [24] 1187 	mov	r4,dpl
      000310 AD 83            [24] 1188 	mov	r5,dph
      000312 AE F0            [24] 1189 	mov	r6,b
      000314 FF               [12] 1190 	mov	r7,a
      000315 E5 81            [12] 1191 	mov	a,sp
      000317 24 FC            [12] 1192 	add	a,#0xfc
      000319 F5 81            [12] 1193 	mov	sp,a
      00031B E4               [12] 1194 	clr	a
      00031C C0 E0            [24] 1195 	push	acc
      00031E C0 E0            [24] 1196 	push	acc
      000320 74 70            [12] 1197 	mov	a,#0x70
      000322 C0 E0            [24] 1198 	push	acc
      000324 74 41            [12] 1199 	mov	a,#0x41
      000326 C0 E0            [24] 1200 	push	acc
                                   1201 ;	C:\Users\tonyp\Downloads\ch552-turbo-fan-ctrl\src\temp_sensor.c:32: norm = (norm < 0.0f) ? 0.0f : (norm > 1.0f) ? 1.0f : norm;
      000328 8C 82            [24] 1202 	mov	dpl,r4
      00032A 8D 83            [24] 1203 	mov	dph,r5
      00032C 8E F0            [24] 1204 	mov	b,r6
      00032E EF               [12] 1205 	mov	a,r7
      00032F 12r00r00         [24] 1206 	lcall	___fsdiv
      000332 85 82*00         [24] 1207 	mov	_TempController_mapTempToRPM_sloc0_1_0,dpl
      000335 85 83*01         [24] 1208 	mov	(_TempController_mapTempToRPM_sloc0_1_0 + 1),dph
      000338 85 F0*02         [24] 1209 	mov	(_TempController_mapTempToRPM_sloc0_1_0 + 2),b
      00033B F5*03            [12] 1210 	mov	(_TempController_mapTempToRPM_sloc0_1_0 + 3),a
      00033D E5 81            [12] 1211 	mov	a,sp
      00033F 24 FC            [12] 1212 	add	a,#0xfc
      000341 F5 81            [12] 1213 	mov	sp,a
      000343 E4               [12] 1214 	clr	a
      000344 C0 E0            [24] 1215 	push	acc
      000346 C0 E0            [24] 1216 	push	acc
      000348 C0 E0            [24] 1217 	push	acc
      00034A C0 E0            [24] 1218 	push	acc
      00034C 85*00 82         [24] 1219 	mov	dpl,_TempController_mapTempToRPM_sloc0_1_0
      00034F 85*01 83         [24] 1220 	mov	dph,(_TempController_mapTempToRPM_sloc0_1_0 + 1)
      000352 85*02 F0         [24] 1221 	mov	b,(_TempController_mapTempToRPM_sloc0_1_0 + 2)
      000355 E5*03            [12] 1222 	mov	a,(_TempController_mapTempToRPM_sloc0_1_0 + 3)
      000357 12r00r00         [24] 1223 	lcall	___fslt
      00035A AB 82            [24] 1224 	mov	r3,dpl
      00035C E5 81            [12] 1225 	mov	a,sp
      00035E 24 FC            [12] 1226 	add	a,#0xfc
      000360 F5 81            [12] 1227 	mov	sp,a
      000362 EB               [12] 1228 	mov	a,r3
      000363 60 0A            [24] 1229 	jz	00103$
      000365 78 00            [12] 1230 	mov	r0,#0x00
      000367 79 00            [12] 1231 	mov	r1,#0x00
      000369 7A 00            [12] 1232 	mov	r2,#0x00
      00036B 7B 00            [12] 1233 	mov	r3,#0x00
      00036D 80 38            [24] 1234 	sjmp	00104$
      00036F                       1235 00103$:
      00036F C0*00            [24] 1236 	push	_TempController_mapTempToRPM_sloc0_1_0
      000371 C0*01            [24] 1237 	push	(_TempController_mapTempToRPM_sloc0_1_0 + 1)
      000373 C0*02            [24] 1238 	push	(_TempController_mapTempToRPM_sloc0_1_0 + 2)
      000375 C0*03            [24] 1239 	push	(_TempController_mapTempToRPM_sloc0_1_0 + 3)
      000377 90 00 00         [24] 1240 	mov	dptr,#0x0000
      00037A 75 F0 80         [24] 1241 	mov	b,#0x80
      00037D 74 3F            [12] 1242 	mov	a,#0x3f
      00037F 12r00r00         [24] 1243 	lcall	___fslt
      000382 AF 82            [24] 1244 	mov	r7,dpl
      000384 E5 81            [12] 1245 	mov	a,sp
      000386 24 FC            [12] 1246 	add	a,#0xfc
      000388 F5 81            [12] 1247 	mov	sp,a
      00038A EF               [12] 1248 	mov	a,r7
      00038B 60 0A            [24] 1249 	jz	00105$
      00038D 7C 00            [12] 1250 	mov	r4,#0x00
      00038F 7D 00            [12] 1251 	mov	r5,#0x00
      000391 7E 80            [12] 1252 	mov	r6,#0x80
      000393 7F 3F            [12] 1253 	mov	r7,#0x3f
      000395 80 08            [24] 1254 	sjmp	00106$
      000397                       1255 00105$:
      000397 AC*00            [24] 1256 	mov	r4,_TempController_mapTempToRPM_sloc0_1_0
      000399 AD*01            [24] 1257 	mov	r5,(_TempController_mapTempToRPM_sloc0_1_0 + 1)
      00039B AE*02            [24] 1258 	mov	r6,(_TempController_mapTempToRPM_sloc0_1_0 + 2)
      00039D AF*03            [24] 1259 	mov	r7,(_TempController_mapTempToRPM_sloc0_1_0 + 3)
      00039F                       1260 00106$:
      00039F 8C 00            [24] 1261 	mov	ar0,r4
      0003A1 8D 01            [24] 1262 	mov	ar1,r5
      0003A3 8E 02            [24] 1263 	mov	ar2,r6
      0003A5 8F 03            [24] 1264 	mov	ar3,r7
      0003A7                       1265 00104$:
                                   1266 ;	C:\Users\tonyp\Downloads\ch552-turbo-fan-ctrl\src\temp_sensor.c:33: return (uint32_t)(RPM_TARGET_MIN + (RPM_TARGET_MAX - RPM_TARGET_MIN) * norm);
      0003A7 C0 00            [24] 1267 	push	ar0
      0003A9 C0 01            [24] 1268 	push	ar1
      0003AB C0 02            [24] 1269 	push	ar2
      0003AD C0 03            [24] 1270 	push	ar3
      0003AF 90 00 00         [24] 1271 	mov	dptr,#0x0000
      0003B2 75 F0 FA         [24] 1272 	mov	b,#0xfa
      0003B5 74 44            [12] 1273 	mov	a,#0x44
      0003B7 12r00r00         [24] 1274 	lcall	___fsmul
      0003BA AC 82            [24] 1275 	mov	r4,dpl
      0003BC AD 83            [24] 1276 	mov	r5,dph
      0003BE AE F0            [24] 1277 	mov	r6,b
      0003C0 FF               [12] 1278 	mov	r7,a
      0003C1 E5 81            [12] 1279 	mov	a,sp
      0003C3 24 FC            [12] 1280 	add	a,#0xfc
      0003C5 F5 81            [12] 1281 	mov	sp,a
      0003C7 E4               [12] 1282 	clr	a
      0003C8 C0 E0            [24] 1283 	push	acc
      0003CA C0 E0            [24] 1284 	push	acc
      0003CC 74 48            [12] 1285 	mov	a,#0x48
      0003CE C0 E0            [24] 1286 	push	acc
      0003D0 74 44            [12] 1287 	mov	a,#0x44
      0003D2 C0 E0            [24] 1288 	push	acc
      0003D4 8C 82            [24] 1289 	mov	dpl,r4
      0003D6 8D 83            [24] 1290 	mov	dph,r5
      0003D8 8E F0            [24] 1291 	mov	b,r6
      0003DA EF               [12] 1292 	mov	a,r7
      0003DB 12r00r00         [24] 1293 	lcall	___fsadd
      0003DE AC 82            [24] 1294 	mov	r4,dpl
      0003E0 AD 83            [24] 1295 	mov	r5,dph
      0003E2 AE F0            [24] 1296 	mov	r6,b
      0003E4 FF               [12] 1297 	mov	r7,a
      0003E5 E5 81            [12] 1298 	mov	a,sp
      0003E7 24 FC            [12] 1299 	add	a,#0xfc
      0003E9 F5 81            [12] 1300 	mov	sp,a
      0003EB 8C 82            [24] 1301 	mov	dpl,r4
      0003ED 8D 83            [24] 1302 	mov	dph,r5
      0003EF 8E F0            [24] 1303 	mov	b,r6
      0003F1 EF               [12] 1304 	mov	a,r7
                                   1305 ;	C:\Users\tonyp\Downloads\ch552-turbo-fan-ctrl\src\temp_sensor.c:34: }
      0003F2 02r00r00         [24] 1306 	ljmp	___fs2ulong
                                   1307 ;------------------------------------------------------------
                                   1308 ;Allocation info for local variables in function 'TempController_begin'
                                   1309 ;------------------------------------------------------------
                                   1310 ;sloc0                     Allocated with name '_TempController_begin_sloc0_1_0'
                                   1311 ;sloc1                     Allocated with name '_TempController_begin_sloc1_1_0'
                                   1312 ;sensor                    Allocated with name '_TempController_begin_PARM_2'
                                   1313 ;vc                        Allocated with name '_TempController_begin_PARM_3'
                                   1314 ;tc                        Allocated with name '_TempController_begin_tc_65536_198'
                                   1315 ;test_temp                 Allocated with name '_TempController_begin_test_temp_65537_200'
                                   1316 ;------------------------------------------------------------
                                   1317 ;	C:\Users\tonyp\Downloads\ch552-turbo-fan-ctrl\src\temp_sensor.c:57: void TempController_begin(TempController* tc, DS18B20* sensor, VoltageController* vc) {
                                   1318 ;	-----------------------------------------
                                   1319 ;	 function TempController_begin
                                   1320 ;	-----------------------------------------
      0003F5                       1321 _TempController_begin:
      0003F5 AF F0            [24] 1322 	mov	r7,b
      0003F7 AE 83            [24] 1323 	mov	r6,dph
      0003F9 E5 82            [12] 1324 	mov	a,dpl
      0003FB 90r00r1E         [24] 1325 	mov	dptr,#_TempController_begin_tc_65536_198
      0003FE F0               [24] 1326 	movx	@dptr,a
      0003FF EE               [12] 1327 	mov	a,r6
      000400 A3               [24] 1328 	inc	dptr
      000401 F0               [24] 1329 	movx	@dptr,a
      000402 EF               [12] 1330 	mov	a,r7
      000403 A3               [24] 1331 	inc	dptr
      000404 F0               [24] 1332 	movx	@dptr,a
                                   1333 ;	C:\Users\tonyp\Downloads\ch552-turbo-fan-ctrl\src\temp_sensor.c:58: tc->tempSensor = sensor;
      000405 90r00r1E         [24] 1334 	mov	dptr,#_TempController_begin_tc_65536_198
      000408 E0               [24] 1335 	movx	a,@dptr
      000409 FD               [12] 1336 	mov	r5,a
      00040A A3               [24] 1337 	inc	dptr
      00040B E0               [24] 1338 	movx	a,@dptr
      00040C FE               [12] 1339 	mov	r6,a
      00040D A3               [24] 1340 	inc	dptr
      00040E E0               [24] 1341 	movx	a,@dptr
      00040F FF               [12] 1342 	mov	r7,a
      000410 90r00r18         [24] 1343 	mov	dptr,#_TempController_begin_PARM_2
      000413 E0               [24] 1344 	movx	a,@dptr
      000414 F5*04            [12] 1345 	mov	_TempController_begin_sloc0_1_0,a
      000416 A3               [24] 1346 	inc	dptr
      000417 E0               [24] 1347 	movx	a,@dptr
      000418 F5*05            [12] 1348 	mov	(_TempController_begin_sloc0_1_0 + 1),a
      00041A A3               [24] 1349 	inc	dptr
      00041B E0               [24] 1350 	movx	a,@dptr
      00041C F5*06            [12] 1351 	mov	(_TempController_begin_sloc0_1_0 + 2),a
      00041E 8D 82            [24] 1352 	mov	dpl,r5
      000420 8E 83            [24] 1353 	mov	dph,r6
      000422 8F F0            [24] 1354 	mov	b,r7
      000424 E5*04            [12] 1355 	mov	a,_TempController_begin_sloc0_1_0
      000426 12r00r00         [24] 1356 	lcall	__gptrput
      000429 A3               [24] 1357 	inc	dptr
      00042A E5*05            [12] 1358 	mov	a,(_TempController_begin_sloc0_1_0 + 1)
      00042C 12r00r00         [24] 1359 	lcall	__gptrput
      00042F A3               [24] 1360 	inc	dptr
      000430 E5*06            [12] 1361 	mov	a,(_TempController_begin_sloc0_1_0 + 2)
      000432 12r00r00         [24] 1362 	lcall	__gptrput
                                   1363 ;	C:\Users\tonyp\Downloads\ch552-turbo-fan-ctrl\src\temp_sensor.c:59: tc->voltCtrl = vc;
      000435 74 03            [12] 1364 	mov	a,#0x03
      000437 2D               [12] 1365 	add	a,r5
      000438 F5*07            [12] 1366 	mov	_TempController_begin_sloc1_1_0,a
      00043A E4               [12] 1367 	clr	a
      00043B 3E               [12] 1368 	addc	a,r6
      00043C F5*08            [12] 1369 	mov	(_TempController_begin_sloc1_1_0 + 1),a
      00043E 8F*09            [24] 1370 	mov	(_TempController_begin_sloc1_1_0 + 2),r7
      000440 90r00r1B         [24] 1371 	mov	dptr,#_TempController_begin_PARM_3
      000443 E0               [24] 1372 	movx	a,@dptr
      000444 FA               [12] 1373 	mov	r2,a
      000445 A3               [24] 1374 	inc	dptr
      000446 E0               [24] 1375 	movx	a,@dptr
      000447 FB               [12] 1376 	mov	r3,a
      000448 A3               [24] 1377 	inc	dptr
      000449 E0               [24] 1378 	movx	a,@dptr
      00044A FC               [12] 1379 	mov	r4,a
      00044B 85*07 82         [24] 1380 	mov	dpl,_TempController_begin_sloc1_1_0
      00044E 85*08 83         [24] 1381 	mov	dph,(_TempController_begin_sloc1_1_0 + 1)
      000451 85*09 F0         [24] 1382 	mov	b,(_TempController_begin_sloc1_1_0 + 2)
      000454 EA               [12] 1383 	mov	a,r2
      000455 12r00r00         [24] 1384 	lcall	__gptrput
      000458 A3               [24] 1385 	inc	dptr
      000459 EB               [12] 1386 	mov	a,r3
      00045A 12r00r00         [24] 1387 	lcall	__gptrput
      00045D A3               [24] 1388 	inc	dptr
      00045E EC               [12] 1389 	mov	a,r4
      00045F 12r00r00         [24] 1390 	lcall	__gptrput
                                   1391 ;	C:\Users\tonyp\Downloads\ch552-turbo-fan-ctrl\src\temp_sensor.c:60: tc->current_temp = 25.0f;
      000462 74 06            [12] 1392 	mov	a,#0x06
      000464 2D               [12] 1393 	add	a,r5
      000465 F5*07            [12] 1394 	mov	_TempController_begin_sloc1_1_0,a
      000467 E4               [12] 1395 	clr	a
      000468 3E               [12] 1396 	addc	a,r6
      000469 F5*08            [12] 1397 	mov	(_TempController_begin_sloc1_1_0 + 1),a
      00046B 8F*09            [24] 1398 	mov	(_TempController_begin_sloc1_1_0 + 2),r7
      00046D 85*07 82         [24] 1399 	mov	dpl,_TempController_begin_sloc1_1_0
      000470 85*08 83         [24] 1400 	mov	dph,(_TempController_begin_sloc1_1_0 + 1)
      000473 85*09 F0         [24] 1401 	mov	b,(_TempController_begin_sloc1_1_0 + 2)
      000476 E4               [12] 1402 	clr	a
      000477 12r00r00         [24] 1403 	lcall	__gptrput
      00047A A3               [24] 1404 	inc	dptr
      00047B 12r00r00         [24] 1405 	lcall	__gptrput
      00047E A3               [24] 1406 	inc	dptr
      00047F 74 C8            [12] 1407 	mov	a,#0xc8
      000481 12r00r00         [24] 1408 	lcall	__gptrput
      000484 A3               [24] 1409 	inc	dptr
      000485 74 41            [12] 1410 	mov	a,#0x41
      000487 12r00r00         [24] 1411 	lcall	__gptrput
                                   1412 ;	C:\Users\tonyp\Downloads\ch552-turbo-fan-ctrl\src\temp_sensor.c:61: tc->target_rpm = RPM_TARGET_MIN;
      00048A 74 0A            [12] 1413 	mov	a,#0x0a
      00048C 2D               [12] 1414 	add	a,r5
      00048D F8               [12] 1415 	mov	r0,a
      00048E E4               [12] 1416 	clr	a
      00048F 3E               [12] 1417 	addc	a,r6
      000490 F9               [12] 1418 	mov	r1,a
      000491 8F 04            [24] 1419 	mov	ar4,r7
      000493 88 82            [24] 1420 	mov	dpl,r0
      000495 89 83            [24] 1421 	mov	dph,r1
      000497 8C F0            [24] 1422 	mov	b,r4
      000499 74 20            [12] 1423 	mov	a,#0x20
      00049B 12r00r00         [24] 1424 	lcall	__gptrput
      00049E A3               [24] 1425 	inc	dptr
      00049F 74 03            [12] 1426 	mov	a,#0x03
      0004A1 12r00r00         [24] 1427 	lcall	__gptrput
      0004A4 A3               [24] 1428 	inc	dptr
      0004A5 E4               [12] 1429 	clr	a
      0004A6 12r00r00         [24] 1430 	lcall	__gptrput
      0004A9 A3               [24] 1431 	inc	dptr
      0004AA 12r00r00         [24] 1432 	lcall	__gptrput
                                   1433 ;	C:\Users\tonyp\Downloads\ch552-turbo-fan-ctrl\src\temp_sensor.c:62: tc->sensor_ready = false;
      0004AD 74 0E            [12] 1434 	mov	a,#0x0e
      0004AF 2D               [12] 1435 	add	a,r5
      0004B0 FA               [12] 1436 	mov	r2,a
      0004B1 E4               [12] 1437 	clr	a
      0004B2 3E               [12] 1438 	addc	a,r6
      0004B3 FB               [12] 1439 	mov	r3,a
      0004B4 8F 04            [24] 1440 	mov	ar4,r7
      0004B6 8A 82            [24] 1441 	mov	dpl,r2
      0004B8 8B 83            [24] 1442 	mov	dph,r3
      0004BA 8C F0            [24] 1443 	mov	b,r4
      0004BC E4               [12] 1444 	clr	a
      0004BD 12r00r00         [24] 1445 	lcall	__gptrput
                                   1446 ;	C:\Users\tonyp\Downloads\ch552-turbo-fan-ctrl\src\temp_sensor.c:69: DS18B20_begin(tc->tempSensor);
      0004C0 85*04 82         [24] 1447 	mov	dpl,_TempController_begin_sloc0_1_0
      0004C3 85*05 83         [24] 1448 	mov	dph,(_TempController_begin_sloc0_1_0 + 1)
      0004C6 85*06 F0         [24] 1449 	mov	b,(_TempController_begin_sloc0_1_0 + 2)
      0004C9 C0 07            [24] 1450 	push	ar7
      0004CB C0 06            [24] 1451 	push	ar6
      0004CD C0 05            [24] 1452 	push	ar5
      0004CF C0 04            [24] 1453 	push	ar4
      0004D1 C0 03            [24] 1454 	push	ar3
      0004D3 C0 02            [24] 1455 	push	ar2
      0004D5 12r00r00         [24] 1456 	lcall	_DS18B20_begin
                                   1457 ;	C:\Users\tonyp\Downloads\ch552-turbo-fan-ctrl\src\temp_sensor.c:72: delay(200);
      0004D8 90 00 C8         [24] 1458 	mov	dptr,#(0xc8&0x00ff)
      0004DB E4               [12] 1459 	clr	a
      0004DC F5 F0            [12] 1460 	mov	b,a
      0004DE 12r00r00         [24] 1461 	lcall	_delay
      0004E1 D0 02            [24] 1462 	pop	ar2
      0004E3 D0 03            [24] 1463 	pop	ar3
      0004E5 D0 04            [24] 1464 	pop	ar4
      0004E7 D0 05            [24] 1465 	pop	ar5
      0004E9 D0 06            [24] 1466 	pop	ar6
      0004EB D0 07            [24] 1467 	pop	ar7
                                   1468 ;	C:\Users\tonyp\Downloads\ch552-turbo-fan-ctrl\src\temp_sensor.c:73: float test_temp = DS18B20_readTemperatureFast(tc->tempSensor);
      0004ED 8D 82            [24] 1469 	mov	dpl,r5
      0004EF 8E 83            [24] 1470 	mov	dph,r6
      0004F1 8F F0            [24] 1471 	mov	b,r7
      0004F3 12r00r00         [24] 1472 	lcall	__gptrget
      0004F6 FD               [12] 1473 	mov	r5,a
      0004F7 A3               [24] 1474 	inc	dptr
      0004F8 12r00r00         [24] 1475 	lcall	__gptrget
      0004FB FE               [12] 1476 	mov	r6,a
      0004FC A3               [24] 1477 	inc	dptr
      0004FD 12r00r00         [24] 1478 	lcall	__gptrget
      000500 FF               [12] 1479 	mov	r7,a
      000501 8D 82            [24] 1480 	mov	dpl,r5
      000503 8E 83            [24] 1481 	mov	dph,r6
      000505 8F F0            [24] 1482 	mov	b,r7
      000507 C0 04            [24] 1483 	push	ar4
      000509 C0 03            [24] 1484 	push	ar3
      00050B C0 02            [24] 1485 	push	ar2
      00050D 12r00r00         [24] 1486 	lcall	_DS18B20_readTemperatureFast
      000510 A9 82            [24] 1487 	mov	r1,dpl
      000512 AD 83            [24] 1488 	mov	r5,dph
      000514 AE F0            [24] 1489 	mov	r6,b
      000516 FF               [12] 1490 	mov	r7,a
      000517 D0 02            [24] 1491 	pop	ar2
      000519 D0 03            [24] 1492 	pop	ar3
      00051B D0 04            [24] 1493 	pop	ar4
                                   1494 ;	C:\Users\tonyp\Downloads\ch552-turbo-fan-ctrl\src\temp_sensor.c:74: if (test_temp != -999.0) {
      00051D C0 07            [24] 1495 	push	ar7
      00051F C0 06            [24] 1496 	push	ar6
      000521 C0 05            [24] 1497 	push	ar5
      000523 C0 04            [24] 1498 	push	ar4
      000525 C0 03            [24] 1499 	push	ar3
      000527 C0 02            [24] 1500 	push	ar2
      000529 C0 01            [24] 1501 	push	ar1
      00052B E4               [12] 1502 	clr	a
      00052C C0 E0            [24] 1503 	push	acc
      00052E 74 C0            [12] 1504 	mov	a,#0xc0
      000530 C0 E0            [24] 1505 	push	acc
      000532 74 79            [12] 1506 	mov	a,#0x79
      000534 C0 E0            [24] 1507 	push	acc
      000536 74 C4            [12] 1508 	mov	a,#0xc4
      000538 C0 E0            [24] 1509 	push	acc
      00053A 89 82            [24] 1510 	mov	dpl,r1
      00053C 8D 83            [24] 1511 	mov	dph,r5
      00053E 8E F0            [24] 1512 	mov	b,r6
      000540 EF               [12] 1513 	mov	a,r7
      000541 12r00r00         [24] 1514 	lcall	___fseq
      000544 E5 81            [12] 1515 	mov	a,sp
      000546 24 FC            [12] 1516 	add	a,#0xfc
      000548 F5 81            [12] 1517 	mov	sp,a
      00054A D0 01            [24] 1518 	pop	ar1
      00054C D0 02            [24] 1519 	pop	ar2
      00054E D0 03            [24] 1520 	pop	ar3
      000550 D0 04            [24] 1521 	pop	ar4
      000552 D0 05            [24] 1522 	pop	ar5
      000554 D0 06            [24] 1523 	pop	ar6
      000556 D0 07            [24] 1524 	pop	ar7
      000558 E5 82            [12] 1525 	mov	a,dpl
      00055A 24 FF            [12] 1526 	add	a,#0xff
      00055C 92*00            [24] 1527 	mov	_TempController_begin_sloc2_1_0,c
      00055E 40 27            [24] 1528 	jc	00103$
                                   1529 ;	C:\Users\tonyp\Downloads\ch552-turbo-fan-ctrl\src\temp_sensor.c:75: tc->sensor_ready = true;
      000560 8A 82            [24] 1530 	mov	dpl,r2
      000562 8B 83            [24] 1531 	mov	dph,r3
      000564 8C F0            [24] 1532 	mov	b,r4
      000566 74 01            [12] 1533 	mov	a,#0x01
      000568 12r00r00         [24] 1534 	lcall	__gptrput
                                   1535 ;	C:\Users\tonyp\Downloads\ch552-turbo-fan-ctrl\src\temp_sensor.c:76: tc->current_temp = test_temp;
      00056B 85*07 82         [24] 1536 	mov	dpl,_TempController_begin_sloc1_1_0
      00056E 85*08 83         [24] 1537 	mov	dph,(_TempController_begin_sloc1_1_0 + 1)
      000571 85*09 F0         [24] 1538 	mov	b,(_TempController_begin_sloc1_1_0 + 2)
      000574 E9               [12] 1539 	mov	a,r1
      000575 12r00r00         [24] 1540 	lcall	__gptrput
      000578 A3               [24] 1541 	inc	dptr
      000579 ED               [12] 1542 	mov	a,r5
      00057A 12r00r00         [24] 1543 	lcall	__gptrput
      00057D A3               [24] 1544 	inc	dptr
      00057E EE               [12] 1545 	mov	a,r6
      00057F 12r00r00         [24] 1546 	lcall	__gptrput
      000582 A3               [24] 1547 	inc	dptr
      000583 EF               [12] 1548 	mov	a,r7
                                   1549 ;	C:\Users\tonyp\Downloads\ch552-turbo-fan-ctrl\src\temp_sensor.c:79: }
      000584 02r00r00         [24] 1550 	ljmp	__gptrput
      000587                       1551 00103$:
      000587 22               [24] 1552 	ret
                                   1553 ;------------------------------------------------------------
                                   1554 ;Allocation info for local variables in function 'TempController_update'
                                   1555 ;------------------------------------------------------------
                                   1556 ;sloc0                     Allocated with name '_TempController_update_sloc0_1_0'
                                   1557 ;sloc1                     Allocated with name '_TempController_update_sloc1_1_0'
                                   1558 ;tc                        Allocated with name '_TempController_update_tc_65536_202'
                                   1559 ;temp                      Allocated with name '_TempController_update_temp_65537_205'
                                   1560 ;target_voltage            Allocated with name '_TempController_update_target_voltage_65538_207'
                                   1561 ;------------------------------------------------------------
                                   1562 ;	C:\Users\tonyp\Downloads\ch552-turbo-fan-ctrl\src\temp_sensor.c:81: bool TempController_update(TempController* tc) {
                                   1563 ;	-----------------------------------------
                                   1564 ;	 function TempController_update
                                   1565 ;	-----------------------------------------
      000588                       1566 _TempController_update:
      000588 AF F0            [24] 1567 	mov	r7,b
      00058A AE 83            [24] 1568 	mov	r6,dph
      00058C E5 82            [12] 1569 	mov	a,dpl
      00058E 90r00r21         [24] 1570 	mov	dptr,#_TempController_update_tc_65536_202
      000591 F0               [24] 1571 	movx	@dptr,a
      000592 EE               [12] 1572 	mov	a,r6
      000593 A3               [24] 1573 	inc	dptr
      000594 F0               [24] 1574 	movx	@dptr,a
      000595 EF               [12] 1575 	mov	a,r7
      000596 A3               [24] 1576 	inc	dptr
      000597 F0               [24] 1577 	movx	@dptr,a
                                   1578 ;	C:\Users\tonyp\Downloads\ch552-turbo-fan-ctrl\src\temp_sensor.c:82: if (!tc->sensor_ready) {
      000598 90r00r21         [24] 1579 	mov	dptr,#_TempController_update_tc_65536_202
      00059B E0               [24] 1580 	movx	a,@dptr
      00059C FD               [12] 1581 	mov	r5,a
      00059D A3               [24] 1582 	inc	dptr
      00059E E0               [24] 1583 	movx	a,@dptr
      00059F FE               [12] 1584 	mov	r6,a
      0005A0 A3               [24] 1585 	inc	dptr
      0005A1 E0               [24] 1586 	movx	a,@dptr
      0005A2 FF               [12] 1587 	mov	r7,a
      0005A3 74 0E            [12] 1588 	mov	a,#0x0e
      0005A5 2D               [12] 1589 	add	a,r5
      0005A6 FA               [12] 1590 	mov	r2,a
      0005A7 E4               [12] 1591 	clr	a
      0005A8 3E               [12] 1592 	addc	a,r6
      0005A9 FB               [12] 1593 	mov	r3,a
      0005AA 8F 04            [24] 1594 	mov	ar4,r7
      0005AC 8A 82            [24] 1595 	mov	dpl,r2
      0005AE 8B 83            [24] 1596 	mov	dph,r3
      0005B0 8C F0            [24] 1597 	mov	b,r4
      0005B2 12r00r00         [24] 1598 	lcall	__gptrget
                                   1599 ;	C:\Users\tonyp\Downloads\ch552-turbo-fan-ctrl\src\temp_sensor.c:83: return false;
      0005B5 70 03            [24] 1600 	jnz	00102$
      0005B7 F5 82            [12] 1601 	mov	dpl,a
      0005B9 22               [24] 1602 	ret
      0005BA                       1603 00102$:
                                   1604 ;	C:\Users\tonyp\Downloads\ch552-turbo-fan-ctrl\src\temp_sensor.c:93: float temp = DS18B20_readTemperatureFast(tc->tempSensor);
      0005BA 8D 82            [24] 1605 	mov	dpl,r5
      0005BC 8E 83            [24] 1606 	mov	dph,r6
      0005BE 8F F0            [24] 1607 	mov	b,r7
      0005C0 12r00r00         [24] 1608 	lcall	__gptrget
      0005C3 FA               [12] 1609 	mov	r2,a
      0005C4 A3               [24] 1610 	inc	dptr
      0005C5 12r00r00         [24] 1611 	lcall	__gptrget
      0005C8 FB               [12] 1612 	mov	r3,a
      0005C9 A3               [24] 1613 	inc	dptr
      0005CA 12r00r00         [24] 1614 	lcall	__gptrget
      0005CD FC               [12] 1615 	mov	r4,a
      0005CE 8A 82            [24] 1616 	mov	dpl,r2
      0005D0 8B 83            [24] 1617 	mov	dph,r3
      0005D2 8C F0            [24] 1618 	mov	b,r4
      0005D4 C0 07            [24] 1619 	push	ar7
      0005D6 C0 06            [24] 1620 	push	ar6
      0005D8 C0 05            [24] 1621 	push	ar5
      0005DA 12r00r00         [24] 1622 	lcall	_DS18B20_readTemperatureFast
      0005DD 85 82*0A         [24] 1623 	mov	_TempController_update_sloc0_1_0,dpl
      0005E0 85 83*0B         [24] 1624 	mov	(_TempController_update_sloc0_1_0 + 1),dph
      0005E3 85 F0*0C         [24] 1625 	mov	(_TempController_update_sloc0_1_0 + 2),b
      0005E6 F5*0D            [12] 1626 	mov	(_TempController_update_sloc0_1_0 + 3),a
                                   1627 ;	C:\Users\tonyp\Downloads\ch552-turbo-fan-ctrl\src\temp_sensor.c:95: if (temp == -999.0) {
      0005E8 E4               [12] 1628 	clr	a
      0005E9 C0 E0            [24] 1629 	push	acc
      0005EB 74 C0            [12] 1630 	mov	a,#0xc0
      0005ED C0 E0            [24] 1631 	push	acc
      0005EF 74 79            [12] 1632 	mov	a,#0x79
      0005F1 C0 E0            [24] 1633 	push	acc
      0005F3 74 C4            [12] 1634 	mov	a,#0xc4
      0005F5 C0 E0            [24] 1635 	push	acc
      0005F7 85*0A 82         [24] 1636 	mov	dpl,_TempController_update_sloc0_1_0
      0005FA 85*0B 83         [24] 1637 	mov	dph,(_TempController_update_sloc0_1_0 + 1)
      0005FD 85*0C F0         [24] 1638 	mov	b,(_TempController_update_sloc0_1_0 + 2)
      000600 E5*0D            [12] 1639 	mov	a,(_TempController_update_sloc0_1_0 + 3)
      000602 12r00r00         [24] 1640 	lcall	___fseq
      000605 A8 82            [24] 1641 	mov	r0,dpl
      000607 E5 81            [12] 1642 	mov	a,sp
      000609 24 FC            [12] 1643 	add	a,#0xfc
      00060B F5 81            [12] 1644 	mov	sp,a
      00060D D0 05            [24] 1645 	pop	ar5
      00060F D0 06            [24] 1646 	pop	ar6
      000611 D0 07            [24] 1647 	pop	ar7
      000613 E8               [12] 1648 	mov	a,r0
      000614 60 04            [24] 1649 	jz	00104$
                                   1650 ;	C:\Users\tonyp\Downloads\ch552-turbo-fan-ctrl\src\temp_sensor.c:96: return false;
      000616 75 82 00         [24] 1651 	mov	dpl,#0x00
      000619 22               [24] 1652 	ret
      00061A                       1653 00104$:
                                   1654 ;	C:\Users\tonyp\Downloads\ch552-turbo-fan-ctrl\src\temp_sensor.c:99: tc->current_temp = temp;
      00061A 74 06            [12] 1655 	mov	a,#0x06
      00061C 2D               [12] 1656 	add	a,r5
      00061D F5*0E            [12] 1657 	mov	_TempController_update_sloc1_1_0,a
      00061F E4               [12] 1658 	clr	a
      000620 3E               [12] 1659 	addc	a,r6
      000621 F5*0F            [12] 1660 	mov	(_TempController_update_sloc1_1_0 + 1),a
      000623 8F*10            [24] 1661 	mov	(_TempController_update_sloc1_1_0 + 2),r7
      000625 85*0E 82         [24] 1662 	mov	dpl,_TempController_update_sloc1_1_0
      000628 85*0F 83         [24] 1663 	mov	dph,(_TempController_update_sloc1_1_0 + 1)
      00062B 85*10 F0         [24] 1664 	mov	b,(_TempController_update_sloc1_1_0 + 2)
      00062E E5*0A            [12] 1665 	mov	a,_TempController_update_sloc0_1_0
      000630 12r00r00         [24] 1666 	lcall	__gptrput
      000633 A3               [24] 1667 	inc	dptr
      000634 E5*0B            [12] 1668 	mov	a,(_TempController_update_sloc0_1_0 + 1)
      000636 12r00r00         [24] 1669 	lcall	__gptrput
      000639 A3               [24] 1670 	inc	dptr
      00063A E5*0C            [12] 1671 	mov	a,(_TempController_update_sloc0_1_0 + 2)
      00063C 12r00r00         [24] 1672 	lcall	__gptrput
      00063F A3               [24] 1673 	inc	dptr
      000640 E5*0D            [12] 1674 	mov	a,(_TempController_update_sloc0_1_0 + 3)
      000642 12r00r00         [24] 1675 	lcall	__gptrput
                                   1676 ;	C:\Users\tonyp\Downloads\ch552-turbo-fan-ctrl\src\temp_sensor.c:105: target_voltage = TempController_mapTempToVoltageLinear(tc->current_temp);
      000645 85*0A 82         [24] 1677 	mov	dpl,_TempController_update_sloc0_1_0
      000648 85*0B 83         [24] 1678 	mov	dph,(_TempController_update_sloc0_1_0 + 1)
      00064B 85*0C F0         [24] 1679 	mov	b,(_TempController_update_sloc0_1_0 + 2)
      00064E E5*0D            [12] 1680 	mov	a,(_TempController_update_sloc0_1_0 + 3)
      000650 C0 07            [24] 1681 	push	ar7
      000652 C0 06            [24] 1682 	push	ar6
      000654 C0 05            [24] 1683 	push	ar5
      000656 12r00r00         [24] 1684 	lcall	_TempController_mapTempToVoltageLinear
      000659 85 82*0A         [24] 1685 	mov	_TempController_update_sloc0_1_0,dpl
      00065C 85 83*0B         [24] 1686 	mov	(_TempController_update_sloc0_1_0 + 1),dph
      00065F 85 F0*0C         [24] 1687 	mov	(_TempController_update_sloc0_1_0 + 2),b
      000662 F5*0D            [12] 1688 	mov	(_TempController_update_sloc0_1_0 + 3),a
      000664 D0 05            [24] 1689 	pop	ar5
      000666 D0 06            [24] 1690 	pop	ar6
      000668 D0 07            [24] 1691 	pop	ar7
                                   1692 ;	C:\Users\tonyp\Downloads\ch552-turbo-fan-ctrl\src\temp_sensor.c:110: VoltageController_setVoltage(tc->voltCtrl, target_voltage);
      00066A 74 03            [12] 1693 	mov	a,#0x03
      00066C 2D               [12] 1694 	add	a,r5
      00066D F8               [12] 1695 	mov	r0,a
      00066E E4               [12] 1696 	clr	a
      00066F 3E               [12] 1697 	addc	a,r6
      000670 FB               [12] 1698 	mov	r3,a
      000671 8F 04            [24] 1699 	mov	ar4,r7
      000673 88 82            [24] 1700 	mov	dpl,r0
      000675 8B 83            [24] 1701 	mov	dph,r3
      000677 8C F0            [24] 1702 	mov	b,r4
      000679 12r00r00         [24] 1703 	lcall	__gptrget
      00067C F8               [12] 1704 	mov	r0,a
      00067D A3               [24] 1705 	inc	dptr
      00067E 12r00r00         [24] 1706 	lcall	__gptrget
      000681 FB               [12] 1707 	mov	r3,a
      000682 A3               [24] 1708 	inc	dptr
      000683 12r00r00         [24] 1709 	lcall	__gptrget
      000686 FC               [12] 1710 	mov	r4,a
      000687 90r00r00         [24] 1711 	mov	dptr,#_VoltageController_setVoltage_PARM_2
      00068A E5*0A            [12] 1712 	mov	a,_TempController_update_sloc0_1_0
      00068C F0               [24] 1713 	movx	@dptr,a
      00068D E5*0B            [12] 1714 	mov	a,(_TempController_update_sloc0_1_0 + 1)
      00068F A3               [24] 1715 	inc	dptr
      000690 F0               [24] 1716 	movx	@dptr,a
      000691 E5*0C            [12] 1717 	mov	a,(_TempController_update_sloc0_1_0 + 2)
      000693 A3               [24] 1718 	inc	dptr
      000694 F0               [24] 1719 	movx	@dptr,a
      000695 E5*0D            [12] 1720 	mov	a,(_TempController_update_sloc0_1_0 + 3)
      000697 A3               [24] 1721 	inc	dptr
      000698 F0               [24] 1722 	movx	@dptr,a
      000699 88 82            [24] 1723 	mov	dpl,r0
      00069B 8B 83            [24] 1724 	mov	dph,r3
      00069D 8C F0            [24] 1725 	mov	b,r4
      00069F C0 07            [24] 1726 	push	ar7
      0006A1 C0 06            [24] 1727 	push	ar6
      0006A3 C0 05            [24] 1728 	push	ar5
      0006A5 12r00r00         [24] 1729 	lcall	_VoltageController_setVoltage
      0006A8 D0 05            [24] 1730 	pop	ar5
      0006AA D0 06            [24] 1731 	pop	ar6
                                   1732 ;	C:\Users\tonyp\Downloads\ch552-turbo-fan-ctrl\src\temp_sensor.c:112: tc->target_rpm = TempController_mapTempToRPM(tc->current_temp);
      0006AC 74 0A            [12] 1733 	mov	a,#0x0a
      0006AE 2D               [12] 1734 	add	a,r5
      0006AF FD               [12] 1735 	mov	r5,a
      0006B0 E4               [12] 1736 	clr	a
      0006B1 3E               [12] 1737 	addc	a,r6
      0006B2 FE               [12] 1738 	mov	r6,a
      0006B3 85*0E 82         [24] 1739 	mov	dpl,_TempController_update_sloc1_1_0
      0006B6 85*0F 83         [24] 1740 	mov	dph,(_TempController_update_sloc1_1_0 + 1)
      0006B9 85*10 F0         [24] 1741 	mov	b,(_TempController_update_sloc1_1_0 + 2)
      0006BC 12r00r00         [24] 1742 	lcall	__gptrget
      0006BF F9               [12] 1743 	mov	r1,a
      0006C0 A3               [24] 1744 	inc	dptr
      0006C1 12r00r00         [24] 1745 	lcall	__gptrget
      0006C4 FA               [12] 1746 	mov	r2,a
      0006C5 A3               [24] 1747 	inc	dptr
      0006C6 12r00r00         [24] 1748 	lcall	__gptrget
      0006C9 FB               [12] 1749 	mov	r3,a
      0006CA A3               [24] 1750 	inc	dptr
      0006CB 12r00r00         [24] 1751 	lcall	__gptrget
      0006CE 89 82            [24] 1752 	mov	dpl,r1
      0006D0 8A 83            [24] 1753 	mov	dph,r2
      0006D2 8B F0            [24] 1754 	mov	b,r3
      0006D4 C0 06            [24] 1755 	push	ar6
      0006D6 C0 05            [24] 1756 	push	ar5
      0006D8 12r02rD4         [24] 1757 	lcall	_TempController_mapTempToRPM
      0006DB A9 82            [24] 1758 	mov	r1,dpl
      0006DD AA 83            [24] 1759 	mov	r2,dph
      0006DF AB F0            [24] 1760 	mov	r3,b
      0006E1 FC               [12] 1761 	mov	r4,a
      0006E2 D0 05            [24] 1762 	pop	ar5
      0006E4 D0 06            [24] 1763 	pop	ar6
      0006E6 D0 07            [24] 1764 	pop	ar7
      0006E8 8D 82            [24] 1765 	mov	dpl,r5
      0006EA 8E 83            [24] 1766 	mov	dph,r6
      0006EC 8F F0            [24] 1767 	mov	b,r7
      0006EE E9               [12] 1768 	mov	a,r1
      0006EF 12r00r00         [24] 1769 	lcall	__gptrput
      0006F2 A3               [24] 1770 	inc	dptr
      0006F3 EA               [12] 1771 	mov	a,r2
      0006F4 12r00r00         [24] 1772 	lcall	__gptrput
      0006F7 A3               [24] 1773 	inc	dptr
      0006F8 EB               [12] 1774 	mov	a,r3
      0006F9 12r00r00         [24] 1775 	lcall	__gptrput
      0006FC A3               [24] 1776 	inc	dptr
      0006FD EC               [12] 1777 	mov	a,r4
      0006FE 12r00r00         [24] 1778 	lcall	__gptrput
                                   1779 ;	C:\Users\tonyp\Downloads\ch552-turbo-fan-ctrl\src\temp_sensor.c:114: return true;
      000701 75 82 01         [24] 1780 	mov	dpl,#0x01
                                   1781 ;	C:\Users\tonyp\Downloads\ch552-turbo-fan-ctrl\src\temp_sensor.c:115: }
      000704 22               [24] 1782 	ret
                                   1783 ;------------------------------------------------------------
                                   1784 ;Allocation info for local variables in function 'TempController_isOverheat'
                                   1785 ;------------------------------------------------------------
                                   1786 ;tc                        Allocated with name '_TempController_isOverheat_tc_65536_208'
                                   1787 ;------------------------------------------------------------
                                   1788 ;	C:\Users\tonyp\Downloads\ch552-turbo-fan-ctrl\src\temp_sensor.c:117: bool TempController_isOverheat(const TempController* tc) {
                                   1789 ;	-----------------------------------------
                                   1790 ;	 function TempController_isOverheat
                                   1791 ;	-----------------------------------------
      000705                       1792 _TempController_isOverheat:
      000705 AF F0            [24] 1793 	mov	r7,b
      000707 AE 83            [24] 1794 	mov	r6,dph
      000709 E5 82            [12] 1795 	mov	a,dpl
      00070B 90r00r24         [24] 1796 	mov	dptr,#_TempController_isOverheat_tc_65536_208
      00070E F0               [24] 1797 	movx	@dptr,a
      00070F EE               [12] 1798 	mov	a,r6
      000710 A3               [24] 1799 	inc	dptr
      000711 F0               [24] 1800 	movx	@dptr,a
      000712 EF               [12] 1801 	mov	a,r7
      000713 A3               [24] 1802 	inc	dptr
      000714 F0               [24] 1803 	movx	@dptr,a
                                   1804 ;	C:\Users\tonyp\Downloads\ch552-turbo-fan-ctrl\src\temp_sensor.c:118: return (tc->current_temp >= TEMP_OVERHEAT);
      000715 90r00r24         [24] 1805 	mov	dptr,#_TempController_isOverheat_tc_65536_208
      000718 E0               [24] 1806 	movx	a,@dptr
      000719 FD               [12] 1807 	mov	r5,a
      00071A A3               [24] 1808 	inc	dptr
      00071B E0               [24] 1809 	movx	a,@dptr
      00071C FE               [12] 1810 	mov	r6,a
      00071D A3               [24] 1811 	inc	dptr
      00071E E0               [24] 1812 	movx	a,@dptr
      00071F FF               [12] 1813 	mov	r7,a
      000720 74 06            [12] 1814 	mov	a,#0x06
      000722 2D               [12] 1815 	add	a,r5
      000723 FD               [12] 1816 	mov	r5,a
      000724 E4               [12] 1817 	clr	a
      000725 3E               [12] 1818 	addc	a,r6
      000726 FE               [12] 1819 	mov	r6,a
      000727 8D 82            [24] 1820 	mov	dpl,r5
      000729 8E 83            [24] 1821 	mov	dph,r6
      00072B 8F F0            [24] 1822 	mov	b,r7
      00072D 12r00r00         [24] 1823 	lcall	__gptrget
      000730 FD               [12] 1824 	mov	r5,a
      000731 A3               [24] 1825 	inc	dptr
      000732 12r00r00         [24] 1826 	lcall	__gptrget
      000735 FE               [12] 1827 	mov	r6,a
      000736 A3               [24] 1828 	inc	dptr
      000737 12r00r00         [24] 1829 	lcall	__gptrget
      00073A FF               [12] 1830 	mov	r7,a
      00073B A3               [24] 1831 	inc	dptr
      00073C 12r00r00         [24] 1832 	lcall	__gptrget
      00073F FC               [12] 1833 	mov	r4,a
      000740 E4               [12] 1834 	clr	a
      000741 C0 E0            [24] 1835 	push	acc
      000743 C0 E0            [24] 1836 	push	acc
      000745 74 48            [12] 1837 	mov	a,#0x48
      000747 C0 E0            [24] 1838 	push	acc
      000749 74 42            [12] 1839 	mov	a,#0x42
      00074B C0 E0            [24] 1840 	push	acc
      00074D 8D 82            [24] 1841 	mov	dpl,r5
      00074F 8E 83            [24] 1842 	mov	dph,r6
      000751 8F F0            [24] 1843 	mov	b,r7
      000753 EC               [12] 1844 	mov	a,r4
      000754 12r00r00         [24] 1845 	lcall	___fslt
      000757 E5 81            [12] 1846 	mov	a,sp
      000759 24 FC            [12] 1847 	add	a,#0xfc
      00075B F5 81            [12] 1848 	mov	sp,a
      00075D E5 82            [12] 1849 	mov	a,dpl
      00075F 24 FF            [12] 1850 	add	a,#0xff
      000761 B3               [12] 1851 	cpl	c
      000762 92*01            [24] 1852 	mov	_TempController_isOverheat_sloc0_1_0,c
      000764 E4               [12] 1853 	clr	a
      000765 33               [12] 1854 	rlc	a
      000766 F5 82            [12] 1855 	mov	dpl,a
                                   1856 ;	C:\Users\tonyp\Downloads\ch552-turbo-fan-ctrl\src\temp_sensor.c:119: }
      000768 22               [24] 1857 	ret
                                   1858 ;------------------------------------------------------------
                                   1859 ;Allocation info for local variables in function 'TempController_getTemperature'
                                   1860 ;------------------------------------------------------------
                                   1861 ;tc                        Allocated with name '_TempController_getTemperature_tc_65536_210'
                                   1862 ;------------------------------------------------------------
                                   1863 ;	C:\Users\tonyp\Downloads\ch552-turbo-fan-ctrl\src\temp_sensor.c:121: float TempController_getTemperature(const TempController* tc) {
                                   1864 ;	-----------------------------------------
                                   1865 ;	 function TempController_getTemperature
                                   1866 ;	-----------------------------------------
      000769                       1867 _TempController_getTemperature:
      000769 AF F0            [24] 1868 	mov	r7,b
      00076B AE 83            [24] 1869 	mov	r6,dph
      00076D E5 82            [12] 1870 	mov	a,dpl
      00076F 90r00r27         [24] 1871 	mov	dptr,#_TempController_getTemperature_tc_65536_210
      000772 F0               [24] 1872 	movx	@dptr,a
      000773 EE               [12] 1873 	mov	a,r6
      000774 A3               [24] 1874 	inc	dptr
      000775 F0               [24] 1875 	movx	@dptr,a
      000776 EF               [12] 1876 	mov	a,r7
      000777 A3               [24] 1877 	inc	dptr
      000778 F0               [24] 1878 	movx	@dptr,a
                                   1879 ;	C:\Users\tonyp\Downloads\ch552-turbo-fan-ctrl\src\temp_sensor.c:122: return tc->current_temp;
      000779 90r00r27         [24] 1880 	mov	dptr,#_TempController_getTemperature_tc_65536_210
      00077C E0               [24] 1881 	movx	a,@dptr
      00077D FD               [12] 1882 	mov	r5,a
      00077E A3               [24] 1883 	inc	dptr
      00077F E0               [24] 1884 	movx	a,@dptr
      000780 FE               [12] 1885 	mov	r6,a
      000781 A3               [24] 1886 	inc	dptr
      000782 E0               [24] 1887 	movx	a,@dptr
      000783 FF               [12] 1888 	mov	r7,a
      000784 74 06            [12] 1889 	mov	a,#0x06
      000786 2D               [12] 1890 	add	a,r5
      000787 FD               [12] 1891 	mov	r5,a
      000788 E4               [12] 1892 	clr	a
      000789 3E               [12] 1893 	addc	a,r6
      00078A FE               [12] 1894 	mov	r6,a
      00078B 8D 82            [24] 1895 	mov	dpl,r5
      00078D 8E 83            [24] 1896 	mov	dph,r6
      00078F 8F F0            [24] 1897 	mov	b,r7
      000791 12r00r00         [24] 1898 	lcall	__gptrget
      000794 FD               [12] 1899 	mov	r5,a
      000795 A3               [24] 1900 	inc	dptr
      000796 12r00r00         [24] 1901 	lcall	__gptrget
      000799 FE               [12] 1902 	mov	r6,a
      00079A A3               [24] 1903 	inc	dptr
      00079B 12r00r00         [24] 1904 	lcall	__gptrget
      00079E FF               [12] 1905 	mov	r7,a
      00079F A3               [24] 1906 	inc	dptr
      0007A0 12r00r00         [24] 1907 	lcall	__gptrget
      0007A3 8D 82            [24] 1908 	mov	dpl,r5
      0007A5 8E 83            [24] 1909 	mov	dph,r6
      0007A7 8F F0            [24] 1910 	mov	b,r7
                                   1911 ;	C:\Users\tonyp\Downloads\ch552-turbo-fan-ctrl\src\temp_sensor.c:123: }
      0007A9 22               [24] 1912 	ret
                                   1913 ;------------------------------------------------------------
                                   1914 ;Allocation info for local variables in function 'TempController_getTargetRPM'
                                   1915 ;------------------------------------------------------------
                                   1916 ;tc                        Allocated with name '_TempController_getTargetRPM_tc_65536_212'
                                   1917 ;------------------------------------------------------------
                                   1918 ;	C:\Users\tonyp\Downloads\ch552-turbo-fan-ctrl\src\temp_sensor.c:125: uint32_t TempController_getTargetRPM(const TempController* tc) {
                                   1919 ;	-----------------------------------------
                                   1920 ;	 function TempController_getTargetRPM
                                   1921 ;	-----------------------------------------
      0007AA                       1922 _TempController_getTargetRPM:
      0007AA AF F0            [24] 1923 	mov	r7,b
      0007AC AE 83            [24] 1924 	mov	r6,dph
      0007AE E5 82            [12] 1925 	mov	a,dpl
      0007B0 90r00r2A         [24] 1926 	mov	dptr,#_TempController_getTargetRPM_tc_65536_212
      0007B3 F0               [24] 1927 	movx	@dptr,a
      0007B4 EE               [12] 1928 	mov	a,r6
      0007B5 A3               [24] 1929 	inc	dptr
      0007B6 F0               [24] 1930 	movx	@dptr,a
      0007B7 EF               [12] 1931 	mov	a,r7
      0007B8 A3               [24] 1932 	inc	dptr
      0007B9 F0               [24] 1933 	movx	@dptr,a
                                   1934 ;	C:\Users\tonyp\Downloads\ch552-turbo-fan-ctrl\src\temp_sensor.c:126: return tc->target_rpm;
      0007BA 90r00r2A         [24] 1935 	mov	dptr,#_TempController_getTargetRPM_tc_65536_212
      0007BD E0               [24] 1936 	movx	a,@dptr
      0007BE FD               [12] 1937 	mov	r5,a
      0007BF A3               [24] 1938 	inc	dptr
      0007C0 E0               [24] 1939 	movx	a,@dptr
      0007C1 FE               [12] 1940 	mov	r6,a
      0007C2 A3               [24] 1941 	inc	dptr
      0007C3 E0               [24] 1942 	movx	a,@dptr
      0007C4 FF               [12] 1943 	mov	r7,a
      0007C5 74 0A            [12] 1944 	mov	a,#0x0a
      0007C7 2D               [12] 1945 	add	a,r5
      0007C8 FD               [12] 1946 	mov	r5,a
      0007C9 E4               [12] 1947 	clr	a
      0007CA 3E               [12] 1948 	addc	a,r6
      0007CB FE               [12] 1949 	mov	r6,a
      0007CC 8D 82            [24] 1950 	mov	dpl,r5
      0007CE 8E 83            [24] 1951 	mov	dph,r6
      0007D0 8F F0            [24] 1952 	mov	b,r7
      0007D2 12r00r00         [24] 1953 	lcall	__gptrget
      0007D5 FD               [12] 1954 	mov	r5,a
      0007D6 A3               [24] 1955 	inc	dptr
      0007D7 12r00r00         [24] 1956 	lcall	__gptrget
      0007DA FE               [12] 1957 	mov	r6,a
      0007DB A3               [24] 1958 	inc	dptr
      0007DC 12r00r00         [24] 1959 	lcall	__gptrget
      0007DF FF               [12] 1960 	mov	r7,a
      0007E0 A3               [24] 1961 	inc	dptr
      0007E1 12r00r00         [24] 1962 	lcall	__gptrget
      0007E4 8D 82            [24] 1963 	mov	dpl,r5
      0007E6 8E 83            [24] 1964 	mov	dph,r6
      0007E8 8F F0            [24] 1965 	mov	b,r7
                                   1966 ;	C:\Users\tonyp\Downloads\ch552-turbo-fan-ctrl\src\temp_sensor.c:127: }
      0007EA 22               [24] 1967 	ret
                                   1968 ;------------------------------------------------------------
                                   1969 ;Allocation info for local variables in function 'TempController_isReady'
                                   1970 ;------------------------------------------------------------
                                   1971 ;tc                        Allocated with name '_TempController_isReady_tc_65536_214'
                                   1972 ;------------------------------------------------------------
                                   1973 ;	C:\Users\tonyp\Downloads\ch552-turbo-fan-ctrl\src\temp_sensor.c:129: bool TempController_isReady(const TempController* tc) {
                                   1974 ;	-----------------------------------------
                                   1975 ;	 function TempController_isReady
                                   1976 ;	-----------------------------------------
      0007EB                       1977 _TempController_isReady:
      0007EB AF F0            [24] 1978 	mov	r7,b
      0007ED AE 83            [24] 1979 	mov	r6,dph
      0007EF E5 82            [12] 1980 	mov	a,dpl
      0007F1 90r00r2D         [24] 1981 	mov	dptr,#_TempController_isReady_tc_65536_214
      0007F4 F0               [24] 1982 	movx	@dptr,a
      0007F5 EE               [12] 1983 	mov	a,r6
      0007F6 A3               [24] 1984 	inc	dptr
      0007F7 F0               [24] 1985 	movx	@dptr,a
      0007F8 EF               [12] 1986 	mov	a,r7
      0007F9 A3               [24] 1987 	inc	dptr
      0007FA F0               [24] 1988 	movx	@dptr,a
                                   1989 ;	C:\Users\tonyp\Downloads\ch552-turbo-fan-ctrl\src\temp_sensor.c:130: return tc->sensor_ready;
      0007FB 90r00r2D         [24] 1990 	mov	dptr,#_TempController_isReady_tc_65536_214
      0007FE E0               [24] 1991 	movx	a,@dptr
      0007FF FD               [12] 1992 	mov	r5,a
      000800 A3               [24] 1993 	inc	dptr
      000801 E0               [24] 1994 	movx	a,@dptr
      000802 FE               [12] 1995 	mov	r6,a
      000803 A3               [24] 1996 	inc	dptr
      000804 E0               [24] 1997 	movx	a,@dptr
      000805 FF               [12] 1998 	mov	r7,a
      000806 74 0E            [12] 1999 	mov	a,#0x0e
      000808 2D               [12] 2000 	add	a,r5
      000809 FD               [12] 2001 	mov	r5,a
      00080A E4               [12] 2002 	clr	a
      00080B 3E               [12] 2003 	addc	a,r6
      00080C FE               [12] 2004 	mov	r6,a
      00080D 8D 82            [24] 2005 	mov	dpl,r5
      00080F 8E 83            [24] 2006 	mov	dph,r6
      000811 8F F0            [24] 2007 	mov	b,r7
      000813 12r00r00         [24] 2008 	lcall	__gptrget
                                   2009 ;	C:\Users\tonyp\Downloads\ch552-turbo-fan-ctrl\src\temp_sensor.c:131: }
      000816 F5 82            [12] 2010 	mov	dpl,a
      000818 22               [24] 2011 	ret
                                   2012 	.area CSEG    (CODE)
                                   2013 	.area CONST   (CODE)
                                   2014 	.area XINIT   (CODE)
                                   2015 	.area CABS    (ABS,CODE)
